-- phpMyAdmin SQL Dump
-- version 4.8.3
-- https://www.phpmyadmin.net/
--
-- Servidor: 127.0.0.1
-- Tiempo de generación: 19-11-2018 a las 20:25:45
-- Versión del servidor: 10.1.35-MariaDB
-- Versión de PHP: 7.2.9

SET SQL_MODE = "NO_AUTO_VALUE_ON_ZERO";
SET AUTOCOMMIT = 0;
START TRANSACTION;
SET time_zone = "+00:00";


/*!40101 SET @OLD_CHARACTER_SET_CLIENT=@@CHARACTER_SET_CLIENT */;
/*!40101 SET @OLD_CHARACTER_SET_RESULTS=@@CHARACTER_SET_RESULTS */;
/*!40101 SET @OLD_COLLATION_CONNECTION=@@COLLATION_CONNECTION */;
/*!40101 SET NAMES utf8mb4 */;

--
-- Base de datos: `sillericos`
--

-- --------------------------------------------------------

--
-- Estructura de tabla para la tabla `categorias`
--

CREATE TABLE `categorias` (
  `idcategoria` int(11) NOT NULL,
  `nombre` varchar(50) COLLATE utf8_spanish_ci NOT NULL,
  `condicion` int(11) NOT NULL
) ENGINE=InnoDB DEFAULT CHARSET=utf8 COLLATE=utf8_spanish_ci;

--
-- Volcado de datos para la tabla `categorias`
--

INSERT INTO `categorias` (`idcategoria`, `nombre`, `condicion`) VALUES
(5, 'Trajes', 1),
(6, 'Camisas', 1),
(7, 'Pantalon', 1),
(8, 'Sport', 1),
(9, 'Corbatas', 1),
(10, 'Sacos', 1),
(11, 'Gato', 1),
(12, 'TV', 1),
(13, 'Categoria de prueba', 0),
(14, 'prueba categoria 1', 0),
(15, 'Sucursal de prueba', 1);

-- --------------------------------------------------------

--
-- Estructura de tabla para la tabla `color`
--

CREATE TABLE `color` (
  `idcolor` int(11) NOT NULL,
  `nombre` varchar(50) COLLATE utf8_spanish_ci NOT NULL,
  `estado` int(11) NOT NULL
) ENGINE=InnoDB DEFAULT CHARSET=utf8 COLLATE=utf8_spanish_ci;

--
-- Volcado de datos para la tabla `color`
--

INSERT INTO `color` (`idcolor`, `nombre`, `estado`) VALUES
(1, 'Marengo', 1),
(2, 'Azul', 1),
(3, 'Rosado', 1),
(4, 'Rosado', 1),
(5, 'Plata', 1);

-- --------------------------------------------------------

--
-- Estructura de tabla para la tabla `migrations`
--

CREATE TABLE `migrations` (
  `migration` varchar(255) COLLATE utf8_unicode_ci NOT NULL,
  `batch` int(11) NOT NULL
) ENGINE=InnoDB DEFAULT CHARSET=utf8 COLLATE=utf8_unicode_ci;

--
-- Volcado de datos para la tabla `migrations`
--

INSERT INTO `migrations` (`migration`, `batch`) VALUES
('2014_10_12_000000_create_users_table', 1),
('2014_10_12_100000_create_password_resets_table', 1);

-- --------------------------------------------------------

--
-- Estructura de tabla para la tabla `movimientos`
--

CREATE TABLE `movimientos` (
  `idmovimiento` int(11) NOT NULL,
  `idproducto` int(11) NOT NULL,
  `idSucOrigen` int(11) NOT NULL,
  `idSucDestino` int(11) NOT NULL,
  `fecha` date NOT NULL
) ENGINE=InnoDB DEFAULT CHARSET=utf8 COLLATE=utf8_spanish_ci;

--
-- Volcado de datos para la tabla `movimientos`
--

INSERT INTO `movimientos` (`idmovimiento`, `idproducto`, `idSucOrigen`, `idSucDestino`, `fecha`) VALUES
(5, 2, 1, 1, '0000-00-00'),
(6, 2, 1, 1, '0000-00-00'),
(10, 2, 1, 2, '0000-00-00'),
(11, 5, 3, 4, '0000-00-00');

-- --------------------------------------------------------

--
-- Estructura de tabla para la tabla `password_resets`
--

CREATE TABLE `password_resets` (
  `email` varchar(255) COLLATE utf8_unicode_ci NOT NULL,
  `token` varchar(255) COLLATE utf8_unicode_ci NOT NULL,
  `created_at` timestamp NOT NULL DEFAULT CURRENT_TIMESTAMP ON UPDATE CURRENT_TIMESTAMP
) ENGINE=InnoDB DEFAULT CHARSET=utf8 COLLATE=utf8_unicode_ci;

-- --------------------------------------------------------

--
-- Estructura de tabla para la tabla `productos`
--

CREATE TABLE `productos` (
  `idproducto` int(11) NOT NULL,
  `fechaCod` date NOT NULL,
  `codigo` varchar(15) CHARACTER SET latin1 NOT NULL,
  `idtalla` int(11) NOT NULL,
  `idtela` int(11) NOT NULL,
  `precio` decimal(11,2) NOT NULL,
  `idcolor` int(11) NOT NULL,
  `idcategoria` int(11) NOT NULL,
  `idsucursal` int(11) NOT NULL,
  `estado` int(11) NOT NULL,
  `descripcion` text CHARACTER SET latin1 NOT NULL
) ENGINE=InnoDB DEFAULT CHARSET=utf8 COLLATE=utf8_spanish_ci;

--
-- Volcado de datos para la tabla `productos`
--

INSERT INTO `productos` (`idproducto`, `fechaCod`, `codigo`, `idtalla`, `idtela`, `precio`, `idcolor`, `idcategoria`, `idsucursal`, `estado`, `descripcion`) VALUES
(1, '2018-06-01', 'ptl-0002', 4, 1, '1220.00', 4, 5, 4, 0, ''),
(2, '2018-07-01', '8', 1, 5, '100.00', 1, 7, 2, 0, ''),
(3, '2018-07-01', '9', 1, 5, '100.00', 1, 7, 3, 0, ''),
(4, '2018-07-01', '10', 1, 5, '100.00', 1, 7, 3, 2, ''),
(5, '2018-07-01', '11', 1, 5, '100.00', 1, 7, 4, 2, ''),
(6, '2018-07-01', '12', 1, 5, '100.00', 1, 7, 3, 1, ''),
(7, '2018-07-01', '13', 1, 5, '100.00', 1, 7, 3, 1, ''),
(8, '2018-07-01', '14', 1, 5, '100.00', 1, 7, 3, 1, ''),
(19, '2017-10-29', '100', 5, 4, '4711.00', 5, 9, 2, 1, ''),
(20, '2018-02-23', '101', 3, 6, '3442.00', 3, 6, 4, 2, ''),
(21, '2018-05-12', '102', 8, 16, '2883.00', 3, 6, 4, 1, ''),
(22, '2017-11-18', '103', 4, 19, '4617.00', 4, 8, 2, 1, ''),
(23, '2018-01-17', '104', 5, 1, '2763.00', 4, 9, 1, 1, ''),
(24, '2019-03-11', '105', 5, 16, '3160.00', 1, 10, 2, 1, ''),
(25, '2019-01-28', '106', 3, 7, '4410.00', 5, 9, 3, 1, ''),
(26, '2019-06-06', '107', 12, 20, '3143.00', 3, 12, 3, 1, ''),
(27, '2018-07-30', '108', 6, 2, '4781.00', 1, 10, 2, 1, ''),
(28, '2018-10-01', '109', 6, 17, '4669.00', 4, 10, 1, 1, ''),
(29, '2018-10-20', '110', 2, 10, '2208.00', 4, 7, 4, 1, ''),
(30, '2019-07-27', '111', 2, 21, '4972.00', 1, 8, 4, 1, ''),
(31, '2017-11-12', '112', 5, 8, '2934.00', 3, 7, 1, 1, ''),
(32, '2019-02-01', '113', 11, 18, '4522.00', 1, 10, 1, 1, ''),
(33, '2018-06-23', '114', 5, 3, '3182.00', 1, 7, 3, 1, ''),
(34, '2018-02-27', '115', 11, 19, '2571.00', 1, 8, 1, 1, ''),
(35, '2019-07-18', '116', 6, 19, '1367.00', 3, 7, 4, 1, ''),
(36, '2017-12-29', '117', 7, 16, '3901.00', 3, 5, 1, 1, ''),
(37, '2018-01-15', '118', 5, 12, '1018.00', 1, 11, 1, 1, ''),
(38, '2018-11-26', '119', 12, 3, '1458.00', 2, 8, 3, 1, ''),
(39, '2019-05-04', '120', 4, 12, '4787.00', 3, 8, 3, 1, ''),
(40, '2018-06-25', '121', 10, 7, '2094.00', 2, 7, 2, 1, ''),
(41, '2018-05-31', '122', 2, 3, '1022.00', 5, 8, 2, 1, ''),
(42, '2018-08-05', '123', 11, 1, '3722.00', 1, 5, 1, 1, ''),
(43, '2019-06-09', '124', 2, 4, '3793.00', 2, 12, 1, 1, ''),
(44, '2018-05-24', '125', 5, 4, '3529.00', 1, 12, 2, 1, ''),
(45, '2017-12-08', '126', 3, 16, '4552.00', 2, 7, 2, 1, ''),
(46, '2018-08-26', '127', 2, 5, '3338.00', 5, 11, 2, 1, ''),
(47, '2019-03-12', '128', 7, 11, '2134.00', 2, 12, 3, 1, ''),
(48, '2018-02-09', '129', 2, 17, '1743.00', 1, 8, 1, 1, ''),
(49, '2019-08-20', '130', 10, 17, '3989.00', 2, 8, 2, 1, ''),
(50, '2019-09-13', '131', 6, 19, '3054.00', 5, 9, 2, 1, ''),
(51, '2018-05-21', '132', 5, 22, '4280.00', 3, 10, 1, 1, ''),
(52, '2018-10-04', '133', 2, 15, '2350.00', 2, 5, 1, 1, ''),
(53, '2018-06-25', '134', 11, 7, '4096.00', 4, 10, 3, 1, ''),
(54, '2019-08-31', '135', 2, 16, '3105.00', 5, 6, 1, 1, ''),
(55, '2019-06-19', '136', 9, 20, '3328.00', 2, 9, 3, 1, ''),
(56, '2019-01-17', '137', 2, 2, '3910.00', 3, 9, 2, 1, ''),
(57, '2018-08-10', '138', 7, 10, '1769.00', 3, 5, 3, 1, ''),
(58, '2018-06-24', '139', 2, 3, '1881.00', 3, 8, 3, 1, ''),
(59, '2019-05-14', '140', 8, 21, '1036.00', 1, 10, 1, 1, ''),
(60, '2018-04-08', '141', 5, 9, '2429.00', 1, 7, 1, 1, ''),
(61, '2018-12-11', '142', 11, 3, '3618.00', 4, 9, 4, 1, ''),
(62, '2018-06-22', '143', 12, 12, '3081.00', 5, 5, 2, 1, ''),
(63, '2019-02-26', '144', 11, 9, '3314.00', 4, 6, 1, 1, ''),
(64, '2018-04-13', '145', 8, 3, '3529.00', 3, 11, 3, 1, ''),
(65, '2019-03-28', '146', 10, 21, '3539.00', 4, 12, 2, 1, ''),
(66, '2019-04-21', '147', 7, 19, '1606.00', 5, 12, 1, 1, ''),
(67, '2019-04-28', '148', 5, 10, '3919.00', 4, 7, 2, 1, ''),
(68, '2018-04-24', '149', 2, 10, '4782.00', 5, 10, 1, 1, ''),
(69, '2019-02-15', '150', 3, 11, '4775.00', 4, 6, 3, 1, ''),
(70, '2019-07-26', '151', 5, 13, '2916.00', 4, 11, 4, 1, ''),
(71, '2018-08-10', '152', 10, 5, '4047.00', 4, 5, 3, 1, ''),
(72, '2018-01-27', '153', 3, 8, '3632.00', 5, 6, 2, 1, ''),
(73, '2019-07-29', '154', 7, 16, '2017.00', 4, 8, 2, 1, ''),
(74, '2018-02-28', '155', 10, 9, '3769.00', 4, 11, 3, 1, ''),
(75, '2017-11-30', '156', 9, 16, '1983.00', 2, 8, 2, 1, ''),
(76, '2019-08-07', '157', 9, 18, '3383.00', 1, 7, 2, 1, ''),
(77, '2018-03-21', '158', 4, 6, '3838.00', 5, 11, 1, 1, ''),
(78, '2019-07-06', '159', 11, 15, '1427.00', 2, 11, 4, 1, ''),
(79, '2018-11-15', '160', 4, 18, '3379.00', 3, 7, 2, 1, ''),
(80, '2017-11-04', '161', 2, 23, '1723.00', 2, 10, 3, 1, ''),
(81, '2019-02-20', '162', 11, 16, '4928.00', 2, 10, 1, 1, ''),
(82, '2019-06-27', '163', 4, 9, '2494.00', 3, 5, 3, 1, ''),
(83, '2019-08-29', '164', 2, 7, '1378.00', 2, 6, 2, 1, ''),
(84, '2018-12-07', '165', 11, 20, '4081.00', 1, 12, 3, 1, ''),
(85, '2019-07-01', '166', 7, 19, '1457.00', 3, 5, 1, 1, ''),
(86, '2019-08-01', '167', 3, 3, '1978.00', 2, 8, 2, 1, ''),
(87, '2019-05-07', '168', 12, 21, '3831.00', 2, 9, 4, 1, ''),
(88, '2017-12-20', '169', 8, 16, '4616.00', 2, 9, 2, 1, ''),
(89, '2018-09-21', '170', 2, 20, '3432.00', 2, 7, 4, 1, ''),
(90, '2017-09-25', '171', 12, 21, '3375.00', 5, 8, 3, 1, ''),
(91, '2019-03-26', '172', 7, 10, '1619.00', 2, 11, 4, 1, ''),
(92, '2018-12-16', '173', 3, 5, '4542.00', 4, 11, 1, 1, ''),
(93, '2017-10-23', '174', 3, 5, '2584.00', 2, 6, 2, 1, ''),
(94, '2018-12-14', '175', 6, 11, '2886.00', 2, 5, 3, 1, ''),
(95, '2019-08-04', '176', 6, 8, '4698.00', 2, 8, 3, 1, ''),
(96, '2018-01-03', '177', 10, 22, '2181.00', 5, 11, 1, 1, ''),
(97, '2017-11-13', '178', 5, 11, '2355.00', 2, 6, 3, 1, ''),
(98, '2019-03-06', '179', 10, 6, '2376.00', 2, 11, 1, 1, ''),
(99, '2018-12-20', '180', 4, 15, '4486.00', 1, 5, 1, 1, ''),
(100, '2018-09-03', '181', 10, 19, '4738.00', 3, 10, 2, 1, ''),
(101, '2019-05-15', '182', 7, 10, '2649.00', 5, 5, 1, 1, ''),
(102, '2019-05-24', '183', 9, 21, '2485.00', 4, 12, 3, 1, ''),
(103, '2018-02-20', '184', 7, 10, '3702.00', 2, 11, 2, 1, ''),
(104, '2019-01-25', '185', 12, 14, '1174.00', 3, 8, 4, 1, ''),
(105, '2018-03-21', '186', 10, 5, '1993.00', 4, 12, 2, 1, ''),
(106, '2019-04-05', '187', 7, 10, '2166.00', 5, 7, 2, 1, ''),
(107, '2017-11-25', '188', 12, 10, '1969.00', 4, 6, 4, 1, ''),
(108, '2018-05-12', '189', 7, 8, '1157.00', 1, 8, 4, 1, ''),
(109, '2017-12-06', '190', 12, 8, '2303.00', 2, 10, 1, 1, ''),
(110, '2019-05-14', '191', 5, 20, '1629.00', 5, 7, 4, 1, ''),
(111, '2018-03-01', '192', 10, 10, '4488.00', 5, 10, 2, 1, ''),
(112, '2018-04-29', '193', 2, 23, '2231.00', 5, 7, 3, 1, ''),
(113, '2019-04-19', '194', 9, 4, '1798.00', 5, 10, 3, 1, ''),
(114, '2018-04-29', '195', 6, 12, '4519.00', 2, 7, 2, 1, ''),
(115, '2017-12-20', '196', 6, 7, '2190.00', 2, 12, 1, 1, ''),
(116, '2018-03-03', '197', 3, 15, '4706.00', 1, 8, 4, 1, ''),
(117, '2017-12-17', '198', 6, 7, '2918.00', 1, 6, 4, 1, ''),
(118, '2019-07-04', '199', 4, 6, '1731.00', 4, 9, 3, 1, ''),
(119, '2018-06-13', '200', 6, 3, '1221.00', 5, 12, 3, 1, ''),
(120, '2018-06-21', '201', 7, 16, '2629.00', 3, 12, 2, 1, ''),
(121, '2018-05-28', '202', 6, 20, '4861.00', 1, 11, 1, 1, ''),
(122, '2018-02-02', '203', 7, 19, '3347.00', 5, 12, 2, 1, ''),
(123, '2019-04-26', '204', 4, 18, '4870.00', 5, 7, 2, 1, ''),
(124, '2018-09-22', '205', 4, 7, '4948.00', 3, 9, 1, 1, ''),
(125, '2019-07-11', '206', 2, 17, '2233.00', 4, 5, 4, 1, ''),
(126, '2018-07-01', '207', 6, 20, '3222.00', 4, 7, 2, 1, ''),
(127, '2019-03-08', '208', 2, 17, '1087.00', 1, 8, 4, 1, ''),
(128, '2018-02-09', '209', 11, 4, '1516.00', 1, 5, 1, 1, ''),
(129, '2018-05-11', '210', 8, 11, '1163.00', 5, 12, 1, 1, ''),
(130, '2019-05-29', '211', 10, 5, '2665.00', 4, 5, 4, 1, ''),
(131, '2018-05-01', '212', 9, 8, '4759.00', 1, 11, 4, 1, ''),
(132, '2019-04-26', '213', 3, 17, '2571.00', 5, 12, 1, 1, ''),
(133, '2019-05-26', '214', 7, 8, '4680.00', 5, 8, 3, 1, ''),
(134, '2017-11-12', '215', 6, 17, '2490.00', 2, 12, 4, 1, ''),
(135, '2019-05-12', '216', 11, 17, '2270.00', 3, 12, 3, 1, ''),
(136, '2019-05-28', '217', 2, 23, '1852.00', 4, 10, 1, 1, ''),
(137, '2019-04-12', '218', 11, 23, '1855.00', 5, 12, 3, 1, ''),
(138, '2018-12-29', '219', 7, 4, '4676.00', 2, 8, 1, 1, ''),
(139, '2017-11-14', '220', 9, 14, '4158.00', 3, 10, 3, 1, ''),
(140, '2018-06-06', '221', 9, 7, '1342.00', 4, 6, 2, 1, ''),
(141, '2018-03-21', '222', 5, 2, '4950.00', 4, 8, 1, 1, ''),
(142, '2019-02-04', '223', 11, 9, '1215.00', 1, 12, 2, 1, ''),
(143, '2018-08-20', '224', 7, 11, '3177.00', 1, 6, 2, 1, ''),
(144, '2019-04-04', '225', 10, 11, '3191.00', 5, 7, 1, 1, ''),
(145, '2018-02-19', '226', 11, 20, '3659.00', 3, 5, 2, 1, ''),
(146, '2017-09-21', '227', 5, 3, '2826.00', 3, 12, 4, 1, ''),
(147, '2018-09-13', '228', 11, 10, '1712.00', 2, 8, 1, 1, ''),
(148, '2017-10-15', '229', 9, 16, '1572.00', 4, 12, 4, 1, ''),
(149, '2019-06-29', '230', 3, 2, '4495.00', 4, 12, 1, 1, ''),
(150, '2018-05-17', '231', 8, 16, '3842.00', 1, 11, 3, 1, ''),
(151, '2018-04-15', '232', 4, 10, '1170.00', 2, 5, 1, 1, ''),
(152, '2019-02-05', '233', 9, 8, '4091.00', 1, 11, 4, 1, ''),
(153, '2018-08-10', '234', 8, 5, '4440.00', 1, 7, 3, 1, ''),
(154, '2018-11-10', '235', 6, 6, '4648.00', 5, 7, 1, 1, ''),
(155, '2019-04-17', '236', 11, 21, '2187.00', 4, 6, 3, 1, ''),
(156, '2019-01-10', '237', 4, 23, '2727.00', 1, 6, 2, 1, ''),
(157, '2019-05-31', '238', 9, 12, '2423.00', 3, 6, 3, 1, ''),
(158, '2018-04-03', '239', 5, 9, '2061.00', 1, 6, 1, 1, ''),
(159, '2018-05-02', '240', 6, 17, '1426.00', 2, 9, 3, 1, ''),
(160, '2018-10-28', '241', 10, 5, '2333.00', 1, 7, 4, 1, ''),
(161, '2018-03-15', '242', 5, 11, '2085.00', 2, 5, 3, 1, ''),
(162, '2017-12-27', '243', 7, 8, '3056.00', 3, 5, 1, 1, ''),
(163, '2017-12-21', '244', 3, 11, '4610.00', 1, 10, 2, 1, ''),
(164, '2018-10-28', '245', 9, 23, '1627.00', 5, 8, 4, 1, ''),
(165, '2017-11-19', '246', 3, 16, '2909.00', 5, 9, 4, 1, ''),
(166, '2018-03-30', '247', 10, 12, '1542.00', 3, 6, 3, 1, ''),
(167, '2019-01-03', '248', 5, 11, '3766.00', 1, 7, 1, 1, ''),
(168, '2019-06-24', '249', 4, 10, '1298.00', 3, 9, 4, 1, ''),
(169, '2019-06-12', '250', 6, 12, '3563.00', 2, 9, 2, 1, ''),
(170, '2019-02-03', '251', 9, 20, '1070.00', 1, 11, 2, 1, ''),
(171, '2019-03-18', '252', 6, 4, '2914.00', 2, 12, 3, 1, ''),
(172, '2017-11-08', '253', 5, 22, '2996.00', 1, 10, 1, 1, ''),
(173, '2018-07-04', '254', 10, 20, '4343.00', 5, 12, 1, 1, ''),
(174, '2018-09-16', '255', 3, 11, '3317.00', 4, 12, 1, 1, ''),
(175, '2019-03-11', '256', 10, 10, '2372.00', 5, 11, 3, 1, ''),
(176, '2019-07-16', '257', 5, 18, '1886.00', 1, 6, 4, 1, ''),
(177, '2019-08-07', '258', 6, 19, '2540.00', 3, 6, 2, 1, ''),
(178, '2018-07-04', '259', 12, 5, '4324.00', 2, 12, 4, 1, ''),
(179, '2019-06-15', '260', 7, 20, '2686.00', 5, 10, 2, 1, ''),
(180, '2019-05-02', '261', 5, 10, '1956.00', 1, 10, 3, 1, ''),
(181, '2019-08-18', '262', 7, 18, '3080.00', 1, 8, 2, 1, ''),
(182, '2018-12-24', '263', 10, 12, '4516.00', 3, 12, 1, 1, ''),
(183, '2018-04-17', '264', 3, 13, '3580.00', 3, 7, 2, 1, ''),
(184, '2018-05-08', '265', 9, 21, '1949.00', 1, 5, 2, 1, ''),
(185, '2019-04-19', '266', 8, 14, '2305.00', 1, 5, 2, 1, ''),
(186, '2017-12-30', '267', 2, 23, '3485.00', 1, 6, 1, 1, ''),
(187, '2019-06-28', '268', 2, 8, '1227.00', 4, 7, 1, 1, ''),
(188, '2018-01-01', '269', 6, 13, '3499.00', 5, 8, 3, 1, ''),
(189, '2018-12-02', '270', 5, 14, '4945.00', 2, 9, 1, 1, ''),
(190, '2018-03-07', '271', 5, 3, '3274.00', 3, 5, 4, 1, ''),
(191, '2019-08-14', '272', 2, 1, '1001.00', 5, 8, 4, 1, ''),
(192, '2017-11-09', '273', 3, 16, '2120.00', 4, 7, 1, 1, ''),
(193, '2019-02-25', '274', 6, 3, '2992.00', 2, 6, 4, 1, ''),
(194, '2018-10-01', '275', 6, 17, '2173.00', 2, 7, 1, 1, ''),
(195, '2018-01-06', '276', 8, 20, '3712.00', 2, 9, 2, 1, ''),
(196, '2019-01-14', '277', 6, 5, '3161.00', 1, 11, 2, 1, ''),
(197, '2018-11-29', '278', 2, 7, '3457.00', 3, 11, 1, 1, ''),
(198, '2019-02-19', '279', 9, 1, '2327.00', 3, 12, 2, 1, ''),
(199, '2018-05-05', '280', 7, 23, '2920.00', 4, 10, 2, 1, ''),
(200, '2018-10-13', '281', 11, 17, '3916.00', 2, 12, 2, 1, ''),
(201, '2018-06-06', '282', 7, 7, '3525.00', 3, 9, 3, 1, ''),
(202, '2019-05-25', '283', 2, 10, '1899.00', 1, 11, 1, 1, ''),
(203, '2018-05-30', '284', 7, 22, '1096.00', 4, 6, 1, 1, ''),
(204, '2019-02-27', '285', 2, 3, '2459.00', 3, 8, 1, 1, ''),
(205, '2018-12-26', '286', 6, 13, '1067.00', 5, 11, 2, 1, ''),
(206, '2018-06-22', '287', 3, 23, '2783.00', 4, 10, 4, 1, ''),
(207, '2019-03-21', '288', 11, 5, '4155.00', 2, 5, 1, 1, ''),
(208, '2018-08-31', '289', 2, 12, '2240.00', 1, 10, 3, 1, ''),
(209, '2019-09-12', '290', 6, 21, '2371.00', 3, 7, 3, 1, ''),
(210, '2019-09-10', '291', 5, 16, '1816.00', 4, 10, 1, 1, ''),
(211, '2018-11-24', '292', 11, 17, '1785.00', 3, 11, 3, 1, ''),
(212, '2019-02-01', '293', 2, 14, '3158.00', 4, 12, 2, 1, ''),
(213, '2019-08-27', '294', 8, 4, '3773.00', 4, 12, 3, 1, ''),
(214, '2019-07-30', '295', 7, 8, '1640.00', 5, 8, 4, 1, ''),
(215, '2019-05-05', '296', 4, 15, '4184.00', 2, 6, 4, 1, ''),
(216, '2017-12-23', '297', 9, 4, '2645.00', 3, 9, 1, 1, ''),
(217, '2019-09-08', '298', 5, 12, '3895.00', 4, 8, 3, 1, ''),
(218, '2017-09-20', '299', 11, 16, '2352.00', 2, 10, 2, 1, ''),
(219, '2019-02-12', '300', 2, 9, '2926.00', 2, 8, 1, 1, ''),
(220, '2018-06-23', '301', 5, 16, '4011.00', 1, 9, 2, 1, ''),
(221, '2017-11-19', '302', 12, 21, '2858.00', 1, 6, 2, 1, ''),
(222, '2018-07-31', '303', 12, 21, '1569.00', 1, 5, 1, 1, ''),
(223, '2019-05-07', '304', 12, 5, '1788.00', 5, 12, 4, 1, ''),
(224, '2017-12-01', '305', 11, 18, '1403.00', 4, 11, 3, 1, ''),
(225, '2019-01-16', '306', 8, 13, '2629.00', 5, 12, 4, 1, ''),
(226, '2019-06-22', '307', 4, 12, '1122.00', 1, 8, 3, 1, ''),
(227, '2018-01-15', '308', 5, 21, '2201.00', 4, 9, 3, 1, ''),
(228, '2017-10-04', '309', 2, 1, '4996.00', 5, 10, 4, 1, ''),
(229, '2018-10-18', '310', 7, 16, '4048.00', 4, 7, 4, 1, ''),
(230, '2018-07-08', '311', 6, 8, '2981.00', 4, 5, 4, 1, ''),
(231, '2018-02-19', '312', 11, 17, '4350.00', 4, 12, 3, 1, ''),
(232, '2018-01-19', '313', 10, 2, '4128.00', 2, 7, 4, 1, ''),
(233, '2019-07-24', '314', 4, 16, '4769.00', 1, 11, 3, 1, ''),
(234, '2019-07-05', '315', 8, 6, '2980.00', 4, 5, 4, 1, ''),
(235, '2019-02-26', '316', 8, 1, '3844.00', 1, 6, 1, 1, ''),
(236, '2019-05-16', '317', 2, 10, '3977.00', 5, 8, 3, 1, ''),
(237, '2019-01-28', '318', 11, 20, '1928.00', 2, 5, 3, 1, ''),
(238, '2018-03-31', '319', 12, 23, '3537.00', 3, 9, 3, 1, ''),
(239, '2018-07-08', '320', 2, 8, '1665.00', 5, 7, 1, 1, ''),
(240, '2018-07-02', '321', 10, 18, '4095.00', 4, 7, 1, 1, ''),
(241, '2018-07-21', '322', 4, 1, '1064.00', 3, 9, 2, 1, ''),
(242, '2018-08-24', '323', 6, 20, '2373.00', 5, 6, 3, 1, ''),
(243, '2018-06-24', '324', 11, 15, '3212.00', 2, 6, 4, 1, ''),
(244, '2018-07-29', '325', 4, 13, '2304.00', 3, 11, 4, 1, ''),
(245, '2019-05-19', '326', 10, 5, '2403.00', 4, 11, 2, 1, ''),
(246, '2019-09-09', '327', 11, 4, '4025.00', 3, 10, 4, 1, ''),
(247, '2017-09-26', '328', 5, 21, '4675.00', 3, 12, 2, 1, ''),
(248, '2018-11-09', '329', 10, 6, '1267.00', 4, 5, 2, 1, ''),
(249, '2019-07-21', '330', 11, 19, '4705.00', 5, 12, 2, 1, ''),
(250, '2018-09-16', '331', 3, 6, '2369.00', 5, 5, 1, 1, ''),
(251, '2018-09-02', '332', 9, 15, '4547.00', 2, 9, 4, 1, ''),
(252, '2019-02-12', '333', 7, 16, '2637.00', 1, 7, 4, 1, ''),
(253, '2018-12-20', '334', 10, 2, '3400.00', 5, 6, 2, 1, ''),
(254, '2018-10-23', '335', 10, 14, '1943.00', 5, 10, 1, 1, ''),
(255, '2019-03-21', '336', 11, 5, '4724.00', 5, 7, 3, 1, ''),
(256, '2017-11-17', '337', 10, 3, '4144.00', 1, 9, 4, 1, ''),
(257, '2018-04-30', '338', 11, 16, '4242.00', 5, 11, 4, 1, ''),
(258, '2018-07-20', '339', 7, 3, '4515.00', 5, 5, 1, 1, ''),
(259, '2018-06-15', '340', 8, 19, '4747.00', 3, 8, 4, 1, ''),
(260, '2019-08-21', '341', 9, 21, '1959.00', 4, 9, 4, 1, ''),
(261, '2018-04-12', '342', 11, 21, '4787.00', 2, 9, 4, 1, ''),
(262, '2018-10-29', '343', 8, 8, '4415.00', 4, 6, 4, 1, ''),
(263, '2017-11-03', '344', 2, 4, '3670.00', 2, 12, 4, 1, ''),
(264, '2018-09-12', '345', 3, 8, '2154.00', 3, 8, 3, 1, ''),
(265, '2019-03-29', '346', 12, 1, '1865.00', 2, 11, 1, 1, ''),
(266, '2018-08-20', '347', 7, 12, '2180.00', 1, 9, 1, 1, ''),
(267, '2018-06-14', '348', 5, 18, '3419.00', 2, 8, 2, 1, ''),
(268, '2019-03-22', '349', 10, 10, '3963.00', 3, 11, 1, 1, ''),
(269, '2018-04-29', '350', 6, 14, '3312.00', 4, 12, 4, 1, ''),
(270, '2017-11-23', '351', 11, 2, '4267.00', 4, 6, 3, 1, ''),
(271, '2018-10-11', '352', 7, 13, '2784.00', 3, 7, 4, 1, ''),
(272, '2019-08-26', '353', 2, 13, '3201.00', 5, 11, 3, 1, ''),
(273, '2018-03-06', '354', 9, 23, '1162.00', 5, 10, 1, 1, ''),
(274, '2018-03-13', '355', 2, 23, '4923.00', 5, 12, 4, 1, ''),
(275, '2019-04-10', '356', 2, 11, '2082.00', 3, 5, 2, 1, ''),
(276, '2019-07-19', '357', 7, 3, '2559.00', 1, 6, 2, 1, ''),
(277, '2019-03-23', '358', 4, 19, '2799.00', 1, 6, 1, 1, ''),
(278, '2018-05-29', '359', 6, 9, '2992.00', 5, 9, 4, 1, ''),
(279, '2017-11-07', '360', 9, 5, '4512.00', 3, 7, 1, 1, ''),
(280, '2018-12-09', '361', 11, 8, '2841.00', 4, 10, 2, 1, ''),
(281, '2018-12-30', '362', 2, 3, '4045.00', 4, 9, 1, 1, ''),
(282, '2017-12-30', '363', 4, 11, '3660.00', 4, 9, 2, 1, ''),
(283, '2018-02-09', '364', 9, 10, '2301.00', 1, 10, 3, 1, ''),
(284, '2017-12-16', '365', 2, 22, '1560.00', 5, 10, 2, 1, ''),
(285, '2019-05-04', '366', 6, 12, '1609.00', 2, 5, 1, 1, ''),
(286, '2019-05-05', '367', 8, 8, '1115.00', 1, 11, 1, 1, ''),
(287, '2018-02-07', '368', 11, 12, '4092.00', 5, 7, 3, 1, ''),
(288, '2017-10-06', '369', 5, 22, '3271.00', 3, 9, 2, 1, ''),
(289, '2017-10-30', '370', 12, 11, '3898.00', 3, 11, 2, 1, ''),
(290, '2018-08-15', '371', 11, 4, '3359.00', 2, 6, 1, 1, ''),
(291, '2018-07-20', '372', 6, 12, '4873.00', 1, 5, 1, 1, ''),
(292, '2018-04-11', '373', 3, 18, '1830.00', 3, 7, 4, 1, ''),
(293, '2018-06-05', '374', 4, 18, '2159.00', 4, 12, 4, 1, ''),
(294, '2018-06-15', '375', 3, 11, '4561.00', 5, 8, 2, 1, ''),
(295, '2019-01-18', '376', 9, 20, '3870.00', 3, 11, 2, 1, ''),
(296, '2018-06-29', '377', 10, 12, '1113.00', 4, 12, 1, 1, ''),
(297, '2019-08-09', '378', 9, 19, '2825.00', 5, 8, 2, 1, ''),
(298, '2018-09-02', '379', 8, 21, '3536.00', 4, 7, 3, 1, ''),
(299, '2018-10-10', '380', 12, 16, '1320.00', 1, 8, 2, 1, ''),
(300, '2018-01-16', '381', 5, 6, '2983.00', 1, 11, 4, 1, ''),
(301, '2018-10-17', '382', 12, 6, '3349.00', 1, 9, 4, 1, ''),
(302, '2018-02-08', '383', 7, 2, '3853.00', 2, 11, 2, 1, ''),
(303, '2018-06-03', '384', 6, 9, '1432.00', 4, 12, 1, 1, ''),
(304, '2018-11-13', '385', 10, 16, '4768.00', 5, 5, 2, 1, ''),
(305, '2019-02-13', '386', 5, 15, '3391.00', 5, 11, 2, 1, ''),
(306, '2017-12-24', '387', 11, 15, '2271.00', 3, 5, 1, 1, ''),
(307, '2018-06-13', '388', 11, 13, '3803.00', 1, 7, 1, 1, ''),
(308, '2018-06-07', '389', 10, 8, '1040.00', 3, 8, 4, 1, ''),
(309, '2018-04-27', '390', 2, 4, '4418.00', 5, 12, 1, 1, ''),
(310, '2018-01-20', '391', 12, 12, '4605.00', 5, 8, 4, 1, ''),
(311, '2018-04-30', '392', 12, 22, '2822.00', 3, 7, 2, 1, ''),
(312, '2018-01-05', '393', 6, 5, '2240.00', 1, 8, 2, 1, ''),
(313, '2018-04-14', '394', 5, 22, '3074.00', 3, 7, 2, 1, ''),
(314, '2017-11-01', '395', 5, 21, '1407.00', 2, 9, 2, 1, ''),
(315, '2019-01-20', '396', 3, 18, '4866.00', 1, 11, 3, 1, ''),
(316, '2018-09-03', '397', 9, 8, '4952.00', 4, 6, 3, 1, ''),
(317, '2019-05-26', '398', 7, 1, '2124.00', 1, 5, 4, 1, ''),
(318, '2019-03-04', '399', 2, 18, '2512.00', 2, 11, 4, 1, ''),
(319, '2018-11-28', '400', 2, 15, '2111.00', 5, 10, 1, 1, ''),
(320, '2018-12-10', '401', 3, 5, '3595.00', 4, 5, 4, 1, ''),
(321, '2019-08-03', '402', 10, 21, '1005.00', 1, 11, 1, 1, ''),
(322, '2018-08-27', '403', 9, 3, '4419.00', 4, 5, 2, 1, ''),
(323, '2019-01-23', '404', 11, 10, '2742.00', 2, 12, 1, 1, ''),
(324, '2019-09-13', '405', 9, 9, '3828.00', 3, 11, 3, 1, ''),
(325, '2018-05-07', '406', 7, 6, '2832.00', 4, 5, 1, 1, ''),
(326, '2018-06-13', '407', 6, 12, '1325.00', 3, 8, 3, 1, ''),
(327, '2019-07-07', '408', 2, 8, '4443.00', 5, 6, 1, 1, ''),
(328, '2017-12-10', '409', 7, 18, '1981.00', 2, 8, 4, 1, ''),
(329, '2019-05-09', '410', 4, 23, '2097.00', 4, 5, 4, 1, ''),
(330, '2019-03-01', '411', 10, 13, '2059.00', 1, 11, 1, 1, ''),
(331, '2019-05-05', '412', 11, 1, '1583.00', 4, 11, 3, 1, ''),
(332, '2017-11-08', '413', 2, 15, '4060.00', 1, 11, 4, 1, ''),
(333, '2018-07-07', '414', 4, 2, '4257.00', 5, 10, 3, 1, ''),
(334, '2018-02-14', '415', 6, 22, '3670.00', 5, 5, 1, 1, ''),
(335, '2018-04-06', '416', 4, 10, '2572.00', 5, 8, 1, 1, ''),
(336, '2017-11-07', '417', 10, 1, '2033.00', 1, 12, 3, 1, ''),
(337, '2019-07-02', '418', 12, 13, '4140.00', 1, 9, 3, 1, ''),
(338, '2018-01-02', '419', 11, 3, '3715.00', 2, 12, 3, 1, ''),
(339, '2018-01-29', '420', 8, 20, '1059.00', 5, 10, 2, 1, ''),
(340, '2018-04-22', '421', 12, 18, '2377.00', 3, 9, 2, 1, ''),
(341, '2018-12-17', '422', 7, 16, '2744.00', 1, 12, 1, 1, ''),
(342, '2018-03-09', '423', 5, 17, '1565.00', 3, 8, 1, 1, ''),
(343, '2017-12-04', '424', 3, 21, '3230.00', 1, 7, 3, 1, ''),
(344, '2018-09-29', '425', 6, 2, '3778.00', 2, 12, 3, 1, ''),
(345, '2019-08-29', '426', 10, 20, '4112.00', 2, 6, 1, 1, ''),
(346, '2018-07-03', '427', 4, 14, '2342.00', 5, 10, 2, 1, ''),
(347, '2018-07-24', '428', 10, 12, '4341.00', 1, 10, 2, 1, ''),
(348, '2019-05-09', '429', 7, 15, '2166.00', 3, 10, 3, 1, ''),
(349, '2019-06-15', '430', 4, 18, '2268.00', 2, 7, 3, 1, ''),
(350, '2019-04-10', '431', 8, 14, '3779.00', 5, 12, 3, 1, ''),
(351, '2018-09-13', '432', 4, 8, '1507.00', 2, 12, 4, 1, ''),
(352, '2019-06-24', '433', 12, 19, '1288.00', 5, 5, 4, 1, ''),
(353, '2017-11-06', '434', 5, 4, '3276.00', 2, 5, 3, 1, ''),
(354, '2019-01-06', '435', 9, 8, '1837.00', 3, 6, 1, 1, ''),
(355, '2019-06-12', '436', 9, 8, '3999.00', 4, 11, 4, 1, ''),
(356, '2017-11-11', '437', 4, 22, '2529.00', 4, 9, 1, 1, ''),
(357, '2018-08-24', '438', 11, 8, '2882.00', 1, 7, 2, 1, ''),
(358, '2017-11-10', '439', 6, 9, '3825.00', 3, 11, 1, 1, ''),
(359, '2018-06-06', '440', 3, 17, '2534.00', 2, 8, 1, 1, ''),
(360, '2019-01-23', '441', 3, 15, '1057.00', 1, 5, 3, 1, ''),
(361, '2018-12-24', '442', 8, 4, '2552.00', 2, 11, 3, 1, ''),
(362, '2017-09-20', '443', 6, 6, '4595.00', 4, 12, 4, 1, ''),
(363, '2017-12-28', '444', 2, 21, '2653.00', 4, 8, 3, 1, ''),
(364, '2018-03-24', '445', 12, 8, '3968.00', 5, 9, 1, 1, ''),
(365, '2018-11-01', '446', 11, 10, '2976.00', 1, 5, 4, 1, ''),
(366, '2019-05-07', '447', 2, 23, '1822.00', 5, 12, 1, 1, ''),
(367, '2019-05-17', '448', 2, 10, '1238.00', 1, 9, 4, 1, ''),
(368, '2018-09-20', '449', 11, 21, '1085.00', 3, 12, 4, 1, ''),
(369, '2018-02-02', '450', 3, 19, '4314.00', 5, 11, 2, 1, ''),
(370, '2018-09-09', '451', 2, 18, '3018.00', 2, 10, 3, 1, ''),
(371, '2018-12-13', '452', 10, 22, '1213.00', 2, 5, 4, 1, ''),
(372, '2018-05-10', '453', 12, 20, '2737.00', 3, 12, 2, 1, ''),
(373, '2019-03-20', '454', 3, 13, '3472.00', 3, 11, 1, 1, ''),
(374, '2019-06-26', '455', 6, 10, '3802.00', 2, 6, 4, 1, ''),
(375, '2018-11-04', '456', 9, 23, '2611.00', 1, 7, 4, 1, ''),
(376, '2019-02-10', '457', 10, 13, '1079.00', 1, 10, 2, 1, ''),
(377, '2019-02-13', '458', 5, 20, '2927.00', 4, 10, 2, 1, ''),
(378, '2018-04-29', '459', 7, 5, '3612.00', 2, 5, 4, 1, ''),
(379, '2018-05-26', '460', 11, 12, '3326.00', 4, 9, 2, 1, ''),
(380, '2019-09-18', '461', 7, 19, '4174.00', 5, 7, 1, 1, ''),
(381, '2018-10-09', '462', 8, 3, '4961.00', 1, 5, 4, 1, ''),
(382, '2018-10-02', '463', 11, 6, '1018.00', 2, 12, 2, 1, ''),
(383, '2019-04-16', '464', 9, 15, '3980.00', 3, 10, 1, 1, ''),
(384, '2018-07-31', '465', 3, 10, '3438.00', 3, 7, 4, 1, ''),
(385, '2018-09-06', '466', 7, 11, '2520.00', 2, 8, 1, 1, ''),
(386, '2019-04-25', '467', 8, 19, '2606.00', 5, 9, 3, 1, ''),
(387, '2017-12-15', '468', 9, 8, '1220.00', 5, 11, 1, 1, ''),
(388, '2018-12-06', '469', 10, 7, '4155.00', 5, 10, 2, 1, ''),
(389, '2017-12-23', '470', 11, 20, '4008.00', 4, 10, 4, 1, ''),
(390, '2018-09-18', '471', 8, 22, '2812.00', 4, 11, 2, 1, ''),
(391, '2019-08-27', '472', 6, 8, '1304.00', 3, 12, 3, 1, ''),
(392, '2019-05-03', '473', 5, 13, '1184.00', 2, 7, 4, 1, ''),
(393, '2019-09-06', '474', 10, 9, '2441.00', 3, 5, 3, 1, ''),
(394, '2019-07-16', '475', 5, 20, '3689.00', 5, 11, 4, 1, ''),
(395, '2019-07-21', '476', 12, 20, '1162.00', 4, 7, 4, 1, ''),
(396, '2018-06-21', '477', 8, 9, '4881.00', 4, 9, 1, 1, ''),
(397, '2018-03-31', '478', 12, 19, '1641.00', 1, 8, 3, 1, ''),
(398, '2019-08-21', '479', 12, 9, '4295.00', 2, 7, 3, 1, ''),
(399, '2019-06-05', '480', 12, 2, '1502.00', 2, 7, 3, 1, ''),
(400, '2019-05-25', '481', 9, 21, '3644.00', 5, 11, 3, 1, ''),
(401, '2017-10-24', '482', 2, 21, '4918.00', 5, 10, 2, 1, ''),
(402, '2017-10-12', '483', 2, 4, '4525.00', 1, 7, 1, 1, ''),
(403, '2018-11-13', '484', 3, 10, '4812.00', 5, 12, 4, 1, ''),
(404, '2017-11-18', '485', 3, 16, '3731.00', 4, 5, 3, 1, ''),
(405, '2018-07-09', '486', 11, 15, '1953.00', 3, 8, 4, 1, ''),
(406, '2018-06-30', '487', 12, 13, '4440.00', 4, 6, 2, 1, ''),
(407, '2018-07-31', '488', 3, 23, '4649.00', 5, 6, 4, 1, ''),
(408, '2017-11-01', '489', 4, 4, '4450.00', 1, 7, 1, 1, ''),
(409, '2018-04-08', '490', 5, 8, '1116.00', 5, 5, 2, 1, ''),
(410, '2019-07-21', '491', 6, 3, '1976.00', 2, 7, 4, 1, ''),
(411, '2017-12-07', '492', 2, 21, '1183.00', 4, 12, 1, 1, ''),
(412, '2018-03-14', '493', 7, 1, '4761.00', 3, 8, 2, 1, ''),
(413, '2017-11-23', '494', 3, 13, '1826.00', 2, 8, 2, 1, ''),
(414, '2018-11-23', '495', 10, 20, '2710.00', 5, 10, 3, 1, ''),
(415, '2017-12-08', '496', 10, 4, '4181.00', 5, 6, 1, 1, ''),
(416, '2018-02-03', '497', 3, 4, '4836.00', 5, 8, 1, 1, ''),
(417, '2018-05-28', '498', 3, 16, '1607.00', 1, 12, 2, 1, ''),
(418, '2019-05-22', '499', 4, 19, '2132.00', 2, 12, 2, 1, ''),
(419, '2018-10-04', '500', 7, 19, '4103.00', 4, 8, 1, 1, ''),
(420, '2018-12-15', '501', 10, 14, '3609.00', 2, 9, 3, 1, ''),
(421, '2019-04-15', '502', 5, 14, '4646.00', 1, 12, 1, 1, ''),
(422, '2019-08-25', '503', 2, 16, '1453.00', 2, 5, 2, 1, ''),
(423, '2018-04-13', '504', 11, 14, '3373.00', 5, 12, 4, 1, ''),
(424, '2017-12-21', '505', 12, 22, '4758.00', 4, 5, 1, 1, ''),
(425, '2019-05-02', '506', 4, 5, '2825.00', 3, 8, 3, 1, ''),
(426, '2018-09-13', '507', 3, 20, '1813.00', 1, 9, 2, 1, ''),
(427, '2018-12-14', '508', 12, 19, '1600.00', 1, 6, 3, 1, ''),
(428, '2018-03-20', '509', 3, 2, '3109.00', 3, 6, 4, 1, ''),
(429, '2017-11-25', '510', 11, 18, '4907.00', 1, 7, 2, 1, ''),
(430, '2018-09-15', '511', 8, 8, '2683.00', 4, 12, 2, 1, ''),
(431, '2019-04-14', '512', 6, 20, '3040.00', 3, 6, 1, 1, ''),
(432, '2019-07-11', '513', 2, 21, '2991.00', 5, 12, 1, 1, ''),
(433, '2018-09-30', '514', 4, 4, '4730.00', 1, 6, 3, 1, ''),
(434, '2018-06-10', '515', 4, 7, '3960.00', 5, 11, 2, 1, ''),
(435, '2019-07-01', '516', 8, 4, '1375.00', 5, 7, 2, 1, ''),
(436, '2017-09-28', '517', 7, 7, '2797.00', 2, 10, 3, 1, ''),
(437, '2017-12-09', '518', 4, 14, '1696.00', 5, 9, 1, 1, ''),
(438, '2018-07-09', '519', 7, 7, '4813.00', 2, 10, 4, 1, ''),
(439, '2019-07-15', '520', 11, 17, '1119.00', 1, 11, 4, 1, ''),
(440, '2019-03-13', '521', 11, 12, '4719.00', 3, 10, 1, 1, ''),
(441, '2019-03-07', '522', 11, 8, '1471.00', 1, 10, 1, 1, ''),
(442, '2018-06-14', '523', 12, 8, '2885.00', 5, 9, 1, 1, ''),
(443, '2018-07-18', '524', 11, 9, '4567.00', 4, 11, 1, 1, ''),
(444, '2019-09-12', '525', 6, 6, '4441.00', 2, 10, 1, 1, ''),
(445, '2018-08-20', '526', 3, 20, '4315.00', 3, 5, 1, 1, ''),
(446, '2019-07-01', '527', 6, 3, '1511.00', 4, 10, 4, 1, ''),
(447, '2018-06-08', '528', 11, 17, '4621.00', 5, 6, 4, 1, ''),
(448, '2019-01-19', '529', 11, 1, '3092.00', 4, 5, 4, 1, ''),
(449, '2018-10-15', '530', 3, 4, '4084.00', 2, 9, 4, 1, ''),
(450, '2018-05-06', '531', 8, 5, '3688.00', 5, 6, 3, 1, ''),
(451, '2019-07-21', '532', 5, 21, '4638.00', 4, 11, 1, 1, ''),
(452, '2019-02-12', '533', 4, 7, '2507.00', 1, 7, 3, 1, ''),
(453, '2017-09-25', '534', 4, 23, '1755.00', 4, 10, 1, 1, ''),
(454, '2019-03-17', '535', 5, 18, '1965.00', 4, 8, 2, 1, ''),
(455, '2018-02-15', '536', 5, 6, '1083.00', 1, 9, 4, 1, ''),
(456, '2019-07-07', '537', 9, 10, '3015.00', 2, 11, 2, 1, ''),
(457, '2019-07-23', '538', 10, 12, '1988.00', 5, 12, 4, 1, ''),
(458, '2018-05-07', '539', 11, 2, '2855.00', 3, 8, 3, 1, ''),
(459, '2018-02-09', '540', 8, 2, '1149.00', 3, 11, 2, 1, ''),
(460, '2018-11-10', '541', 6, 8, '3356.00', 5, 7, 4, 1, ''),
(461, '2017-11-09', '542', 9, 16, '4806.00', 1, 8, 3, 1, ''),
(462, '2018-03-19', '543', 10, 22, '4194.00', 1, 10, 2, 1, ''),
(463, '2019-02-25', '544', 12, 5, '1693.00', 4, 11, 4, 1, ''),
(464, '2019-04-02', '545', 8, 19, '1993.00', 5, 8, 2, 1, ''),
(465, '2019-05-06', '546', 3, 16, '1972.00', 4, 9, 4, 1, ''),
(466, '2018-07-09', '547', 8, 11, '4766.00', 5, 9, 4, 1, ''),
(467, '2019-08-11', '548', 5, 1, '1129.00', 2, 5, 4, 1, ''),
(468, '2017-11-10', '549', 2, 18, '1975.00', 5, 9, 3, 1, ''),
(469, '2019-04-25', '550', 9, 8, '3990.00', 5, 11, 2, 1, ''),
(470, '2019-06-21', '551', 2, 23, '4333.00', 5, 7, 3, 1, ''),
(471, '2018-07-29', '552', 12, 13, '4461.00', 5, 6, 2, 1, ''),
(472, '2018-04-09', '553', 12, 19, '3244.00', 4, 5, 4, 1, ''),
(473, '2019-07-06', '554', 3, 9, '1437.00', 4, 5, 4, 1, ''),
(474, '2019-08-02', '555', 5, 12, '1778.00', 4, 5, 4, 1, ''),
(475, '2018-08-29', '556', 2, 6, '4648.00', 5, 10, 2, 1, ''),
(476, '2018-05-25', '557', 4, 22, '1069.00', 3, 10, 2, 1, ''),
(477, '2019-04-20', '558', 12, 16, '2091.00', 2, 10, 2, 1, ''),
(478, '2019-07-04', '559', 5, 21, '3611.00', 2, 6, 4, 1, ''),
(479, '2018-04-05', '560', 9, 3, '1477.00', 4, 8, 2, 1, ''),
(480, '2019-07-11', '561', 2, 14, '1719.00', 2, 6, 2, 1, ''),
(481, '2017-11-04', '562', 12, 9, '2448.00', 3, 8, 4, 1, ''),
(482, '2018-01-19', '563', 10, 20, '2016.00', 5, 9, 4, 1, ''),
(483, '2019-01-01', '564', 8, 15, '3976.00', 5, 6, 2, 1, ''),
(484, '2019-02-20', '565', 12, 17, '3687.00', 5, 5, 3, 1, ''),
(485, '2018-05-21', '566', 4, 16, '4939.00', 5, 11, 2, 1, ''),
(486, '2019-03-27', '567', 3, 6, '1001.00', 2, 5, 2, 1, ''),
(487, '2018-08-18', '568', 8, 23, '1329.00', 2, 12, 3, 1, ''),
(488, '2018-03-25', '569', 2, 3, '3277.00', 5, 5, 3, 1, ''),
(489, '2019-07-28', '570', 4, 12, '4988.00', 1, 9, 1, 1, ''),
(490, '2018-08-13', '571', 9, 13, '4542.00', 1, 12, 3, 1, ''),
(491, '2018-07-29', '572', 8, 9, '4756.00', 2, 8, 4, 1, ''),
(492, '2018-10-12', '573', 11, 8, '2282.00', 1, 7, 2, 1, ''),
(493, '2018-09-19', '574', 8, 18, '1262.00', 1, 6, 1, 1, ''),
(494, '2018-10-24', '575', 9, 7, '2872.00', 3, 10, 2, 1, ''),
(495, '2018-05-31', '576', 3, 10, '3537.00', 5, 6, 3, 1, ''),
(496, '2018-11-17', '577', 9, 11, '1035.00', 3, 5, 2, 1, ''),
(497, '2019-06-08', '578', 5, 16, '1445.00', 2, 9, 4, 1, ''),
(498, '2019-08-01', '579', 6, 4, '3354.00', 2, 7, 4, 1, ''),
(499, '2017-09-24', '580', 4, 23, '1603.00', 3, 5, 1, 1, ''),
(500, '2018-10-02', '581', 10, 8, '4572.00', 2, 6, 2, 1, ''),
(501, '2018-01-22', '582', 5, 15, '1969.00', 4, 6, 3, 1, ''),
(502, '2019-08-01', '583', 2, 22, '1164.00', 4, 9, 2, 1, ''),
(503, '2019-03-10', '584', 5, 2, '3794.00', 1, 8, 2, 1, ''),
(504, '2018-12-14', '585', 3, 22, '1655.00', 4, 10, 2, 1, ''),
(505, '2017-12-27', '586', 10, 16, '4780.00', 5, 10, 4, 1, ''),
(506, '2019-02-27', '587', 8, 19, '1011.00', 4, 11, 2, 1, ''),
(507, '2018-10-22', '588', 4, 1, '4329.00', 2, 7, 3, 1, ''),
(508, '2018-04-05', '589', 3, 22, '4595.00', 2, 10, 3, 1, ''),
(509, '2018-02-02', '590', 4, 1, '2733.00', 2, 7, 3, 1, ''),
(510, '2018-11-21', '591', 9, 10, '3777.00', 1, 9, 2, 1, ''),
(511, '2019-05-24', '592', 9, 17, '1783.00', 1, 6, 3, 1, ''),
(512, '2019-05-03', '593', 5, 8, '4526.00', 3, 12, 2, 1, ''),
(513, '2019-07-21', '594', 5, 23, '4942.00', 1, 6, 4, 1, ''),
(514, '2019-09-11', '595', 12, 8, '1422.00', 1, 7, 1, 1, ''),
(515, '2018-01-31', '596', 3, 10, '1873.00', 3, 7, 2, 1, ''),
(516, '2019-04-11', '597', 12, 13, '1561.00', 2, 9, 2, 1, ''),
(517, '2018-09-17', '598', 10, 2, '2125.00', 5, 12, 4, 1, ''),
(518, '2018-12-08', '599', 6, 8, '4211.00', 2, 9, 4, 1, ''),
(519, '2017-10-12', '600', 12, 9, '2016.00', 4, 11, 4, 1, ''),
(520, '2018-05-27', '601', 9, 20, '4466.00', 2, 12, 4, 1, ''),
(521, '2018-10-21', '602', 8, 16, '3734.00', 3, 9, 1, 1, ''),
(522, '2018-06-30', '603', 2, 5, '4567.00', 5, 7, 1, 1, ''),
(523, '2019-04-02', '604', 6, 7, '3178.00', 4, 9, 3, 1, ''),
(524, '2018-03-17', '605', 9, 1, '3535.00', 2, 8, 1, 1, ''),
(525, '2018-03-19', '606', 10, 18, '1497.00', 4, 9, 3, 1, ''),
(526, '2018-07-08', '607', 8, 6, '1271.00', 1, 5, 2, 1, ''),
(527, '2018-02-13', '608', 5, 21, '3823.00', 5, 9, 1, 1, ''),
(528, '2018-03-05', '609', 11, 12, '4353.00', 2, 10, 4, 1, ''),
(529, '2019-04-07', '610', 9, 7, '4483.00', 2, 9, 1, 1, ''),
(530, '2018-08-15', '611', 3, 20, '4815.00', 4, 9, 3, 1, ''),
(531, '2019-06-20', '612', 10, 7, '3705.00', 2, 10, 4, 1, ''),
(532, '2019-06-07', '613', 11, 5, '4132.00', 4, 11, 3, 1, ''),
(533, '2019-03-08', '614', 7, 13, '2045.00', 1, 9, 2, 1, ''),
(534, '2018-01-31', '615', 2, 21, '2109.00', 4, 5, 1, 1, ''),
(535, '2018-11-15', '616', 9, 21, '3903.00', 2, 8, 2, 1, ''),
(536, '2018-10-22', '617', 3, 15, '4235.00', 2, 11, 4, 1, ''),
(537, '2018-01-22', '618', 11, 4, '1555.00', 4, 10, 3, 1, ''),
(538, '2018-04-14', '619', 8, 4, '3956.00', 1, 12, 1, 1, ''),
(539, '2018-11-15', '620', 8, 10, '2455.00', 3, 7, 1, 1, ''),
(540, '2018-11-07', '621', 12, 10, '3751.00', 4, 9, 4, 1, ''),
(541, '2019-08-26', '622', 8, 4, '1772.00', 3, 5, 1, 1, ''),
(542, '2018-07-18', '623', 11, 5, '4379.00', 1, 10, 2, 1, ''),
(543, '2018-05-10', '624', 12, 12, '4060.00', 5, 7, 4, 1, ''),
(544, '2018-11-12', '625', 5, 7, '2350.00', 4, 7, 4, 1, ''),
(545, '2017-11-29', '626', 3, 14, '4488.00', 2, 10, 1, 1, ''),
(546, '2017-10-11', '627', 3, 22, '3926.00', 3, 8, 4, 1, ''),
(547, '2019-03-31', '628', 7, 12, '2361.00', 5, 9, 4, 1, ''),
(548, '2019-09-02', '629', 11, 3, '1054.00', 1, 12, 3, 1, ''),
(549, '2019-02-08', '630', 9, 22, '4580.00', 4, 7, 1, 1, ''),
(550, '2018-07-13', '631', 4, 3, '3303.00', 1, 7, 3, 1, ''),
(551, '2018-05-02', '632', 11, 5, '3881.00', 1, 9, 1, 1, ''),
(552, '2018-09-15', '633', 9, 18, '4727.00', 3, 6, 3, 1, ''),
(553, '2018-05-03', '634', 9, 22, '2787.00', 4, 12, 1, 1, ''),
(554, '2019-07-06', '635', 12, 21, '3371.00', 5, 12, 3, 1, ''),
(555, '2019-05-06', '636', 3, 22, '1386.00', 3, 10, 1, 1, ''),
(556, '2019-01-12', '637', 4, 5, '3443.00', 2, 5, 1, 1, ''),
(557, '2019-05-20', '638', 11, 13, '4498.00', 2, 6, 4, 1, ''),
(558, '2018-02-01', '639', 6, 14, '3144.00', 4, 9, 1, 1, ''),
(559, '2018-11-26', '640', 9, 7, '1163.00', 1, 7, 1, 1, ''),
(560, '2018-03-27', '641', 6, 1, '4231.00', 4, 9, 4, 1, ''),
(561, '2018-04-13', '642', 4, 5, '1688.00', 3, 7, 4, 1, ''),
(562, '2018-01-13', '643', 7, 19, '2445.00', 4, 10, 2, 1, ''),
(563, '2018-02-12', '644', 12, 2, '2744.00', 2, 11, 2, 1, ''),
(564, '2018-12-14', '645', 8, 6, '4692.00', 1, 6, 3, 1, ''),
(565, '2018-05-27', '646', 4, 12, '3828.00', 2, 10, 3, 1, ''),
(566, '2017-11-27', '647', 12, 6, '1656.00', 5, 9, 3, 1, ''),
(567, '2019-01-12', '648', 8, 13, '4688.00', 3, 7, 3, 1, ''),
(568, '2018-09-14', '649', 11, 20, '1622.00', 3, 9, 2, 1, ''),
(569, '2019-07-28', '650', 12, 21, '4766.00', 1, 5, 2, 1, ''),
(570, '2018-02-21', '651', 10, 10, '1238.00', 2, 6, 3, 1, ''),
(571, '2018-06-14', '652', 8, 19, '4031.00', 2, 7, 3, 1, ''),
(572, '2019-08-16', '653', 7, 16, '1687.00', 1, 8, 2, 1, ''),
(573, '2018-07-09', '654', 6, 21, '1369.00', 4, 8, 4, 1, ''),
(574, '2019-07-03', '655', 6, 19, '1541.00', 3, 6, 2, 1, ''),
(575, '2019-04-01', '656', 5, 1, '1937.00', 2, 12, 1, 1, ''),
(576, '2019-09-10', '657', 2, 19, '4426.00', 5, 7, 4, 1, ''),
(577, '2019-04-16', '658', 3, 5, '4506.00', 1, 5, 1, 1, ''),
(578, '2018-03-19', '659', 7, 23, '2455.00', 3, 8, 3, 1, ''),
(579, '2018-11-17', '660', 12, 11, '4029.00', 3, 7, 1, 1, ''),
(580, '2017-12-18', '661', 3, 6, '4932.00', 5, 8, 1, 1, ''),
(581, '2018-10-05', '662', 8, 4, '3281.00', 2, 5, 3, 1, ''),
(582, '2018-07-11', '663', 8, 11, '3323.00', 3, 9, 3, 1, ''),
(583, '2018-01-19', '664', 7, 8, '4964.00', 2, 5, 4, 1, ''),
(584, '2018-12-12', '665', 3, 23, '1862.00', 2, 11, 2, 1, ''),
(585, '2017-09-21', '666', 3, 18, '1127.00', 1, 6, 1, 1, ''),
(586, '2018-01-26', '667', 4, 7, '3846.00', 4, 6, 4, 1, ''),
(587, '2019-02-02', '668', 4, 11, '2045.00', 1, 6, 3, 1, ''),
(588, '2019-08-17', '669', 5, 19, '2125.00', 3, 10, 4, 1, ''),
(589, '2019-07-14', '670', 2, 19, '3685.00', 3, 10, 3, 1, ''),
(590, '2018-07-31', '671', 2, 15, '3473.00', 2, 12, 2, 1, ''),
(591, '2018-12-22', '672', 5, 8, '4154.00', 5, 9, 3, 1, ''),
(592, '2017-12-29', '673', 10, 18, '4291.00', 1, 11, 4, 1, ''),
(593, '2018-10-05', '674', 10, 17, '1001.00', 3, 11, 4, 1, ''),
(594, '2018-09-07', '675', 8, 19, '3637.00', 3, 6, 4, 1, ''),
(595, '2017-12-29', '676', 2, 18, '3060.00', 3, 9, 2, 1, ''),
(596, '2019-08-18', '677', 4, 21, '2901.00', 4, 6, 3, 1, ''),
(597, '2018-06-18', '678', 2, 12, '4206.00', 1, 12, 1, 1, ''),
(598, '2019-03-15', '679', 2, 2, '3219.00', 2, 9, 2, 1, ''),
(599, '2018-12-02', '680', 2, 16, '3809.00', 2, 9, 3, 1, ''),
(600, '2017-10-28', '681', 5, 10, '1718.00', 5, 8, 4, 1, ''),
(601, '2018-03-08', '682', 9, 8, '4024.00', 5, 6, 1, 1, ''),
(602, '2019-04-22', '683', 10, 19, '3162.00', 3, 7, 3, 1, ''),
(603, '2019-03-14', '684', 11, 9, '3861.00', 1, 5, 3, 1, ''),
(604, '2017-12-21', '685', 7, 18, '2479.00', 4, 8, 1, 1, ''),
(605, '2018-08-31', '686', 4, 13, '3206.00', 1, 6, 1, 1, ''),
(606, '2019-05-25', '687', 4, 1, '2613.00', 5, 10, 1, 1, ''),
(607, '2018-07-15', '688', 4, 16, '3092.00', 3, 6, 4, 1, ''),
(608, '2018-08-20', '689', 11, 23, '4120.00', 4, 12, 4, 1, ''),
(609, '2018-07-19', '690', 9, 22, '4318.00', 2, 9, 1, 1, ''),
(610, '2019-03-29', '691', 6, 7, '2587.00', 3, 5, 4, 1, ''),
(611, '2018-06-02', '692', 8, 11, '2719.00', 3, 5, 1, 1, ''),
(612, '2017-09-24', '693', 10, 21, '2570.00', 4, 8, 2, 1, ''),
(613, '2018-03-18', '694', 4, 10, '2910.00', 5, 8, 1, 1, ''),
(614, '2019-08-27', '695', 8, 13, '2373.00', 2, 5, 4, 1, ''),
(615, '2018-04-01', '696', 8, 21, '4469.00', 5, 8, 1, 1, ''),
(616, '2018-04-01', '697', 5, 11, '4102.00', 2, 7, 2, 1, ''),
(617, '2017-09-24', '698', 6, 21, '3599.00', 3, 6, 1, 1, ''),
(618, '2017-10-11', '699', 7, 3, '4465.00', 1, 8, 4, 1, ''),
(619, '2017-10-12', '600', 12, 9, '2016.00', 4, 11, 4, 1, ''),
(620, '2018-05-27', '601', 9, 20, '4466.00', 2, 12, 4, 1, ''),
(621, '2018-10-21', '602', 8, 16, '3734.00', 3, 9, 1, 1, ''),
(622, '2018-06-30', '603', 2, 5, '4567.00', 5, 7, 1, 1, ''),
(623, '2019-04-02', '604', 6, 7, '3178.00', 4, 9, 3, 1, ''),
(624, '2018-03-17', '605', 9, 1, '3535.00', 2, 8, 1, 1, ''),
(625, '2018-03-19', '606', 10, 18, '1497.00', 4, 9, 3, 1, ''),
(626, '2018-07-08', '607', 8, 6, '1271.00', 1, 5, 2, 1, ''),
(627, '2018-02-13', '608', 5, 21, '3823.00', 5, 9, 1, 1, ''),
(628, '2018-03-05', '609', 11, 12, '4353.00', 2, 10, 4, 1, ''),
(629, '2019-04-07', '610', 9, 7, '4483.00', 2, 9, 1, 1, ''),
(630, '2018-08-15', '611', 3, 20, '4815.00', 4, 9, 3, 1, ''),
(631, '2019-06-20', '612', 10, 7, '3705.00', 2, 10, 4, 1, ''),
(632, '2019-06-07', '613', 11, 5, '4132.00', 4, 11, 3, 1, ''),
(633, '2019-03-08', '614', 7, 13, '2045.00', 1, 9, 2, 1, ''),
(634, '2018-01-31', '615', 2, 21, '2109.00', 4, 5, 1, 1, ''),
(635, '2018-11-15', '616', 9, 21, '3903.00', 2, 8, 2, 1, ''),
(636, '2018-10-22', '617', 3, 15, '4235.00', 2, 11, 4, 1, ''),
(637, '2018-01-22', '618', 11, 4, '1555.00', 4, 10, 3, 1, ''),
(638, '2018-04-14', '619', 8, 4, '3956.00', 1, 12, 1, 1, ''),
(639, '2018-11-15', '620', 8, 10, '2455.00', 3, 7, 1, 1, ''),
(640, '2018-11-07', '621', 12, 10, '3751.00', 4, 9, 4, 1, ''),
(641, '2019-08-26', '622', 8, 4, '1772.00', 3, 5, 1, 1, ''),
(642, '2018-07-18', '623', 11, 5, '4379.00', 1, 10, 2, 1, ''),
(643, '2018-05-10', '624', 12, 12, '4060.00', 5, 7, 4, 1, ''),
(644, '2018-11-12', '625', 5, 7, '2350.00', 4, 7, 4, 1, ''),
(645, '2017-11-29', '626', 3, 14, '4488.00', 2, 10, 1, 1, ''),
(646, '2017-10-11', '627', 3, 22, '3926.00', 3, 8, 4, 1, ''),
(647, '2019-03-31', '628', 7, 12, '2361.00', 5, 9, 4, 1, ''),
(648, '2019-09-02', '629', 11, 3, '1054.00', 1, 12, 3, 1, ''),
(649, '2019-02-08', '630', 9, 22, '4580.00', 4, 7, 1, 1, ''),
(650, '2018-07-13', '631', 4, 3, '3303.00', 1, 7, 3, 1, ''),
(651, '2018-05-02', '632', 11, 5, '3881.00', 1, 9, 1, 1, ''),
(652, '2018-09-15', '633', 9, 18, '4727.00', 3, 6, 3, 1, ''),
(653, '2018-05-03', '634', 9, 22, '2787.00', 4, 12, 1, 1, ''),
(654, '2019-07-06', '635', 12, 21, '3371.00', 5, 12, 3, 1, ''),
(655, '2019-05-06', '636', 3, 22, '1386.00', 3, 10, 1, 1, ''),
(656, '2019-01-12', '637', 4, 5, '3443.00', 2, 5, 1, 1, ''),
(657, '2019-05-20', '638', 11, 13, '4498.00', 2, 6, 4, 1, ''),
(658, '2018-02-01', '639', 6, 14, '3144.00', 4, 9, 1, 1, ''),
(659, '2018-11-26', '640', 9, 7, '1163.00', 1, 7, 1, 1, ''),
(660, '2018-03-27', '641', 6, 1, '4231.00', 4, 9, 4, 1, ''),
(661, '2018-04-13', '642', 4, 5, '1688.00', 3, 7, 4, 1, ''),
(662, '2018-01-13', '643', 7, 19, '2445.00', 4, 10, 2, 1, ''),
(663, '2018-02-12', '644', 12, 2, '2744.00', 2, 11, 2, 1, ''),
(664, '2018-12-14', '645', 8, 6, '4692.00', 1, 6, 3, 1, ''),
(665, '2018-05-27', '646', 4, 12, '3828.00', 2, 10, 3, 1, ''),
(666, '2017-11-27', '647', 12, 6, '1656.00', 5, 9, 3, 1, ''),
(667, '2019-01-12', '648', 8, 13, '4688.00', 3, 7, 3, 1, ''),
(668, '2018-09-14', '649', 11, 20, '1622.00', 3, 9, 2, 1, ''),
(669, '2019-07-28', '650', 12, 21, '4766.00', 1, 5, 2, 1, ''),
(670, '2018-02-21', '651', 10, 10, '1238.00', 2, 6, 3, 1, ''),
(671, '2018-06-14', '652', 8, 19, '4031.00', 2, 7, 3, 1, ''),
(672, '2019-08-16', '653', 7, 16, '1687.00', 1, 8, 2, 1, ''),
(673, '2018-07-09', '654', 6, 21, '1369.00', 4, 8, 4, 1, ''),
(674, '2019-07-03', '655', 6, 19, '1541.00', 3, 6, 2, 1, ''),
(675, '2019-04-01', '656', 5, 1, '1937.00', 2, 12, 1, 1, ''),
(676, '2019-09-10', '657', 2, 19, '4426.00', 5, 7, 4, 1, ''),
(677, '2019-04-16', '658', 3, 5, '4506.00', 1, 5, 1, 1, ''),
(678, '2018-03-19', '659', 7, 23, '2455.00', 3, 8, 3, 1, ''),
(679, '2018-11-17', '660', 12, 11, '4029.00', 3, 7, 1, 1, ''),
(680, '2017-12-18', '661', 3, 6, '4932.00', 5, 8, 1, 1, ''),
(681, '2018-10-05', '662', 8, 4, '3281.00', 2, 5, 3, 1, ''),
(682, '2018-07-11', '663', 8, 11, '3323.00', 3, 9, 3, 1, ''),
(683, '2018-01-19', '664', 7, 8, '4964.00', 2, 5, 4, 1, ''),
(684, '2018-12-12', '665', 3, 23, '1862.00', 2, 11, 2, 1, ''),
(685, '2017-09-21', '666', 3, 18, '1127.00', 1, 6, 1, 1, ''),
(686, '2018-01-26', '667', 4, 7, '3846.00', 4, 6, 4, 1, ''),
(687, '2019-02-02', '668', 4, 11, '2045.00', 1, 6, 3, 1, ''),
(688, '2019-08-17', '669', 5, 19, '2125.00', 3, 10, 4, 1, ''),
(689, '2019-07-14', '670', 2, 19, '3685.00', 3, 10, 3, 1, ''),
(690, '2018-07-31', '671', 2, 15, '3473.00', 2, 12, 2, 1, ''),
(691, '2018-12-22', '672', 5, 8, '4154.00', 5, 9, 3, 1, ''),
(692, '2017-12-29', '673', 10, 18, '4291.00', 1, 11, 4, 1, ''),
(693, '2018-10-05', '674', 10, 17, '1001.00', 3, 11, 4, 1, ''),
(694, '2018-09-07', '675', 8, 19, '3637.00', 3, 6, 4, 1, ''),
(695, '2017-12-29', '676', 2, 18, '3060.00', 3, 9, 2, 1, ''),
(696, '2019-08-18', '677', 4, 21, '2901.00', 4, 6, 3, 1, ''),
(697, '2018-06-18', '678', 2, 12, '4206.00', 1, 12, 1, 1, ''),
(698, '2019-03-15', '679', 2, 2, '3219.00', 2, 9, 2, 1, ''),
(699, '2018-12-02', '680', 2, 16, '3809.00', 2, 9, 3, 1, ''),
(700, '2017-10-28', '681', 5, 10, '1718.00', 5, 8, 4, 1, ''),
(701, '2018-03-08', '682', 9, 8, '4024.00', 5, 6, 1, 1, ''),
(702, '2019-04-22', '683', 10, 19, '3162.00', 3, 7, 3, 1, ''),
(703, '2019-03-14', '684', 11, 9, '3861.00', 1, 5, 3, 1, ''),
(704, '2017-12-21', '685', 7, 18, '2479.00', 4, 8, 1, 1, ''),
(705, '2018-08-31', '686', 4, 13, '3206.00', 1, 6, 1, 1, ''),
(706, '2019-05-25', '687', 4, 1, '2613.00', 5, 10, 1, 1, ''),
(707, '2018-07-15', '688', 4, 16, '3092.00', 3, 6, 4, 1, ''),
(708, '2018-08-20', '689', 11, 23, '4120.00', 4, 12, 4, 1, ''),
(709, '2018-07-19', '690', 9, 22, '4318.00', 2, 9, 1, 1, ''),
(710, '2019-03-29', '691', 6, 7, '2587.00', 3, 5, 4, 1, ''),
(711, '2018-06-02', '692', 8, 11, '2719.00', 3, 5, 1, 1, ''),
(712, '2017-09-24', '693', 10, 21, '2570.00', 4, 8, 2, 1, ''),
(713, '2018-03-18', '694', 4, 10, '2910.00', 5, 8, 1, 1, ''),
(714, '2019-08-27', '695', 8, 13, '2373.00', 2, 5, 4, 1, ''),
(715, '2018-04-01', '696', 8, 21, '4469.00', 5, 8, 1, 1, ''),
(716, '2018-04-01', '697', 5, 11, '4102.00', 2, 7, 2, 1, ''),
(717, '2017-09-24', '698', 6, 21, '3599.00', 3, 6, 1, 1, ''),
(718, '2017-10-11', '699', 7, 3, '4465.00', 1, 8, 4, 1, ''),
(719, '2019-07-16', '700', 11, 7, '1231.00', 1, 7, 4, 1, ''),
(720, '2018-05-03', '701', 8, 19, '1792.00', 5, 10, 1, 1, ''),
(721, '2019-01-29', '702', 4, 8, '1299.00', 1, 6, 3, 1, ''),
(722, '2017-12-17', '703', 12, 10, '4075.00', 5, 9, 3, 1, ''),
(723, '2018-03-22', '704', 5, 18, '1899.00', 1, 7, 1, 1, ''),
(724, '2019-03-22', '705', 2, 12, '4054.00', 4, 8, 3, 1, ''),
(725, '2018-05-28', '706', 8, 4, '4977.00', 1, 9, 4, 1, ''),
(726, '2018-09-18', '707', 9, 21, '2127.00', 2, 11, 4, 1, ''),
(727, '2018-09-13', '708', 11, 20, '1007.00', 1, 12, 2, 1, ''),
(728, '2019-04-27', '709', 9, 10, '2191.00', 3, 12, 3, 1, ''),
(729, '2018-08-10', '710', 10, 4, '1313.00', 2, 11, 2, 1, ''),
(730, '2019-06-02', '711', 5, 3, '3172.00', 1, 5, 4, 1, ''),
(731, '2018-03-29', '712', 4, 18, '4854.00', 5, 10, 1, 1, ''),
(732, '2018-11-10', '713', 3, 22, '3560.00', 4, 7, 2, 1, ''),
(733, '2019-05-02', '714', 10, 3, '2066.00', 3, 9, 2, 1, ''),
(734, '2017-11-17', '715', 9, 16, '2350.00', 1, 5, 3, 1, ''),
(735, '2017-11-03', '716', 6, 19, '4461.00', 2, 5, 2, 1, ''),
(736, '2018-10-18', '717', 3, 8, '1147.00', 2, 11, 1, 1, ''),
(737, '2018-02-02', '718', 9, 15, '3936.00', 3, 8, 4, 1, ''),
(738, '2018-07-12', '719', 9, 21, '3875.00', 4, 8, 2, 1, ''),
(739, '2017-10-28', '720', 10, 15, '1021.00', 4, 12, 3, 1, ''),
(740, '2019-06-24', '721', 8, 22, '2273.00', 4, 8, 4, 1, ''),
(741, '2017-12-08', '722', 7, 16, '4656.00', 4, 6, 3, 1, ''),
(742, '2018-08-11', '723', 10, 8, '3195.00', 3, 8, 3, 1, ''),
(743, '2018-01-03', '724', 3, 9, '4618.00', 1, 9, 2, 1, ''),
(744, '2018-03-06', '725', 2, 23, '1370.00', 1, 10, 3, 1, ''),
(745, '2019-06-23', '726', 4, 15, '1638.00', 3, 12, 3, 1, ''),
(746, '2019-08-17', '727', 11, 14, '1950.00', 3, 12, 3, 1, ''),
(747, '2018-10-30', '728', 11, 22, '2029.00', 2, 7, 1, 1, ''),
(748, '2019-06-28', '729', 8, 22, '3384.00', 2, 9, 3, 1, ''),
(749, '2018-04-28', '730', 9, 9, '3038.00', 3, 9, 1, 1, ''),
(750, '2017-12-17', '731', 11, 15, '3487.00', 4, 12, 4, 1, ''),
(751, '2019-05-07', '732', 6, 16, '3382.00', 5, 7, 1, 1, ''),
(752, '2019-02-16', '733', 7, 23, '2852.00', 5, 10, 1, 1, ''),
(753, '2019-07-13', '734', 9, 6, '1673.00', 5, 7, 4, 1, ''),
(754, '2019-02-15', '735', 11, 6, '4690.00', 2, 7, 3, 1, ''),
(755, '2018-02-23', '736', 7, 2, '2557.00', 5, 8, 1, 1, ''),
(756, '2018-10-03', '737', 9, 14, '1862.00', 1, 9, 1, 1, ''),
(757, '2018-12-24', '738', 11, 17, '1915.00', 3, 10, 4, 1, ''),
(758, '2018-11-11', '739', 10, 7, '4754.00', 3, 7, 2, 1, ''),
(759, '2018-03-05', '740', 7, 10, '2377.00', 3, 6, 2, 1, ''),
(760, '2018-10-03', '741', 2, 12, '4954.00', 3, 12, 1, 1, ''),
(761, '2018-08-18', '742', 8, 6, '1523.00', 3, 5, 1, 1, ''),
(762, '2019-09-17', '743', 4, 12, '3588.00', 2, 10, 4, 1, ''),
(763, '2018-03-16', '744', 9, 2, '2644.00', 5, 11, 3, 1, ''),
(764, '2018-02-06', '745', 11, 18, '3098.00', 3, 7, 4, 1, ''),
(765, '2018-10-28', '746', 6, 11, '1454.00', 3, 6, 1, 1, ''),
(766, '2018-10-20', '747', 4, 21, '2142.00', 1, 10, 2, 1, ''),
(767, '2019-08-30', '748', 6, 19, '2190.00', 4, 5, 2, 1, ''),
(768, '2019-06-17', '749', 5, 10, '2470.00', 4, 6, 3, 1, ''),
(769, '2018-07-24', '750', 7, 11, '3558.00', 1, 8, 1, 1, ''),
(770, '2019-05-24', '751', 5, 12, '1644.00', 5, 10, 1, 1, ''),
(771, '2018-01-29', '752', 11, 22, '1172.00', 1, 6, 4, 1, ''),
(772, '2018-09-10', '753', 10, 11, '3370.00', 3, 11, 2, 1, ''),
(773, '2018-08-21', '754', 11, 10, '1412.00', 2, 12, 3, 1, ''),
(774, '2018-01-17', '755', 9, 1, '4905.00', 3, 8, 4, 1, ''),
(775, '2018-11-10', '756', 3, 22, '3304.00', 2, 5, 4, 1, ''),
(776, '2018-05-12', '757', 6, 2, '2443.00', 4, 8, 3, 1, ''),
(777, '2019-06-27', '758', 10, 17, '4993.00', 5, 7, 3, 1, ''),
(778, '2019-01-13', '759', 2, 1, '1513.00', 4, 7, 3, 1, ''),
(779, '2019-06-05', '760', 3, 12, '3894.00', 1, 9, 2, 1, ''),
(780, '2018-04-24', '761', 7, 15, '1341.00', 5, 6, 1, 1, ''),
(781, '2018-03-06', '762', 5, 8, '2011.00', 1, 6, 4, 1, ''),
(782, '2019-05-15', '763', 7, 7, '4470.00', 2, 9, 2, 1, ''),
(783, '2018-08-24', '764', 7, 8, '1689.00', 5, 5, 3, 1, ''),
(784, '2018-09-30', '765', 2, 1, '4892.00', 5, 10, 4, 1, ''),
(785, '2019-09-19', '766', 10, 23, '1046.00', 5, 11, 4, 1, ''),
(786, '2019-01-18', '767', 7, 6, '2739.00', 5, 5, 4, 1, ''),
(787, '2018-10-18', '768', 4, 9, '4206.00', 3, 8, 2, 1, ''),
(788, '2018-11-04', '769', 7, 4, '2019.00', 4, 8, 2, 1, ''),
(789, '2019-04-06', '770', 9, 6, '3050.00', 2, 5, 2, 1, ''),
(790, '2018-05-02', '771', 6, 1, '2975.00', 5, 5, 2, 1, ''),
(791, '2018-11-28', '772', 11, 20, '3424.00', 1, 7, 1, 1, ''),
(792, '2019-03-20', '773', 5, 15, '2097.00', 5, 12, 1, 1, ''),
(793, '2019-06-04', '774', 12, 20, '1789.00', 3, 11, 1, 1, ''),
(794, '2018-07-05', '775', 12, 9, '1734.00', 5, 5, 3, 1, ''),
(795, '2019-08-23', '776', 12, 2, '3942.00', 3, 7, 1, 1, ''),
(796, '2019-01-12', '777', 5, 13, '1393.00', 2, 5, 1, 1, ''),
(797, '2018-06-15', '778', 5, 8, '2144.00', 5, 11, 4, 1, ''),
(798, '2019-03-31', '779', 10, 11, '4689.00', 4, 7, 1, 1, ''),
(799, '2019-03-29', '780', 10, 17, '1324.00', 5, 10, 3, 1, ''),
(800, '2018-02-16', '781', 7, 9, '1655.00', 2, 10, 1, 1, ''),
(801, '2019-04-15', '782', 9, 5, '4232.00', 2, 5, 3, 1, ''),
(802, '2017-11-01', '783', 9, 20, '4905.00', 5, 7, 4, 1, ''),
(803, '2017-12-05', '784', 12, 5, '1865.00', 4, 11, 3, 1, ''),
(804, '2018-09-07', '785', 5, 5, '1840.00', 4, 12, 2, 1, ''),
(805, '2017-09-29', '786', 3, 20, '2781.00', 3, 10, 2, 1, ''),
(806, '2018-05-31', '787', 3, 10, '1806.00', 1, 11, 1, 1, ''),
(807, '2019-08-16', '788', 12, 15, '2762.00', 5, 9, 1, 1, ''),
(808, '2018-11-01', '789', 8, 20, '4965.00', 4, 6, 2, 1, ''),
(809, '2019-08-27', '790', 9, 9, '4455.00', 1, 11, 1, 1, ''),
(810, '2018-04-14', '791', 8, 20, '1906.00', 2, 7, 1, 1, ''),
(811, '2018-12-08', '792', 6, 11, '4190.00', 1, 7, 2, 1, ''),
(812, '2018-05-05', '793', 7, 16, '3445.00', 3, 12, 3, 1, ''),
(813, '2018-02-28', '794', 2, 14, '3060.00', 3, 8, 1, 1, ''),
(814, '2018-10-05', '795', 5, 22, '3201.00', 3, 5, 3, 1, ''),
(815, '2018-06-25', '796', 4, 19, '4327.00', 2, 11, 4, 1, ''),
(816, '2017-09-24', '797', 3, 4, '1084.00', 4, 11, 2, 1, ''),
(817, '2018-07-31', '798', 10, 14, '3444.00', 2, 9, 1, 1, ''),
(818, '2018-06-09', '799', 7, 3, '1500.00', 1, 7, 1, 1, ''),
(819, '2019-09-20', '800', 4, 20, '3542.00', 2, 6, 2, 1, ''),
(820, '2017-10-23', '801', 4, 2, '2560.00', 4, 12, 4, 1, ''),
(821, '2018-02-06', '802', 6, 8, '3438.00', 4, 7, 2, 1, ''),
(822, '2018-01-04', '803', 6, 15, '2468.00', 3, 9, 2, 1, ''),
(823, '2019-02-11', '804', 8, 21, '4662.00', 5, 12, 2, 1, ''),
(824, '2018-03-19', '805', 11, 19, '3425.00', 1, 8, 2, 1, ''),
(825, '2019-02-22', '806', 9, 19, '2479.00', 1, 5, 2, 1, ''),
(826, '2018-04-22', '807', 3, 2, '4606.00', 3, 11, 4, 1, ''),
(827, '2017-10-28', '808', 5, 13, '3998.00', 5, 5, 1, 1, ''),
(828, '2019-05-17', '809', 5, 3, '2981.00', 5, 7, 4, 1, ''),
(829, '2019-03-17', '810', 12, 2, '1323.00', 3, 7, 4, 1, ''),
(830, '2019-08-18', '811', 2, 23, '3859.00', 5, 6, 3, 1, ''),
(831, '2018-11-22', '812', 7, 9, '1295.00', 1, 10, 4, 1, ''),
(832, '2019-06-08', '813', 11, 16, '4734.00', 5, 5, 1, 1, ''),
(833, '2019-06-21', '814', 3, 22, '2207.00', 4, 11, 2, 1, ''),
(834, '2018-04-21', '815', 12, 13, '4214.00', 5, 5, 3, 1, ''),
(835, '2018-12-19', '816', 8, 19, '3147.00', 5, 8, 4, 1, ''),
(836, '2019-09-05', '817', 9, 10, '3024.00', 2, 12, 3, 1, ''),
(837, '2018-05-30', '818', 2, 21, '3110.00', 3, 8, 2, 1, ''),
(838, '2017-12-18', '819', 3, 12, '3082.00', 2, 6, 2, 1, ''),
(839, '2019-07-28', '820', 3, 19, '1314.00', 1, 6, 4, 1, '');
INSERT INTO `productos` (`idproducto`, `fechaCod`, `codigo`, `idtalla`, `idtela`, `precio`, `idcolor`, `idcategoria`, `idsucursal`, `estado`, `descripcion`) VALUES
(840, '2018-05-25', '821', 5, 22, '3282.00', 1, 12, 3, 1, ''),
(841, '2018-11-24', '822', 4, 2, '1845.00', 1, 10, 1, 1, ''),
(842, '2018-11-20', '823', 2, 4, '3951.00', 5, 6, 1, 1, ''),
(843, '2018-08-28', '824', 6, 4, '1628.00', 5, 12, 1, 1, ''),
(844, '2018-01-27', '825', 10, 22, '3254.00', 5, 8, 4, 1, ''),
(845, '2018-11-05', '826', 10, 4, '4388.00', 1, 6, 4, 1, ''),
(846, '2019-04-08', '827', 3, 10, '4550.00', 4, 7, 2, 1, ''),
(847, '2018-11-29', '828', 4, 1, '4267.00', 4, 10, 2, 1, ''),
(848, '2017-11-16', '829', 2, 16, '3192.00', 3, 5, 1, 1, ''),
(849, '2018-12-30', '830', 3, 1, '1011.00', 2, 9, 4, 1, ''),
(850, '2019-08-24', '831', 6, 20, '2532.00', 3, 12, 2, 1, ''),
(851, '2019-07-04', '832', 8, 13, '2170.00', 3, 6, 4, 1, ''),
(852, '2019-05-05', '833', 11, 22, '4438.00', 5, 5, 4, 1, ''),
(853, '2019-01-26', '834', 2, 17, '1471.00', 2, 12, 2, 1, ''),
(854, '2019-05-07', '835', 10, 10, '4511.00', 1, 8, 4, 1, ''),
(855, '2018-10-15', '836', 4, 21, '2140.00', 4, 6, 1, 1, ''),
(856, '2019-03-31', '837', 2, 9, '1376.00', 1, 8, 1, 1, ''),
(857, '2018-04-06', '838', 4, 21, '2002.00', 5, 7, 4, 1, ''),
(858, '2019-05-28', '839', 12, 15, '4370.00', 1, 11, 1, 1, ''),
(859, '2018-07-07', '840', 12, 11, '1626.00', 1, 9, 1, 1, ''),
(860, '2019-07-27', '841', 8, 7, '2666.00', 3, 7, 4, 1, ''),
(861, '2017-12-18', '842', 8, 21, '1882.00', 5, 9, 1, 1, ''),
(862, '2019-06-23', '843', 9, 13, '1698.00', 1, 9, 3, 1, ''),
(863, '2018-06-22', '844', 2, 18, '3127.00', 5, 7, 1, 1, ''),
(864, '2018-09-22', '845', 11, 20, '1706.00', 4, 12, 3, 1, ''),
(865, '2017-12-30', '846', 11, 5, '3682.00', 4, 9, 4, 1, ''),
(866, '2019-09-07', '847', 6, 12, '4287.00', 3, 6, 4, 1, ''),
(867, '2017-12-24', '848', 2, 13, '4160.00', 1, 8, 3, 1, ''),
(868, '2018-09-08', '849', 10, 11, '2682.00', 1, 9, 1, 1, ''),
(869, '2017-10-27', '850', 7, 14, '2127.00', 2, 9, 1, 1, ''),
(870, '2018-12-01', '851', 10, 11, '3467.00', 2, 12, 4, 1, ''),
(871, '2017-12-08', '852', 6, 2, '2666.00', 4, 9, 4, 1, ''),
(872, '2019-04-29', '853', 8, 20, '2079.00', 4, 10, 1, 1, ''),
(873, '2017-12-18', '854', 5, 10, '4737.00', 2, 6, 3, 1, ''),
(874, '2018-02-25', '855', 12, 3, '3726.00', 4, 12, 4, 1, ''),
(875, '2018-08-08', '856', 11, 16, '2179.00', 4, 9, 3, 1, ''),
(876, '2018-05-12', '857', 3, 8, '2171.00', 3, 5, 2, 1, ''),
(877, '2018-07-29', '858', 9, 4, '2946.00', 2, 5, 3, 1, ''),
(878, '2019-03-02', '859', 9, 9, '3899.00', 1, 8, 4, 1, ''),
(879, '2019-08-08', '860', 4, 17, '3522.00', 4, 10, 2, 1, ''),
(880, '2018-08-19', '861', 10, 18, '2386.00', 3, 6, 1, 1, ''),
(881, '2018-10-19', '862', 3, 15, '4638.00', 5, 5, 1, 1, ''),
(882, '2018-03-26', '863', 7, 9, '1660.00', 5, 11, 4, 1, ''),
(883, '2018-02-19', '864', 4, 19, '3690.00', 4, 12, 3, 1, ''),
(884, '2018-05-22', '865', 8, 9, '2230.00', 2, 9, 3, 1, ''),
(885, '2017-11-29', '866', 12, 13, '1284.00', 2, 6, 2, 1, ''),
(886, '2018-04-14', '867', 9, 8, '4976.00', 2, 12, 3, 1, ''),
(887, '2019-08-16', '868', 12, 17, '3416.00', 4, 5, 2, 1, ''),
(888, '2019-04-04', '869', 11, 17, '2369.00', 4, 7, 3, 1, ''),
(889, '2018-11-29', '870', 2, 19, '1111.00', 2, 9, 3, 1, ''),
(890, '2018-11-18', '871', 2, 22, '2272.00', 4, 12, 2, 1, ''),
(891, '2018-06-25', '872', 6, 17, '4253.00', 3, 8, 1, 1, ''),
(892, '2019-04-16', '873', 10, 12, '4021.00', 5, 8, 4, 1, ''),
(893, '2017-12-30', '874', 9, 1, '4670.00', 4, 12, 4, 1, ''),
(894, '2017-11-30', '875', 5, 23, '4987.00', 3, 12, 2, 1, ''),
(895, '2018-03-18', '876', 6, 21, '1477.00', 3, 10, 2, 1, ''),
(896, '2019-02-15', '877', 10, 4, '2371.00', 4, 9, 3, 1, ''),
(897, '2019-03-09', '878', 4, 17, '3642.00', 2, 6, 2, 1, ''),
(898, '2018-05-08', '879', 6, 8, '2232.00', 4, 8, 1, 1, ''),
(899, '2018-09-24', '880', 3, 7, '1934.00', 2, 6, 3, 1, ''),
(900, '2018-12-05', '881', 5, 18, '1228.00', 4, 10, 2, 1, ''),
(901, '2018-06-11', '882', 4, 16, '4964.00', 5, 9, 3, 1, ''),
(902, '2018-07-27', '883', 8, 17, '3584.00', 2, 8, 4, 1, ''),
(903, '2019-05-30', '884', 5, 19, '3754.00', 4, 8, 2, 1, ''),
(904, '2018-05-28', '885', 4, 17, '3336.00', 2, 10, 4, 1, ''),
(905, '2018-02-24', '886', 5, 18, '2038.00', 5, 6, 3, 1, ''),
(906, '2018-03-24', '887', 4, 17, '4763.00', 2, 10, 4, 1, ''),
(907, '2018-01-27', '888', 8, 23, '4987.00', 4, 11, 1, 1, ''),
(908, '2019-09-13', '889', 12, 3, '4110.00', 4, 12, 1, 1, ''),
(909, '2018-02-10', '890', 3, 10, '3157.00', 2, 6, 4, 1, ''),
(910, '2018-07-02', '891', 5, 18, '4656.00', 2, 9, 1, 1, ''),
(911, '2018-08-26', '892', 3, 19, '1513.00', 5, 5, 4, 1, ''),
(912, '2017-10-09', '893', 11, 21, '2375.00', 1, 7, 1, 1, ''),
(913, '2018-10-30', '894', 6, 11, '3269.00', 5, 6, 4, 1, ''),
(914, '2017-12-14', '895', 5, 20, '4468.00', 5, 5, 4, 1, ''),
(915, '2019-04-03', '896', 6, 22, '3608.00', 1, 5, 4, 1, ''),
(916, '2017-12-13', '897', 2, 17, '2900.00', 5, 8, 1, 1, ''),
(917, '2018-12-08', '898', 4, 18, '2618.00', 2, 5, 3, 1, ''),
(918, '2018-06-28', '899', 6, 7, '2115.00', 5, 10, 2, 1, ''),
(919, '2018-02-17', '900', 6, 23, '2653.00', 3, 6, 2, 1, ''),
(920, '2019-04-13', '901', 11, 15, '4506.00', 4, 5, 1, 1, ''),
(921, '2018-10-10', '902', 7, 23, '4116.00', 5, 7, 2, 1, ''),
(922, '2018-06-20', '903', 5, 17, '1824.00', 2, 11, 4, 1, ''),
(923, '2019-01-18', '904', 6, 3, '3642.00', 1, 9, 3, 1, ''),
(924, '2018-05-16', '905', 6, 15, '1833.00', 1, 6, 3, 1, ''),
(925, '2019-06-21', '906', 6, 9, '2654.00', 5, 10, 2, 1, ''),
(926, '2018-12-13', '907', 2, 14, '2558.00', 3, 8, 2, 1, ''),
(927, '2019-01-19', '908', 5, 23, '3919.00', 2, 10, 2, 1, ''),
(928, '2019-06-15', '909', 3, 18, '1140.00', 3, 5, 1, 1, ''),
(929, '2018-05-15', '910', 8, 22, '1577.00', 4, 7, 3, 1, ''),
(930, '2018-02-10', '911', 12, 1, '4922.00', 3, 9, 3, 1, ''),
(931, '2019-06-06', '912', 4, 14, '3759.00', 1, 11, 4, 1, ''),
(932, '2017-10-09', '913', 5, 7, '4957.00', 5, 12, 2, 1, ''),
(933, '2018-06-19', '914', 4, 8, '1070.00', 2, 8, 2, 1, ''),
(934, '2017-12-02', '915', 7, 3, '1599.00', 3, 8, 3, 1, ''),
(935, '2018-10-14', '916', 11, 5, '2809.00', 5, 12, 2, 1, ''),
(936, '2018-08-29', '917', 7, 18, '4925.00', 1, 11, 3, 1, ''),
(937, '2017-10-09', '918', 4, 21, '4286.00', 2, 10, 3, 1, ''),
(938, '2019-04-09', '919', 10, 7, '4854.00', 5, 7, 4, 1, ''),
(939, '2019-05-21', '920', 9, 10, '2214.00', 2, 12, 3, 1, ''),
(940, '2019-06-18', '921', 12, 15, '3593.00', 5, 7, 1, 1, ''),
(941, '2019-06-01', '922', 9, 15, '3610.00', 1, 12, 2, 1, ''),
(942, '2019-07-25', '923', 12, 19, '1407.00', 1, 9, 4, 1, ''),
(943, '2018-11-13', '924', 3, 10, '3820.00', 1, 11, 2, 1, ''),
(944, '2017-10-30', '925', 2, 11, '4347.00', 2, 5, 4, 1, ''),
(945, '2018-10-07', '926', 10, 17, '4753.00', 4, 6, 3, 1, ''),
(946, '2019-04-18', '927', 6, 20, '2133.00', 5, 11, 4, 1, ''),
(947, '2019-05-04', '928', 9, 11, '1237.00', 5, 8, 1, 1, ''),
(948, '2019-04-08', '929', 11, 20, '3995.00', 5, 12, 2, 1, ''),
(949, '2018-12-03', '930', 10, 19, '4114.00', 3, 8, 2, 1, ''),
(950, '2019-02-05', '931', 10, 23, '2215.00', 1, 9, 4, 1, ''),
(951, '2018-11-02', '932', 8, 22, '3045.00', 4, 11, 2, 1, ''),
(952, '2019-01-10', '933', 8, 2, '4196.00', 4, 8, 1, 1, ''),
(953, '2019-05-28', '934', 10, 16, '1339.00', 5, 12, 2, 1, ''),
(954, '2019-01-18', '935', 9, 22, '2849.00', 3, 8, 2, 1, ''),
(955, '2018-06-25', '936', 10, 1, '1802.00', 5, 8, 4, 1, ''),
(956, '2018-10-23', '937', 7, 7, '1005.00', 1, 5, 4, 1, ''),
(957, '2017-10-18', '938', 11, 11, '4709.00', 4, 6, 1, 1, ''),
(958, '2017-09-30', '939', 8, 19, '3081.00', 4, 12, 1, 1, ''),
(959, '2018-03-24', '940', 11, 18, '1957.00', 1, 5, 3, 1, ''),
(960, '2019-01-27', '941', 9, 23, '3539.00', 5, 6, 1, 1, ''),
(961, '2018-12-21', '942', 5, 18, '4988.00', 4, 6, 2, 1, ''),
(962, '2018-08-14', '943', 12, 9, '3237.00', 5, 12, 2, 1, ''),
(963, '2018-11-24', '944', 4, 9, '4751.00', 4, 9, 4, 1, ''),
(964, '2018-08-04', '945', 12, 16, '4011.00', 4, 6, 2, 1, ''),
(965, '2018-03-08', '946', 8, 1, '4318.00', 3, 10, 2, 1, ''),
(966, '2018-12-30', '947', 3, 7, '1827.00', 2, 6, 2, 1, ''),
(967, '2017-11-26', '948', 4, 13, '1234.00', 5, 9, 1, 1, ''),
(968, '2018-01-23', '949', 11, 1, '1208.00', 4, 9, 1, 1, ''),
(969, '2018-08-28', '950', 11, 5, '1942.00', 1, 11, 3, 1, ''),
(970, '2019-07-28', '951', 2, 14, '4964.00', 5, 5, 2, 1, ''),
(971, '2019-08-15', '952', 11, 2, '4978.00', 1, 9, 2, 1, ''),
(972, '2019-08-31', '953', 8, 8, '1519.00', 1, 11, 1, 1, ''),
(973, '2017-11-14', '954', 7, 11, '1416.00', 3, 10, 3, 1, ''),
(974, '2019-05-08', '955', 12, 9, '2117.00', 4, 8, 2, 1, ''),
(975, '2018-01-08', '956', 4, 11, '1448.00', 1, 11, 3, 1, ''),
(976, '2019-04-05', '957', 12, 11, '4024.00', 3, 12, 4, 1, ''),
(977, '2018-02-15', '958', 11, 18, '2126.00', 1, 8, 4, 1, ''),
(978, '2017-11-18', '959', 5, 16, '1983.00', 2, 11, 3, 1, ''),
(979, '2018-01-21', '960', 12, 5, '3298.00', 2, 7, 4, 1, ''),
(980, '2019-08-17', '961', 2, 20, '4982.00', 5, 9, 4, 1, ''),
(981, '2017-12-30', '962', 3, 20, '1602.00', 4, 6, 1, 1, ''),
(982, '2017-10-10', '963', 8, 5, '4491.00', 2, 10, 3, 1, ''),
(983, '2018-06-19', '964', 10, 18, '1459.00', 1, 7, 4, 1, ''),
(984, '2017-09-30', '965', 9, 23, '1745.00', 2, 6, 4, 1, ''),
(985, '2017-09-22', '966', 9, 5, '3390.00', 1, 8, 2, 1, ''),
(986, '2018-08-27', '967', 6, 5, '4727.00', 1, 9, 2, 1, ''),
(987, '2019-08-18', '968', 4, 9, '4664.00', 2, 11, 3, 1, ''),
(988, '2017-10-10', '969', 9, 5, '2736.00', 5, 7, 2, 1, ''),
(989, '2018-11-04', '970', 3, 13, '3869.00', 5, 12, 4, 1, ''),
(990, '2018-05-30', '971', 8, 16, '2816.00', 3, 12, 1, 1, ''),
(991, '2018-10-18', '972', 4, 12, '1338.00', 4, 12, 3, 1, ''),
(992, '2018-05-24', '973', 4, 13, '3722.00', 5, 8, 3, 1, ''),
(993, '2019-06-21', '974', 11, 8, '3421.00', 4, 11, 4, 1, ''),
(994, '2018-09-22', '975', 5, 18, '1523.00', 5, 9, 4, 1, ''),
(995, '2019-02-10', '976', 12, 18, '2065.00', 2, 8, 2, 1, ''),
(996, '2018-08-09', '977', 8, 9, '2614.00', 2, 10, 4, 1, ''),
(997, '2018-08-30', '978', 11, 17, '2979.00', 1, 7, 2, 1, ''),
(998, '2019-07-22', '979', 7, 2, '1233.00', 4, 7, 2, 1, ''),
(999, '2018-11-22', '980', 6, 5, '4467.00', 5, 12, 3, 1, ''),
(1000, '2019-01-07', '981', 5, 7, '2520.00', 4, 8, 1, 1, ''),
(1001, '2017-10-27', '982', 11, 3, '4534.00', 5, 10, 1, 1, ''),
(1002, '2018-02-19', '983', 10, 14, '2434.00', 3, 5, 2, 1, ''),
(1003, '2018-02-13', '984', 5, 2, '2325.00', 5, 9, 2, 1, ''),
(1004, '2017-10-01', '985', 7, 1, '3341.00', 2, 7, 4, 1, ''),
(1005, '2017-11-07', '986', 6, 4, '2438.00', 1, 5, 4, 1, ''),
(1006, '2018-10-05', '987', 9, 18, '4362.00', 3, 9, 1, 1, ''),
(1007, '2017-12-13', '988', 9, 5, '1855.00', 1, 8, 4, 1, ''),
(1008, '2018-10-16', '989', 6, 20, '1804.00', 5, 10, 3, 1, ''),
(1009, '2019-08-23', '990', 9, 13, '4633.00', 1, 5, 3, 1, ''),
(1010, '2018-08-26', '991', 10, 22, '4318.00', 3, 6, 2, 1, ''),
(1011, '2019-09-05', '992', 2, 9, '1058.00', 5, 7, 2, 1, ''),
(1012, '2017-12-05', '993', 9, 4, '2233.00', 5, 6, 3, 1, ''),
(1013, '2017-09-23', '994', 11, 5, '4232.00', 3, 11, 3, 1, ''),
(1014, '2018-09-10', '995', 9, 13, '2596.00', 2, 10, 4, 1, ''),
(1015, '2018-01-11', '996', 8, 8, '4737.00', 3, 11, 3, 1, ''),
(1016, '2018-01-31', '997', 8, 7, '2929.00', 3, 10, 4, 1, ''),
(1017, '2019-06-27', '998', 8, 5, '2332.00', 5, 12, 4, 1, ''),
(1018, '2018-12-16', '999', 4, 17, '2864.00', 4, 9, 3, 1, ''),
(1019, '2018-04-28', '2000', 12, 9, '3403.00', 2, 7, 3, 1, ''),
(1020, '2018-05-13', '2001', 12, 13, '3765.00', 1, 12, 3, 1, ''),
(1021, '2019-06-10', '2002', 11, 2, '2717.00', 2, 12, 2, 1, ''),
(1022, '2019-03-02', '2003', 10, 7, '1286.00', 3, 8, 1, 1, ''),
(1023, '2018-08-11', '2004', 4, 7, '4262.00', 1, 11, 4, 1, ''),
(1024, '2018-03-25', '2005', 11, 13, '4320.00', 4, 8, 4, 1, ''),
(1025, '2019-03-13', '2006', 10, 22, '1478.00', 1, 8, 2, 1, ''),
(1026, '2019-08-02', '2007', 8, 14, '4077.00', 5, 6, 1, 1, ''),
(1027, '2018-11-23', '2008', 2, 2, '1411.00', 5, 7, 3, 1, ''),
(1028, '2019-08-03', '2009', 11, 9, '4873.00', 2, 7, 3, 1, ''),
(1029, '2019-03-11', '2010', 6, 7, '3597.00', 2, 8, 1, 1, ''),
(1030, '2017-11-14', '2011', 9, 13, '3896.00', 5, 11, 2, 1, ''),
(1031, '2019-08-24', '2012', 2, 21, '3772.00', 2, 7, 3, 1, ''),
(1032, '2019-08-24', '2013', 9, 13, '3549.00', 2, 12, 3, 1, ''),
(1033, '2017-09-23', '2014', 2, 17, '1680.00', 5, 8, 2, 1, ''),
(1034, '2019-02-20', '2015', 5, 22, '3858.00', 5, 5, 1, 1, ''),
(1035, '2018-11-16', '2016', 4, 7, '2790.00', 4, 9, 1, 1, ''),
(1036, '2019-01-11', '2017', 6, 22, '2755.00', 4, 5, 1, 1, ''),
(1037, '2018-11-12', '2018', 8, 4, '4336.00', 2, 7, 1, 1, ''),
(1038, '2018-10-20', '2019', 8, 22, '4966.00', 4, 8, 4, 1, ''),
(1039, '2017-10-05', '2020', 6, 10, '3759.00', 4, 5, 2, 1, ''),
(1040, '2019-06-03', '2021', 10, 8, '2565.00', 3, 12, 4, 1, ''),
(1041, '2018-11-02', '2022', 10, 17, '2513.00', 2, 5, 2, 1, ''),
(1042, '2017-10-20', '2023', 2, 1, '4439.00', 2, 8, 2, 1, ''),
(1043, '2018-04-27', '2024', 5, 19, '3975.00', 1, 12, 4, 1, ''),
(1044, '2018-04-03', '2025', 10, 8, '2576.00', 4, 10, 2, 1, ''),
(1045, '2019-04-07', '2026', 9, 14, '4674.00', 1, 9, 1, 1, ''),
(1046, '2019-01-20', '2027', 4, 23, '2825.00', 3, 11, 3, 1, ''),
(1047, '2018-09-26', '2028', 4, 6, '3506.00', 2, 12, 4, 1, ''),
(1048, '2018-11-13', '2029', 9, 20, '4956.00', 3, 12, 2, 1, ''),
(1049, '2019-04-16', '2030', 3, 5, '2965.00', 4, 6, 2, 1, ''),
(1050, '2019-06-11', '2031', 6, 5, '3430.00', 1, 9, 2, 1, ''),
(1051, '2019-01-24', '2032', 4, 12, '1945.00', 1, 5, 3, 1, ''),
(1052, '2019-04-22', '2033', 2, 20, '4449.00', 4, 5, 4, 1, ''),
(1053, '2018-10-25', '2034', 7, 3, '4903.00', 4, 9, 1, 1, ''),
(1054, '2019-07-25', '2035', 4, 15, '3641.00', 4, 7, 4, 1, ''),
(1055, '2018-02-16', '2036', 2, 5, '1768.00', 1, 11, 2, 1, ''),
(1056, '2018-12-21', '2037', 2, 9, '1861.00', 5, 7, 1, 1, ''),
(1057, '2018-06-25', '2038', 7, 2, '1565.00', 2, 5, 4, 1, ''),
(1058, '2019-08-07', '2039', 3, 20, '2500.00', 5, 10, 1, 1, ''),
(1059, '2018-05-30', '2040', 7, 5, '2457.00', 4, 12, 4, 1, ''),
(1060, '2018-03-27', '2041', 2, 5, '4338.00', 1, 10, 1, 1, ''),
(1061, '2018-02-27', '2042', 3, 2, '1760.00', 3, 9, 2, 1, ''),
(1062, '2018-04-06', '2043', 8, 21, '2168.00', 5, 8, 1, 1, ''),
(1063, '2019-08-17', '2044', 6, 9, '3858.00', 3, 11, 4, 1, ''),
(1064, '2017-11-19', '2045', 10, 2, '3970.00', 2, 10, 4, 1, ''),
(1065, '2019-06-19', '2046', 8, 2, '3011.00', 1, 8, 2, 1, ''),
(1066, '2019-07-06', '2047', 2, 14, '4404.00', 5, 9, 3, 1, ''),
(1067, '2018-11-01', '2048', 11, 7, '1998.00', 2, 5, 2, 1, ''),
(1068, '2018-10-16', '2049', 11, 19, '2471.00', 5, 8, 2, 1, ''),
(1069, '2019-04-24', '2050', 9, 21, '3035.00', 5, 9, 3, 1, ''),
(1070, '2019-07-01', '2051', 5, 23, '3986.00', 3, 11, 4, 1, ''),
(1071, '2018-05-28', '2052', 8, 22, '2907.00', 1, 6, 1, 1, ''),
(1072, '2019-05-12', '2053', 4, 23, '2522.00', 5, 7, 3, 1, ''),
(1073, '2019-07-08', '2054', 7, 15, '2817.00', 3, 10, 4, 1, ''),
(1074, '2019-08-30', '2055', 3, 8, '1769.00', 5, 11, 2, 1, ''),
(1075, '2019-04-13', '2056', 5, 5, '2221.00', 2, 8, 4, 1, ''),
(1076, '2018-05-05', '2057', 10, 6, '1335.00', 5, 8, 4, 1, ''),
(1077, '2018-02-18', '2058', 8, 9, '1453.00', 3, 10, 1, 1, ''),
(1078, '2018-03-05', '2059', 3, 15, '3238.00', 3, 12, 3, 1, ''),
(1079, '2019-06-09', '2060', 4, 15, '2776.00', 4, 12, 1, 1, ''),
(1080, '2018-11-18', '2061', 4, 23, '1734.00', 1, 8, 4, 1, ''),
(1081, '2019-04-07', '2062', 10, 21, '3475.00', 5, 12, 3, 1, ''),
(1082, '2018-03-09', '2063', 9, 17, '4012.00', 4, 10, 4, 1, ''),
(1083, '2018-07-25', '2064', 6, 16, '1914.00', 1, 6, 3, 1, ''),
(1084, '2018-05-16', '2065', 9, 15, '1572.00', 5, 5, 3, 1, ''),
(1085, '2018-01-15', '2066', 9, 10, '1967.00', 2, 6, 2, 1, ''),
(1086, '2019-06-07', '2067', 12, 4, '2219.00', 1, 12, 4, 1, ''),
(1087, '2018-10-02', '2068', 10, 1, '3351.00', 1, 7, 3, 1, ''),
(1088, '2018-02-14', '2069', 9, 14, '4136.00', 5, 10, 1, 1, ''),
(1089, '2018-09-26', '2070', 5, 4, '2589.00', 1, 7, 4, 1, ''),
(1090, '2019-02-07', '2071', 3, 2, '1723.00', 3, 9, 2, 1, ''),
(1091, '2018-08-24', '2072', 2, 20, '4229.00', 3, 7, 4, 1, ''),
(1092, '2018-06-28', '2073', 8, 23, '2986.00', 1, 9, 1, 1, ''),
(1093, '2018-07-03', '2074', 11, 11, '2447.00', 4, 11, 1, 1, ''),
(1094, '2018-06-30', '2075', 11, 7, '4822.00', 1, 7, 3, 1, ''),
(1095, '2019-03-14', '2076', 3, 3, '4426.00', 2, 11, 3, 1, ''),
(1096, '2018-12-30', '2077', 4, 2, '1047.00', 4, 7, 2, 1, ''),
(1097, '2019-02-05', '2078', 6, 21, '1532.00', 3, 8, 1, 1, ''),
(1098, '2018-08-26', '2079', 3, 4, '4779.00', 4, 5, 4, 1, ''),
(1099, '2019-03-02', '2080', 10, 17, '4316.00', 5, 11, 1, 1, ''),
(1100, '2018-08-12', '2081', 4, 11, '3441.00', 2, 6, 1, 1, ''),
(1101, '2019-03-18', '2082', 9, 23, '3372.00', 5, 10, 3, 1, ''),
(1102, '2017-12-14', '2083', 5, 15, '3355.00', 5, 10, 3, 1, ''),
(1103, '2017-09-28', '2084', 10, 9, '4898.00', 1, 9, 4, 1, ''),
(1104, '2019-02-09', '2085', 4, 6, '3624.00', 1, 7, 4, 1, ''),
(1105, '2019-02-18', '2086', 4, 4, '4587.00', 5, 10, 1, 1, ''),
(1106, '2019-09-05', '2087', 4, 22, '3034.00', 1, 11, 3, 1, ''),
(1107, '2019-09-11', '2088', 7, 17, '2068.00', 1, 11, 3, 1, ''),
(1108, '2018-06-09', '2089', 3, 23, '2505.00', 5, 10, 3, 1, ''),
(1109, '2017-11-11', '2090', 7, 19, '2434.00', 4, 9, 4, 1, ''),
(1110, '2019-06-28', '2091', 4, 14, '4151.00', 2, 7, 4, 1, ''),
(1111, '2018-03-17', '2092', 7, 7, '4427.00', 3, 11, 1, 1, ''),
(1112, '2019-01-02', '2093', 3, 20, '4204.00', 2, 6, 1, 1, ''),
(1113, '2018-07-06', '2094', 3, 1, '4371.00', 3, 8, 3, 1, ''),
(1114, '2017-11-01', '2095', 2, 19, '3882.00', 3, 7, 1, 1, ''),
(1115, '2018-07-27', '2096', 4, 12, '1250.00', 2, 10, 2, 1, ''),
(1116, '2017-12-16', '2097', 3, 21, '4454.00', 2, 5, 3, 1, ''),
(1117, '2018-04-10', '2098', 10, 13, '1155.00', 1, 10, 3, 1, ''),
(1118, '2017-09-27', '2099', 8, 14, '4110.00', 4, 8, 1, 1, ''),
(1119, '2018-06-02', '1900', 2, 6, '4963.00', 3, 5, 4, 1, ''),
(1120, '2019-09-11', '1901', 10, 22, '4313.00', 3, 10, 1, 1, ''),
(1121, '2019-05-26', '1902', 8, 19, '3896.00', 3, 7, 1, 1, ''),
(1122, '2019-05-17', '1903', 8, 7, '1190.00', 5, 7, 3, 1, ''),
(1123, '2018-01-11', '1904', 10, 20, '4783.00', 2, 8, 2, 1, ''),
(1124, '2019-05-04', '1905', 2, 10, '1205.00', 3, 7, 3, 1, ''),
(1125, '2019-09-01', '1906', 12, 23, '1197.00', 1, 11, 1, 1, ''),
(1126, '2018-05-13', '1907', 4, 19, '2463.00', 3, 8, 4, 1, ''),
(1127, '2018-11-27', '1908', 4, 8, '4103.00', 5, 7, 2, 1, ''),
(1128, '2018-11-13', '1909', 10, 14, '3155.00', 5, 7, 4, 1, ''),
(1129, '2018-02-03', '1910', 8, 16, '1237.00', 5, 10, 2, 1, ''),
(1130, '2019-03-18', '1911', 10, 11, '1222.00', 1, 6, 2, 1, ''),
(1131, '2017-10-06', '1912', 11, 5, '3541.00', 3, 9, 3, 1, ''),
(1132, '2018-09-04', '1913', 10, 19, '2016.00', 5, 11, 4, 1, ''),
(1133, '2019-08-08', '1914', 6, 20, '3859.00', 4, 8, 4, 1, ''),
(1134, '2019-07-31', '1915', 2, 9, '1305.00', 5, 5, 2, 1, ''),
(1135, '2019-08-08', '1916', 3, 11, '4250.00', 1, 9, 3, 1, ''),
(1136, '2017-11-09', '1917', 8, 15, '2034.00', 4, 9, 4, 1, ''),
(1137, '2019-07-04', '1918', 2, 13, '3157.00', 5, 10, 2, 1, ''),
(1138, '2017-09-27', '1919', 10, 13, '3280.00', 3, 8, 3, 1, ''),
(1139, '2018-07-28', '1920', 10, 10, '2348.00', 3, 9, 1, 1, ''),
(1140, '2019-09-04', '1921', 7, 2, '2871.00', 5, 10, 2, 1, ''),
(1141, '2018-06-29', '1922', 9, 12, '4448.00', 5, 9, 2, 1, ''),
(1142, '2017-11-29', '1923', 2, 2, '2608.00', 1, 6, 3, 1, ''),
(1143, '2018-01-14', '1924', 6, 3, '4298.00', 2, 12, 4, 1, ''),
(1144, '2017-11-05', '1925', 6, 13, '1612.00', 1, 8, 1, 1, ''),
(1145, '2019-06-20', '1926', 7, 18, '2429.00', 2, 8, 3, 1, ''),
(1146, '2018-01-20', '1927', 10, 20, '3086.00', 1, 10, 2, 1, ''),
(1147, '2018-12-26', '1928', 11, 8, '4807.00', 5, 10, 4, 1, ''),
(1148, '2019-02-02', '1929', 10, 23, '1063.00', 1, 6, 4, 1, ''),
(1149, '2018-05-21', '1930', 11, 1, '1920.00', 3, 12, 4, 1, ''),
(1150, '2017-09-25', '1931', 3, 4, '4703.00', 4, 8, 1, 1, ''),
(1151, '2018-11-21', '1932', 9, 3, '3172.00', 3, 9, 3, 1, ''),
(1152, '2019-05-05', '1933', 3, 10, '3273.00', 1, 12, 4, 1, ''),
(1153, '2018-01-16', '1934', 12, 22, '1251.00', 1, 8, 3, 1, ''),
(1154, '2019-01-03', '1935', 2, 7, '4520.00', 2, 8, 1, 1, ''),
(1155, '2018-11-14', '1936', 5, 16, '1140.00', 3, 12, 4, 1, ''),
(1156, '2018-04-17', '1937', 8, 2, '1207.00', 4, 9, 3, 1, ''),
(1157, '2018-04-23', '1938', 2, 7, '4718.00', 5, 11, 4, 1, ''),
(1158, '2019-03-28', '1939', 8, 11, '4476.00', 4, 7, 3, 1, ''),
(1159, '2018-12-12', '1940', 10, 12, '2441.00', 4, 10, 3, 1, ''),
(1160, '2018-04-21', '1941', 4, 16, '4160.00', 4, 11, 2, 1, ''),
(1161, '2019-04-27', '1942', 3, 14, '4373.00', 3, 6, 3, 1, ''),
(1162, '2019-07-14', '1943', 8, 19, '2439.00', 2, 8, 1, 1, ''),
(1163, '2019-05-21', '1944', 6, 21, '2478.00', 3, 12, 4, 1, ''),
(1164, '2019-01-29', '1945', 4, 16, '1558.00', 5, 9, 4, 1, ''),
(1165, '2019-04-25', '1946', 11, 12, '1828.00', 4, 9, 2, 1, ''),
(1166, '2017-12-20', '1947', 12, 14, '3219.00', 3, 12, 3, 1, ''),
(1167, '2019-01-13', '1948', 5, 4, '3332.00', 4, 7, 3, 1, ''),
(1168, '2019-04-20', '1949', 5, 10, '3231.00', 5, 7, 2, 1, ''),
(1169, '2018-07-31', '1950', 7, 4, '4880.00', 3, 8, 1, 1, ''),
(1170, '2018-05-21', '1951', 8, 23, '3784.00', 3, 9, 2, 1, ''),
(1171, '2019-06-02', '1952', 5, 18, '1350.00', 3, 7, 3, 1, ''),
(1172, '2018-10-15', '1953', 5, 17, '2514.00', 1, 10, 4, 1, ''),
(1173, '2019-08-12', '1954', 9, 18, '3254.00', 1, 7, 2, 1, ''),
(1174, '2018-10-07', '1955', 8, 19, '2842.00', 1, 12, 1, 1, ''),
(1175, '2017-10-13', '1956', 4, 4, '1903.00', 1, 8, 3, 1, ''),
(1176, '2018-10-26', '1957', 6, 23, '3210.00', 2, 10, 4, 1, ''),
(1177, '2017-11-04', '1958', 7, 17, '1424.00', 5, 10, 2, 1, ''),
(1178, '2018-11-19', '1959', 2, 21, '2175.00', 4, 5, 3, 1, ''),
(1179, '2018-01-23', '1960', 11, 15, '4075.00', 3, 8, 1, 1, ''),
(1180, '2019-03-18', '1961', 8, 8, '4038.00', 4, 12, 1, 1, ''),
(1181, '2018-07-12', '1962', 10, 22, '4763.00', 2, 5, 3, 1, ''),
(1182, '2018-12-21', '1963', 6, 9, '1880.00', 2, 9, 2, 1, ''),
(1183, '2018-09-02', '1964', 2, 11, '4897.00', 3, 5, 4, 1, ''),
(1184, '2019-05-14', '1965', 2, 5, '3858.00', 4, 9, 4, 1, ''),
(1185, '2018-10-08', '1966', 6, 5, '2972.00', 3, 11, 1, 1, ''),
(1186, '2019-04-09', '1967', 2, 10, '2442.00', 3, 9, 2, 1, ''),
(1187, '2018-03-01', '1968', 5, 22, '3693.00', 2, 5, 2, 1, ''),
(1188, '2019-03-28', '1969', 12, 17, '4352.00', 3, 11, 2, 1, ''),
(1189, '2018-11-01', '1970', 5, 14, '3042.00', 1, 6, 4, 1, ''),
(1190, '2019-01-06', '1971', 5, 6, '3302.00', 1, 9, 4, 1, ''),
(1191, '2019-05-23', '1972', 9, 13, '4187.00', 1, 9, 3, 1, ''),
(1192, '2018-07-13', '1973', 5, 20, '4012.00', 2, 5, 3, 1, ''),
(1193, '2018-04-21', '1974', 2, 16, '4294.00', 2, 7, 2, 1, ''),
(1194, '2018-09-18', '1975', 3, 19, '3306.00', 5, 6, 1, 1, ''),
(1195, '2018-10-31', '1976', 6, 1, '2050.00', 1, 11, 4, 1, ''),
(1196, '2017-11-12', '1977', 4, 17, '4688.00', 4, 9, 1, 1, ''),
(1197, '2017-10-11', '1978', 3, 18, '4004.00', 5, 11, 3, 1, ''),
(1198, '2018-04-04', '1979', 12, 14, '2058.00', 1, 12, 2, 1, ''),
(1199, '2018-02-27', '1980', 3, 7, '2810.00', 2, 10, 3, 1, ''),
(1200, '2017-11-08', '1981', 7, 12, '3529.00', 1, 9, 4, 1, ''),
(1201, '2019-02-12', '1982', 10, 5, '1133.00', 5, 7, 1, 1, ''),
(1202, '2018-11-29', '1983', 2, 22, '4038.00', 1, 9, 3, 1, ''),
(1203, '2017-11-24', '1984', 6, 12, '2455.00', 1, 5, 4, 1, ''),
(1204, '2019-04-28', '1985', 7, 23, '2978.00', 2, 5, 4, 1, ''),
(1205, '2019-09-07', '1986', 9, 14, '3927.00', 3, 11, 4, 1, ''),
(1206, '2019-05-31', '1987', 4, 2, '4352.00', 4, 6, 1, 1, ''),
(1207, '2018-10-07', '1988', 10, 8, '1501.00', 4, 5, 3, 1, ''),
(1208, '2018-03-07', '1989', 11, 6, '3507.00', 1, 10, 1, 1, ''),
(1209, '2019-07-11', '1990', 4, 4, '3470.00', 1, 11, 1, 1, ''),
(1210, '2018-02-20', '1991', 10, 11, '1584.00', 2, 12, 1, 1, ''),
(1211, '2019-06-07', '1992', 11, 21, '4122.00', 1, 5, 4, 1, ''),
(1212, '2018-05-25', '1993', 8, 12, '2644.00', 3, 10, 1, 1, ''),
(1213, '2018-10-22', '1994', 12, 8, '3635.00', 5, 9, 4, 1, ''),
(1214, '2017-10-18', '1995', 12, 14, '3029.00', 2, 12, 4, 1, ''),
(1215, '2019-01-04', '1996', 3, 11, '1006.00', 3, 8, 2, 1, ''),
(1216, '2017-11-10', '1997', 10, 4, '1768.00', 2, 9, 4, 1, ''),
(1217, '2018-06-27', '1998', 12, 11, '4206.00', 4, 7, 4, 1, ''),
(1218, '2018-08-31', '1999', 11, 3, '3503.00', 2, 5, 4, 1, ''),
(1219, '2018-01-03', '1300', 3, 23, '4795.00', 1, 10, 2, 1, ''),
(1220, '2018-05-08', '1301', 3, 11, '2675.00', 1, 6, 1, 1, ''),
(1221, '2017-10-23', '1302', 3, 22, '2869.00', 1, 7, 2, 1, ''),
(1222, '2017-11-29', '1303', 8, 12, '2650.00', 4, 6, 3, 1, ''),
(1223, '2018-08-14', '1304', 2, 17, '2877.00', 1, 9, 3, 1, ''),
(1224, '2018-04-23', '1305', 2, 1, '1347.00', 5, 11, 1, 1, ''),
(1225, '2019-04-26', '1306', 8, 12, '1226.00', 2, 12, 3, 1, ''),
(1226, '2018-12-31', '1307', 3, 20, '2228.00', 1, 9, 4, 1, ''),
(1227, '2018-01-19', '1308', 4, 8, '2686.00', 3, 12, 2, 1, ''),
(1228, '2019-03-04', '1309', 5, 5, '1386.00', 2, 5, 3, 1, ''),
(1229, '2018-07-16', '1310', 12, 3, '1449.00', 4, 6, 3, 1, ''),
(1230, '2018-01-07', '1311', 4, 18, '3567.00', 4, 8, 1, 1, ''),
(1231, '2019-09-04', '1312', 6, 9, '3288.00', 4, 8, 2, 1, ''),
(1232, '2019-01-08', '1313', 5, 16, '3383.00', 4, 9, 1, 1, ''),
(1233, '2019-01-23', '1314', 12, 9, '4430.00', 4, 8, 2, 1, ''),
(1234, '2017-10-26', '1315', 11, 14, '3132.00', 4, 9, 3, 1, ''),
(1235, '2018-03-04', '1316', 8, 18, '2731.00', 5, 10, 1, 1, ''),
(1236, '2018-01-04', '1317', 3, 14, '3605.00', 5, 11, 3, 1, ''),
(1237, '2018-10-29', '1318', 7, 21, '2940.00', 2, 9, 4, 1, ''),
(1238, '2018-05-18', '1319', 5, 2, '1074.00', 2, 10, 2, 1, ''),
(1239, '2018-05-17', '1320', 5, 23, '2855.00', 3, 5, 4, 1, ''),
(1240, '2018-10-09', '1321', 10, 8, '3370.00', 1, 10, 1, 1, ''),
(1241, '2018-07-21', '1322', 8, 1, '3150.00', 2, 7, 2, 1, ''),
(1242, '2018-08-04', '1323', 8, 22, '4057.00', 4, 9, 2, 1, ''),
(1243, '2019-07-16', '1324', 10, 23, '3706.00', 1, 11, 2, 1, ''),
(1244, '2019-04-25', '1325', 8, 17, '2373.00', 5, 10, 2, 1, ''),
(1245, '2019-03-20', '1326', 5, 5, '3104.00', 1, 11, 4, 1, ''),
(1246, '2019-07-11', '1327', 9, 11, '3178.00', 2, 11, 1, 1, ''),
(1247, '2019-04-14', '1328', 9, 20, '2724.00', 5, 6, 3, 1, ''),
(1248, '2018-05-24', '1329', 8, 14, '1847.00', 5, 5, 3, 1, ''),
(1249, '2019-08-30', '1330', 3, 23, '1040.00', 4, 5, 1, 1, ''),
(1250, '2018-08-19', '1331', 9, 15, '4486.00', 2, 9, 4, 1, ''),
(1251, '2017-10-01', '1332', 11, 2, '2348.00', 3, 7, 4, 1, ''),
(1252, '2018-09-23', '1333', 10, 3, '2598.00', 3, 8, 2, 1, ''),
(1253, '2018-08-14', '1334', 4, 21, '4232.00', 3, 5, 3, 1, ''),
(1254, '2019-01-14', '1335', 7, 6, '4286.00', 5, 5, 2, 1, ''),
(1255, '2019-09-05', '1336', 9, 12, '3295.00', 1, 6, 1, 1, ''),
(1256, '2019-05-12', '1337', 8, 1, '3195.00', 3, 11, 2, 1, ''),
(1257, '2019-06-10', '1338', 12, 5, '2000.00', 4, 8, 1, 1, ''),
(1258, '2018-04-28', '1339', 2, 15, '4462.00', 1, 5, 3, 1, ''),
(1259, '2019-03-03', '1340', 3, 6, '4161.00', 5, 6, 3, 1, ''),
(1260, '2019-01-07', '1341', 5, 7, '4673.00', 5, 11, 1, 1, ''),
(1261, '2019-05-03', '1342', 11, 1, '1051.00', 2, 5, 3, 1, ''),
(1262, '2018-09-06', '1343', 11, 4, '1778.00', 3, 10, 3, 1, ''),
(1263, '2018-07-23', '1344', 9, 5, '1784.00', 5, 12, 1, 1, ''),
(1264, '2018-10-26', '1345', 2, 5, '1198.00', 3, 6, 1, 1, ''),
(1265, '2018-08-19', '1346', 6, 2, '1755.00', 3, 5, 3, 1, ''),
(1266, '2019-09-13', '1347', 5, 3, '2775.00', 2, 8, 2, 1, ''),
(1267, '2018-07-21', '1348', 7, 4, '4334.00', 4, 7, 3, 1, ''),
(1268, '2019-09-04', '1349', 11, 11, '2962.00', 1, 9, 2, 1, ''),
(1269, '2017-11-02', '1350', 11, 20, '3564.00', 2, 10, 3, 1, ''),
(1270, '2019-04-19', '1351', 3, 13, '3712.00', 1, 12, 4, 1, ''),
(1271, '2019-01-01', '1352', 9, 11, '1972.00', 5, 10, 3, 1, ''),
(1272, '2017-10-10', '1353', 9, 6, '2493.00', 4, 12, 3, 1, ''),
(1273, '2018-03-20', '1354', 4, 7, '4507.00', 5, 12, 4, 1, ''),
(1274, '2018-03-23', '1355', 5, 1, '4702.00', 3, 11, 1, 1, ''),
(1275, '2018-12-16', '1356', 3, 16, '3607.00', 1, 6, 4, 1, ''),
(1276, '2019-09-06', '1357', 8, 9, '4274.00', 2, 12, 1, 1, ''),
(1277, '2019-08-11', '1358', 2, 13, '1486.00', 5, 5, 2, 1, ''),
(1278, '2017-12-03', '1359', 9, 8, '2867.00', 1, 5, 4, 1, ''),
(1279, '2017-09-29', '1360', 2, 5, '3578.00', 4, 10, 2, 1, ''),
(1280, '2019-03-14', '1361', 11, 19, '3789.00', 1, 10, 1, 1, ''),
(1281, '2019-05-05', '1362', 10, 7, '4023.00', 5, 9, 1, 1, ''),
(1282, '2019-08-13', '1363', 6, 19, '4637.00', 5, 8, 4, 1, ''),
(1283, '2019-06-26', '1364', 6, 3, '3419.00', 2, 8, 3, 1, ''),
(1284, '2017-11-17', '1365', 9, 7, '1633.00', 4, 10, 3, 1, ''),
(1285, '2018-05-17', '1366', 11, 23, '1818.00', 5, 10, 3, 1, ''),
(1286, '2019-08-16', '1367', 2, 8, '4978.00', 3, 5, 3, 1, ''),
(1287, '2018-09-06', '1368', 8, 6, '2439.00', 1, 12, 3, 1, ''),
(1288, '2019-02-11', '1369', 2, 7, '4184.00', 3, 7, 2, 1, ''),
(1289, '2019-05-25', '1370', 9, 14, '4186.00', 5, 6, 3, 1, ''),
(1290, '2017-10-19', '1371', 11, 4, '2656.00', 3, 11, 4, 1, ''),
(1291, '2019-02-21', '1372', 10, 22, '1733.00', 5, 6, 1, 1, ''),
(1292, '2018-02-18', '1373', 2, 12, '3260.00', 5, 10, 2, 1, ''),
(1293, '2019-03-26', '1374', 6, 8, '3328.00', 1, 11, 1, 1, ''),
(1294, '2019-01-13', '1375', 5, 20, '2503.00', 2, 9, 2, 1, ''),
(1295, '2018-02-21', '1376', 6, 11, '4812.00', 1, 11, 2, 1, ''),
(1296, '2018-03-28', '1377', 11, 9, '1729.00', 2, 6, 4, 1, ''),
(1297, '2017-09-29', '1378', 4, 9, '3187.00', 1, 9, 3, 1, ''),
(1298, '2017-10-13', '1379', 9, 21, '3467.00', 3, 7, 1, 1, ''),
(1299, '2018-02-18', '1380', 2, 15, '3622.00', 3, 9, 1, 1, ''),
(1300, '2019-01-03', '1381', 7, 6, '1007.00', 2, 12, 3, 1, ''),
(1301, '2019-05-13', '1382', 3, 8, '3308.00', 1, 8, 4, 1, ''),
(1302, '2018-02-08', '1383', 7, 11, '1618.00', 1, 6, 3, 1, ''),
(1303, '2018-06-22', '1384', 8, 7, '2091.00', 4, 6, 3, 1, ''),
(1304, '2017-12-27', '1385', 11, 5, '3682.00', 3, 9, 2, 1, ''),
(1305, '2018-08-10', '1386', 8, 3, '1810.00', 2, 7, 1, 1, ''),
(1306, '2018-05-22', '1387', 4, 13, '4838.00', 5, 6, 4, 1, ''),
(1307, '2018-12-07', '1388', 2, 17, '2332.00', 2, 9, 4, 1, ''),
(1308, '2018-03-23', '1389', 11, 23, '1203.00', 5, 5, 3, 1, ''),
(1309, '2019-02-06', '1390', 9, 9, '3605.00', 5, 6, 1, 1, ''),
(1310, '2019-08-28', '1391', 5, 12, '4891.00', 3, 5, 4, 1, ''),
(1311, '2019-05-19', '1392', 12, 2, '3913.00', 1, 6, 2, 1, ''),
(1312, '2018-10-27', '1393', 9, 10, '4427.00', 3, 9, 3, 1, ''),
(1313, '2019-08-24', '1394', 5, 15, '3340.00', 2, 11, 1, 1, ''),
(1314, '2019-08-12', '1395', 5, 4, '2674.00', 1, 8, 1, 1, ''),
(1315, '2019-03-04', '1396', 9, 8, '3274.00', 1, 6, 1, 1, ''),
(1316, '2017-12-11', '1397', 12, 1, '1964.00', 4, 5, 2, 1, ''),
(1317, '2018-03-30', '1398', 9, 19, '4227.00', 1, 10, 3, 1, ''),
(1318, '2019-07-14', '1399', 5, 1, '2518.00', 1, 9, 3, 1, ''),
(1319, '2019-04-05', '1800', 9, 9, '2058.00', 2, 12, 4, 1, ''),
(1320, '2018-11-11', '1801', 10, 10, '3376.00', 3, 8, 4, 1, ''),
(1321, '2018-09-07', '1802', 12, 1, '4041.00', 4, 12, 4, 1, ''),
(1322, '2018-12-19', '1803', 6, 7, '1382.00', 5, 7, 1, 1, ''),
(1323, '2019-07-23', '1804', 2, 2, '4086.00', 2, 10, 2, 1, ''),
(1324, '2019-05-09', '1805', 11, 18, '3102.00', 2, 8, 2, 1, ''),
(1325, '2018-04-21', '1806', 12, 15, '2031.00', 5, 10, 1, 1, ''),
(1326, '2018-09-20', '1807', 9, 4, '3140.00', 3, 5, 3, 1, ''),
(1327, '2018-04-02', '1808', 7, 11, '2410.00', 5, 5, 1, 1, ''),
(1328, '2017-11-01', '1809', 8, 4, '2705.00', 5, 8, 1, 1, ''),
(1329, '2019-08-26', '1810', 12, 20, '2065.00', 2, 7, 3, 1, ''),
(1330, '2019-04-24', '1811', 11, 10, '2746.00', 3, 10, 3, 1, ''),
(1331, '2018-06-04', '1812', 12, 1, '1343.00', 1, 10, 4, 1, ''),
(1332, '2018-01-09', '1813', 11, 8, '3265.00', 4, 6, 4, 1, ''),
(1333, '2019-01-11', '1814', 4, 10, '4330.00', 2, 11, 3, 1, ''),
(1334, '2018-07-15', '1815', 5, 19, '2932.00', 2, 5, 3, 1, ''),
(1335, '2018-04-07', '1816', 5, 6, '4945.00', 2, 5, 4, 1, ''),
(1336, '2018-04-10', '1817', 7, 12, '4222.00', 4, 11, 1, 1, ''),
(1337, '2018-08-07', '1818', 5, 5, '4026.00', 5, 12, 1, 1, ''),
(1338, '2018-01-26', '1819', 5, 9, '3763.00', 1, 10, 1, 1, ''),
(1339, '2018-04-28', '1820', 6, 22, '4690.00', 1, 5, 4, 1, ''),
(1340, '2017-12-20', '1821', 8, 9, '4943.00', 3, 12, 3, 1, ''),
(1341, '2019-07-31', '1822', 4, 19, '3344.00', 1, 10, 1, 1, ''),
(1342, '2017-12-09', '1823', 5, 15, '4915.00', 1, 11, 1, 1, ''),
(1343, '2019-05-21', '1824', 10, 23, '2024.00', 2, 7, 2, 1, ''),
(1344, '2017-12-29', '1825', 6, 21, '3260.00', 1, 8, 3, 1, ''),
(1345, '2018-03-21', '1826', 4, 8, '2797.00', 1, 6, 1, 1, ''),
(1346, '2017-11-22', '1827', 9, 5, '3022.00', 1, 7, 1, 1, ''),
(1347, '2017-10-20', '1828', 6, 12, '1370.00', 5, 6, 4, 1, ''),
(1348, '2019-06-14', '1829', 4, 5, '3746.00', 5, 5, 1, 1, ''),
(1349, '2018-07-03', '1830', 7, 9, '4207.00', 1, 12, 1, 1, ''),
(1350, '2018-04-07', '1831', 11, 13, '4332.00', 1, 5, 1, 1, ''),
(1351, '2018-02-21', '1832', 3, 10, '4410.00', 2, 5, 1, 1, ''),
(1352, '2018-03-27', '1833', 3, 13, '2913.00', 1, 7, 2, 1, ''),
(1353, '2019-08-16', '1834', 2, 1, '4519.00', 4, 8, 2, 1, ''),
(1354, '2018-05-18', '1835', 8, 11, '4669.00', 1, 12, 3, 1, ''),
(1355, '2018-09-02', '1836', 3, 9, '4428.00', 1, 12, 3, 1, ''),
(1356, '2018-05-01', '1837', 4, 2, '4303.00', 4, 8, 1, 1, ''),
(1357, '2017-11-12', '1838', 8, 15, '1694.00', 3, 8, 2, 1, ''),
(1358, '2019-05-23', '1839', 7, 9, '2580.00', 4, 11, 1, 1, ''),
(1359, '2018-06-04', '1840', 11, 14, '3735.00', 2, 12, 3, 1, ''),
(1360, '2019-06-09', '1841', 8, 22, '4689.00', 4, 11, 4, 1, ''),
(1361, '2019-07-05', '1842', 8, 22, '4942.00', 5, 9, 1, 1, ''),
(1362, '2018-04-10', '1843', 12, 21, '3079.00', 4, 7, 1, 1, ''),
(1363, '2018-03-01', '1844', 10, 18, '2072.00', 2, 8, 3, 1, ''),
(1364, '2018-08-06', '1845', 9, 1, '4726.00', 4, 11, 4, 1, ''),
(1365, '2019-06-23', '1846', 4, 23, '4667.00', 1, 12, 4, 1, ''),
(1366, '2018-02-14', '1847', 4, 11, '1413.00', 3, 8, 1, 1, ''),
(1367, '2018-05-29', '1848', 8, 20, '2191.00', 4, 9, 4, 1, ''),
(1368, '2018-11-22', '1849', 3, 2, '1319.00', 5, 9, 4, 1, ''),
(1369, '2019-06-02', '1850', 8, 3, '2706.00', 1, 5, 3, 1, ''),
(1370, '2019-03-25', '1851', 3, 1, '3127.00', 1, 10, 3, 1, ''),
(1371, '2018-02-08', '1852', 8, 16, '4088.00', 5, 12, 4, 1, ''),
(1372, '2018-07-12', '1853', 10, 7, '1102.00', 4, 10, 1, 1, ''),
(1373, '2018-03-03', '1854', 9, 23, '1507.00', 1, 11, 3, 1, ''),
(1374, '2019-03-25', '1855', 9, 4, '2013.00', 5, 6, 4, 1, ''),
(1375, '2018-06-03', '1856', 12, 7, '3943.00', 5, 12, 3, 1, ''),
(1376, '2017-10-30', '1857', 3, 14, '4811.00', 4, 5, 3, 1, ''),
(1377, '2017-10-14', '1858', 10, 5, '1569.00', 5, 6, 2, 1, ''),
(1378, '2017-10-31', '1859', 10, 21, '1728.00', 5, 11, 1, 1, ''),
(1379, '2017-12-17', '1860', 6, 2, '2231.00', 1, 8, 1, 1, ''),
(1380, '2017-10-23', '1861', 7, 15, '1969.00', 1, 5, 1, 1, ''),
(1381, '2018-11-07', '1862', 9, 8, '2576.00', 5, 8, 2, 1, ''),
(1382, '2018-12-13', '1863', 11, 20, '4190.00', 5, 12, 4, 1, ''),
(1383, '2019-03-04', '1864', 8, 3, '4841.00', 1, 10, 3, 1, ''),
(1384, '2019-02-18', '1865', 10, 6, '4211.00', 2, 5, 1, 1, ''),
(1385, '2017-11-22', '1866', 2, 8, '3053.00', 3, 7, 2, 1, ''),
(1386, '2018-11-02', '1867', 8, 10, '2700.00', 1, 11, 2, 1, ''),
(1387, '2018-01-19', '1868', 4, 14, '3964.00', 1, 10, 2, 1, ''),
(1388, '2018-04-28', '1869', 11, 9, '1383.00', 3, 6, 2, 1, ''),
(1389, '2018-04-06', '1870', 3, 22, '1673.00', 5, 12, 2, 1, ''),
(1390, '2018-05-15', '1871', 7, 1, '2554.00', 2, 5, 2, 1, ''),
(1391, '2018-04-21', '1872', 6, 23, '1289.00', 1, 5, 3, 1, ''),
(1392, '2017-11-20', '1873', 12, 22, '3650.00', 5, 9, 4, 1, ''),
(1393, '2018-03-23', '1874', 9, 5, '1591.00', 1, 9, 3, 1, ''),
(1394, '2018-02-24', '1875', 8, 3, '1153.00', 4, 10, 2, 1, ''),
(1395, '2019-06-12', '1876', 8, 1, '2304.00', 4, 12, 4, 1, ''),
(1396, '2018-12-19', '1877', 9, 2, '2543.00', 3, 10, 1, 1, ''),
(1397, '2018-11-17', '1878', 9, 21, '1492.00', 5, 5, 2, 1, ''),
(1398, '2019-03-22', '1879', 3, 6, '3255.00', 5, 10, 1, 1, ''),
(1399, '2017-10-09', '1880', 11, 19, '3372.00', 3, 12, 4, 1, ''),
(1400, '2018-06-10', '1881', 3, 2, '1993.00', 1, 7, 2, 1, ''),
(1401, '2019-05-06', '1882', 9, 21, '3747.00', 5, 11, 2, 1, ''),
(1402, '2017-10-01', '1883', 6, 13, '4299.00', 3, 10, 4, 1, ''),
(1403, '2017-10-31', '1884', 8, 1, '4088.00', 5, 10, 4, 1, ''),
(1404, '2017-10-31', '1885', 3, 18, '3430.00', 4, 12, 2, 1, ''),
(1405, '2018-12-07', '1886', 12, 3, '3798.00', 4, 6, 1, 1, ''),
(1406, '2018-05-31', '1887', 7, 21, '3844.00', 3, 10, 3, 1, ''),
(1407, '2018-11-13', '1888', 12, 2, '3219.00', 4, 8, 4, 1, ''),
(1408, '2019-03-13', '1889', 7, 18, '3648.00', 3, 5, 1, 1, ''),
(1409, '2018-12-03', '1890', 6, 6, '1658.00', 2, 5, 4, 1, ''),
(1410, '2018-12-25', '1891', 2, 13, '4107.00', 1, 6, 4, 1, ''),
(1411, '2018-06-26', '1892', 9, 19, '2677.00', 4, 8, 2, 1, ''),
(1412, '2017-09-26', '1893', 4, 20, '2206.00', 4, 7, 4, 1, ''),
(1413, '2017-12-12', '1894', 11, 17, '3419.00', 1, 5, 1, 1, ''),
(1414, '2018-03-17', '1895', 12, 15, '4972.00', 5, 11, 1, 1, ''),
(1415, '2019-01-15', '1896', 4, 11, '4459.00', 4, 8, 3, 1, ''),
(1416, '2019-01-20', '1897', 3, 14, '4819.00', 1, 9, 4, 1, ''),
(1417, '2019-06-14', '1898', 3, 14, '1343.00', 5, 7, 3, 1, ''),
(1418, '2018-08-24', '1899', 5, 21, '1634.00', 1, 6, 2, 1, ''),
(1419, '2019-01-04', '1700', 3, 17, '4367.00', 3, 10, 4, 1, ''),
(1420, '2018-10-09', '1701', 7, 8, '3720.00', 5, 12, 3, 1, ''),
(1421, '2019-05-16', '1702', 7, 8, '1339.00', 5, 12, 2, 1, ''),
(1422, '2018-08-15', '1703', 8, 16, '2876.00', 3, 12, 3, 1, ''),
(1423, '2019-03-07', '1704', 2, 2, '2263.00', 1, 10, 1, 1, ''),
(1424, '2018-01-18', '1705', 7, 3, '2225.00', 2, 5, 1, 1, ''),
(1425, '2017-11-14', '1706', 8, 22, '3636.00', 2, 7, 4, 1, ''),
(1426, '2018-03-16', '1707', 5, 7, '1012.00', 3, 11, 2, 1, ''),
(1427, '2018-04-21', '1708', 4, 13, '1706.00', 3, 7, 2, 1, ''),
(1428, '2017-10-26', '1709', 4, 6, '3287.00', 5, 11, 3, 1, ''),
(1429, '2019-09-16', '1710', 10, 8, '4664.00', 5, 11, 2, 1, ''),
(1430, '2018-03-13', '1711', 3, 10, '4820.00', 4, 9, 1, 1, ''),
(1431, '2018-08-08', '1712', 5, 17, '1795.00', 1, 11, 3, 1, ''),
(1432, '2017-11-13', '1713', 2, 8, '3790.00', 5, 10, 2, 1, ''),
(1433, '2019-03-28', '1714', 11, 5, '1017.00', 1, 6, 1, 1, ''),
(1434, '2017-11-18', '1715', 12, 8, '4666.00', 4, 6, 4, 1, ''),
(1435, '2018-05-30', '1716', 8, 9, '4778.00', 2, 12, 4, 1, ''),
(1436, '2019-06-21', '1717', 2, 11, '4139.00', 1, 7, 3, 1, ''),
(1437, '2019-04-24', '1718', 9, 9, '4021.00', 5, 11, 4, 1, ''),
(1438, '2019-05-20', '1719', 3, 8, '3856.00', 5, 5, 3, 1, ''),
(1439, '2018-04-23', '1720', 11, 2, '2438.00', 2, 11, 1, 1, ''),
(1440, '2017-12-14', '1721', 8, 13, '3136.00', 2, 5, 4, 1, ''),
(1441, '2019-02-08', '1722', 3, 17, '2440.00', 2, 10, 3, 1, ''),
(1442, '2017-12-17', '1723', 7, 7, '4882.00', 1, 9, 1, 1, ''),
(1443, '2019-07-21', '1724', 12, 22, '4218.00', 5, 10, 3, 1, ''),
(1444, '2018-08-11', '1725', 4, 3, '4490.00', 3, 8, 3, 1, ''),
(1445, '2019-04-18', '1726', 4, 15, '2532.00', 3, 6, 1, 1, ''),
(1446, '2019-01-19', '1727', 11, 17, '4399.00', 4, 7, 2, 1, ''),
(1447, '2017-10-17', '1728', 2, 19, '4120.00', 5, 8, 1, 1, ''),
(1448, '2018-03-09', '1729', 8, 16, '1347.00', 2, 8, 2, 1, ''),
(1449, '2018-09-19', '1730', 12, 21, '4754.00', 3, 8, 1, 1, ''),
(1450, '2018-06-14', '1731', 4, 5, '2462.00', 1, 8, 3, 1, ''),
(1451, '2019-07-20', '1732', 8, 9, '1390.00', 3, 5, 1, 1, ''),
(1452, '2018-06-18', '1733', 6, 13, '3223.00', 5, 5, 3, 1, ''),
(1453, '2019-04-07', '1734', 3, 17, '4507.00', 2, 11, 3, 1, ''),
(1454, '2018-12-26', '1735', 2, 21, '3254.00', 2, 5, 1, 1, ''),
(1455, '2017-11-28', '1736', 2, 19, '3475.00', 3, 7, 1, 1, ''),
(1456, '2018-01-18', '1737', 11, 15, '1790.00', 5, 12, 4, 1, ''),
(1457, '2019-06-18', '1738', 2, 7, '2537.00', 3, 6, 1, 1, ''),
(1458, '2019-07-07', '1739', 4, 7, '2647.00', 5, 7, 2, 1, ''),
(1459, '2018-11-15', '1740', 6, 3, '3458.00', 2, 6, 4, 1, ''),
(1460, '2019-04-11', '1741', 3, 2, '3423.00', 3, 7, 2, 1, ''),
(1461, '2019-05-17', '1742', 4, 22, '4820.00', 5, 12, 2, 1, ''),
(1462, '2018-07-27', '1743', 5, 4, '1971.00', 3, 9, 1, 1, ''),
(1463, '2018-12-14', '1744', 9, 9, '3661.00', 1, 11, 2, 1, ''),
(1464, '2018-01-11', '1745', 6, 14, '1869.00', 2, 10, 3, 1, ''),
(1465, '2018-07-28', '1746', 11, 13, '2116.00', 5, 8, 4, 1, ''),
(1466, '2019-09-19', '1747', 8, 11, '3228.00', 5, 8, 4, 1, ''),
(1467, '2018-09-24', '1748', 4, 19, '4703.00', 3, 7, 3, 1, ''),
(1468, '2019-07-24', '1749', 11, 15, '2271.00', 4, 11, 1, 1, ''),
(1469, '2018-11-27', '1750', 5, 10, '3836.00', 3, 5, 4, 1, ''),
(1470, '2019-01-17', '1751', 2, 22, '3673.00', 1, 7, 1, 1, ''),
(1471, '2019-06-28', '1752', 6, 11, '3803.00', 5, 8, 2, 1, ''),
(1472, '2017-10-13', '1753', 11, 7, '1722.00', 4, 11, 1, 1, ''),
(1473, '2018-01-23', '1754', 5, 2, '4466.00', 1, 5, 2, 1, ''),
(1474, '2019-07-29', '1755', 9, 17, '1481.00', 3, 12, 4, 1, ''),
(1475, '2019-02-06', '1756', 2, 9, '3723.00', 4, 6, 2, 1, ''),
(1476, '2019-02-25', '1757', 10, 3, '2178.00', 4, 6, 4, 1, ''),
(1477, '2017-10-15', '1758', 10, 11, '2699.00', 1, 10, 4, 1, ''),
(1478, '2017-12-16', '1759', 11, 14, '3875.00', 5, 12, 4, 1, ''),
(1479, '2018-03-02', '1760', 9, 4, '4082.00', 3, 8, 1, 1, ''),
(1480, '2018-01-20', '1761', 10, 8, '3994.00', 2, 9, 4, 1, ''),
(1481, '2018-09-18', '1762', 12, 14, '2151.00', 5, 5, 4, 1, ''),
(1482, '2019-07-22', '1763', 7, 13, '1187.00', 2, 10, 1, 1, ''),
(1483, '2019-06-15', '1764', 2, 18, '2156.00', 1, 10, 3, 1, ''),
(1484, '2018-08-24', '1765', 3, 10, '1781.00', 2, 9, 3, 1, ''),
(1485, '2018-07-04', '1766', 4, 22, '4862.00', 3, 6, 4, 1, ''),
(1486, '2018-12-12', '1767', 10, 4, '1542.00', 1, 10, 1, 1, ''),
(1487, '2018-06-21', '1768', 2, 2, '3324.00', 1, 6, 1, 1, ''),
(1488, '2019-04-25', '1769', 9, 9, '3592.00', 5, 10, 4, 1, ''),
(1489, '2018-03-31', '1770', 6, 18, '1721.00', 4, 10, 1, 1, ''),
(1490, '2019-01-23', '1771', 8, 14, '3948.00', 3, 5, 4, 1, ''),
(1491, '2018-02-07', '1772', 2, 1, '1049.00', 3, 10, 4, 1, ''),
(1492, '2017-11-03', '1773', 5, 7, '1797.00', 5, 12, 3, 1, ''),
(1493, '2019-01-27', '1774', 2, 11, '1944.00', 1, 6, 3, 1, ''),
(1494, '2018-03-22', '1775', 10, 8, '2051.00', 3, 6, 3, 1, ''),
(1495, '2019-08-11', '1776', 5, 4, '1278.00', 2, 11, 1, 1, ''),
(1496, '2019-07-18', '1777', 9, 8, '3067.00', 3, 10, 3, 1, ''),
(1497, '2019-08-09', '1778', 6, 7, '3661.00', 3, 12, 4, 1, ''),
(1498, '2018-05-01', '1779', 8, 11, '1693.00', 3, 7, 2, 1, ''),
(1499, '2019-05-17', '1780', 7, 8, '3796.00', 3, 5, 4, 1, ''),
(1500, '2017-10-10', '1781', 6, 4, '4016.00', 2, 11, 2, 1, ''),
(1501, '2018-05-26', '1782', 9, 21, '1900.00', 5, 8, 3, 1, ''),
(1502, '2018-04-01', '1783', 9, 15, '3947.00', 5, 5, 4, 1, ''),
(1503, '2019-07-01', '1784', 11, 15, '2857.00', 1, 5, 4, 1, ''),
(1504, '2018-05-20', '1785', 8, 4, '3030.00', 1, 10, 2, 1, ''),
(1505, '2019-02-21', '1786', 2, 11, '4231.00', 2, 9, 3, 1, ''),
(1506, '2019-02-18', '1787', 5, 19, '3810.00', 2, 11, 3, 1, ''),
(1507, '2018-03-17', '1788', 6, 20, '4408.00', 2, 5, 2, 1, ''),
(1508, '2019-01-16', '1789', 8, 9, '1062.00', 3, 7, 4, 1, ''),
(1509, '2019-01-16', '1790', 7, 14, '1474.00', 2, 6, 2, 1, ''),
(1510, '2018-01-23', '1791', 6, 15, '4271.00', 2, 9, 3, 1, ''),
(1511, '2018-06-09', '1792', 12, 19, '1470.00', 4, 10, 3, 1, ''),
(1512, '2018-03-13', '1793', 3, 6, '3039.00', 2, 7, 1, 1, ''),
(1513, '2019-08-29', '1794', 6, 11, '3470.00', 4, 6, 2, 1, ''),
(1514, '2019-02-18', '1795', 4, 23, '3783.00', 1, 9, 3, 1, ''),
(1515, '2017-10-31', '1796', 3, 2, '3507.00', 5, 10, 3, 1, ''),
(1516, '2018-02-09', '1797', 12, 11, '4656.00', 2, 7, 4, 1, ''),
(1517, '2019-07-06', '1798', 6, 3, '3534.00', 5, 6, 3, 1, ''),
(1518, '2018-02-27', '1799', 6, 19, '4014.00', 3, 12, 2, 1, ''),
(1519, '2019-06-02', '1600', 5, 6, '4223.00', 3, 7, 3, 1, ''),
(1520, '2018-05-31', '1601', 11, 17, '1001.00', 4, 9, 1, 1, ''),
(1521, '2019-08-10', '1602', 11, 19, '1796.00', 5, 6, 2, 1, ''),
(1522, '2019-02-26', '1603', 4, 20, '2804.00', 2, 7, 3, 1, ''),
(1523, '2019-05-25', '1604', 10, 4, '4136.00', 4, 10, 1, 1, ''),
(1524, '2019-02-22', '1605', 11, 23, '1570.00', 1, 9, 4, 1, ''),
(1525, '2017-10-29', '1606', 10, 5, '2228.00', 1, 7, 4, 1, ''),
(1526, '2019-08-20', '1607', 7, 3, '2919.00', 3, 10, 4, 1, ''),
(1527, '2018-09-09', '1608', 10, 21, '1839.00', 3, 8, 3, 1, ''),
(1528, '2018-12-24', '1609', 6, 5, '3463.00', 2, 5, 1, 1, ''),
(1529, '2018-07-31', '1610', 12, 17, '1452.00', 1, 5, 1, 1, ''),
(1530, '2019-09-13', '1611', 5, 15, '3040.00', 2, 8, 1, 1, ''),
(1531, '2018-04-20', '1612', 6, 22, '1164.00', 5, 5, 2, 1, ''),
(1532, '2017-12-27', '1613', 12, 2, '1522.00', 5, 10, 4, 1, ''),
(1533, '2019-02-24', '1614', 4, 4, '1862.00', 5, 7, 1, 1, ''),
(1534, '2018-10-15', '1615', 10, 13, '4219.00', 1, 6, 3, 1, ''),
(1535, '2019-08-08', '1616', 9, 3, '3278.00', 4, 6, 3, 1, ''),
(1536, '2017-12-11', '1617', 10, 2, '4033.00', 4, 9, 3, 1, ''),
(1537, '2019-06-13', '1618', 9, 19, '2004.00', 3, 12, 4, 1, ''),
(1538, '2019-02-18', '1619', 3, 15, '4810.00', 2, 5, 3, 1, ''),
(1539, '2019-02-18', '1620', 2, 7, '1005.00', 3, 6, 3, 1, ''),
(1540, '2019-01-01', '1621', 10, 1, '2291.00', 2, 10, 1, 1, ''),
(1541, '2018-03-09', '1622', 10, 13, '2552.00', 4, 12, 3, 1, ''),
(1542, '2018-09-28', '1623', 7, 22, '4241.00', 4, 8, 3, 1, ''),
(1543, '2019-07-18', '1624', 10, 9, '3801.00', 4, 12, 3, 1, ''),
(1544, '2019-01-13', '1625', 7, 22, '2576.00', 3, 10, 1, 1, ''),
(1545, '2018-11-09', '1626', 6, 7, '3921.00', 3, 7, 3, 1, ''),
(1546, '2018-05-22', '1627', 2, 5, '3382.00', 4, 7, 3, 1, ''),
(1547, '2018-05-17', '1628', 2, 13, '2389.00', 1, 8, 3, 1, ''),
(1548, '2018-07-22', '1629', 6, 16, '4531.00', 2, 8, 1, 1, ''),
(1549, '2018-02-20', '1630', 5, 12, '4438.00', 4, 12, 2, 1, ''),
(1550, '2017-09-27', '1631', 5, 23, '3037.00', 3, 5, 2, 1, ''),
(1551, '2018-05-03', '1632', 6, 8, '4011.00', 1, 8, 1, 1, ''),
(1552, '2019-08-27', '1633', 5, 6, '2392.00', 5, 6, 1, 1, ''),
(1553, '2018-02-10', '1634', 5, 17, '1909.00', 2, 8, 3, 1, ''),
(1554, '2019-06-23', '1635', 9, 4, '1080.00', 4, 9, 1, 1, ''),
(1555, '2017-11-28', '1636', 6, 4, '1925.00', 5, 9, 3, 1, ''),
(1556, '2018-10-01', '1637', 3, 20, '2217.00', 4, 6, 2, 1, ''),
(1557, '2019-06-29', '1638', 10, 3, '1221.00', 3, 5, 2, 1, ''),
(1558, '2019-05-06', '1639', 5, 2, '4379.00', 1, 8, 4, 1, ''),
(1559, '2018-06-25', '1640', 7, 5, '4884.00', 4, 12, 4, 1, ''),
(1560, '2018-05-01', '1641', 8, 8, '1918.00', 2, 6, 1, 1, ''),
(1561, '2018-12-01', '1642', 10, 13, '1742.00', 4, 12, 1, 1, ''),
(1562, '2019-06-08', '1643', 2, 6, '2581.00', 2, 6, 2, 1, ''),
(1563, '2019-05-29', '1644', 2, 2, '1178.00', 1, 7, 1, 1, ''),
(1564, '2018-05-01', '1645', 3, 6, '1893.00', 2, 12, 1, 1, ''),
(1565, '2019-06-26', '1646', 9, 5, '2028.00', 3, 6, 1, 1, ''),
(1566, '2019-03-22', '1647', 4, 21, '2526.00', 2, 7, 2, 1, ''),
(1567, '2018-11-03', '1648', 8, 14, '3226.00', 4, 10, 4, 1, ''),
(1568, '2019-05-05', '1649', 12, 17, '3258.00', 2, 6, 2, 1, ''),
(1569, '2019-07-11', '1650', 9, 23, '2578.00', 3, 11, 4, 1, ''),
(1570, '2018-06-29', '1651', 11, 21, '1959.00', 3, 5, 4, 1, ''),
(1571, '2018-11-21', '1652', 8, 11, '3842.00', 4, 10, 1, 1, ''),
(1572, '2018-07-18', '1653', 3, 21, '4436.00', 4, 7, 4, 1, ''),
(1573, '2019-09-06', '1654', 7, 23, '4385.00', 5, 10, 2, 1, ''),
(1574, '2019-07-19', '1655', 2, 21, '3857.00', 3, 8, 1, 1, ''),
(1575, '2019-06-26', '1656', 3, 9, '1598.00', 5, 12, 1, 1, ''),
(1576, '2018-10-21', '1657', 7, 10, '4275.00', 2, 6, 3, 1, ''),
(1577, '2019-04-14', '1658', 10, 22, '2212.00', 1, 6, 1, 1, ''),
(1578, '2019-06-21', '1659', 3, 20, '4845.00', 2, 5, 3, 1, ''),
(1579, '2019-09-07', '1660', 6, 3, '4775.00', 4, 5, 4, 1, ''),
(1580, '2019-09-02', '1661', 4, 1, '4050.00', 5, 12, 3, 1, ''),
(1581, '2018-01-16', '1662', 9, 2, '2104.00', 1, 8, 1, 1, ''),
(1582, '2019-06-26', '1663', 3, 10, '1961.00', 4, 8, 4, 1, ''),
(1583, '2018-02-28', '1664', 11, 19, '2635.00', 2, 6, 3, 1, ''),
(1584, '2018-09-02', '1665', 6, 22, '1304.00', 5, 9, 1, 1, ''),
(1585, '2017-10-15', '1666', 2, 1, '2815.00', 3, 12, 4, 1, ''),
(1586, '2018-07-02', '1667', 4, 20, '2254.00', 2, 9, 2, 1, ''),
(1587, '2018-10-19', '1668', 3, 7, '3911.00', 1, 12, 1, 1, ''),
(1588, '2019-03-12', '1669', 5, 15, '3091.00', 2, 12, 3, 1, ''),
(1589, '2018-03-11', '1670', 5, 12, '1041.00', 4, 11, 4, 1, ''),
(1590, '2018-12-14', '1671', 12, 18, '1920.00', 2, 9, 4, 1, ''),
(1591, '2017-12-13', '1672', 8, 16, '2956.00', 3, 9, 4, 1, ''),
(1592, '2017-12-02', '1673', 4, 8, '4710.00', 5, 5, 4, 1, ''),
(1593, '2019-05-03', '1674', 3, 19, '2487.00', 2, 5, 4, 1, ''),
(1594, '2018-04-09', '1675', 2, 16, '3389.00', 4, 5, 4, 1, ''),
(1595, '2018-11-04', '1676', 2, 7, '4359.00', 3, 10, 1, 1, ''),
(1596, '2017-09-26', '1677', 3, 2, '4527.00', 4, 7, 1, 1, ''),
(1597, '2017-11-24', '1678', 4, 4, '4980.00', 5, 5, 1, 1, ''),
(1598, '2018-01-13', '1679', 9, 9, '1552.00', 3, 11, 3, 1, ''),
(1599, '2018-01-27', '1680', 5, 20, '1526.00', 3, 8, 2, 1, ''),
(1600, '2018-06-05', '1681', 7, 20, '2300.00', 2, 6, 4, 1, ''),
(1601, '2019-05-31', '1682', 3, 15, '4561.00', 4, 10, 2, 1, ''),
(1602, '2017-10-16', '1683', 5, 18, '3443.00', 1, 12, 1, 1, ''),
(1603, '2019-05-16', '1684', 6, 21, '4784.00', 4, 11, 2, 1, ''),
(1604, '2017-10-09', '1685', 12, 22, '4518.00', 4, 12, 2, 1, ''),
(1605, '2017-10-19', '1686', 6, 15, '1418.00', 5, 7, 3, 1, ''),
(1606, '2018-09-18', '1687', 11, 8, '4765.00', 5, 7, 2, 1, ''),
(1607, '2017-11-16', '1688', 6, 14, '4113.00', 4, 6, 4, 1, ''),
(1608, '2018-02-10', '1689', 12, 19, '3316.00', 4, 7, 1, 1, ''),
(1609, '2018-10-02', '1690', 3, 1, '2741.00', 2, 5, 1, 1, ''),
(1610, '2018-10-21', '1691', 7, 21, '3747.00', 5, 9, 3, 1, ''),
(1611, '2019-01-16', '1692', 11, 18, '1299.00', 3, 6, 2, 1, ''),
(1612, '2018-10-06', '1693', 7, 12, '1794.00', 3, 10, 2, 1, ''),
(1613, '2018-08-25', '1694', 9, 15, '3481.00', 2, 6, 1, 1, ''),
(1614, '2018-11-05', '1695', 3, 3, '4991.00', 1, 8, 1, 1, ''),
(1615, '2017-10-27', '1696', 2, 22, '1653.00', 2, 5, 3, 1, ''),
(1616, '2018-07-27', '1697', 7, 9, '4591.00', 3, 11, 2, 1, ''),
(1617, '2018-01-19', '1698', 2, 23, '1508.00', 4, 10, 1, 1, ''),
(1618, '2018-07-06', '1699', 4, 13, '1543.00', 1, 5, 4, 1, ''),
(1619, '2018-09-18', '1500', 9, 5, '2850.00', 2, 8, 1, 1, ''),
(1620, '2019-07-11', '1501', 9, 12, '4983.00', 1, 11, 1, 1, ''),
(1621, '2019-07-16', '1502', 5, 13, '4185.00', 4, 8, 4, 1, ''),
(1622, '2019-02-04', '1503', 2, 5, '4331.00', 2, 5, 1, 1, ''),
(1623, '2018-10-11', '1504', 10, 4, '1588.00', 1, 11, 3, 1, ''),
(1624, '2018-04-10', '1505', 10, 23, '1171.00', 4, 8, 2, 1, ''),
(1625, '2017-12-01', '1506', 11, 8, '4359.00', 1, 10, 2, 1, ''),
(1626, '2018-10-23', '1507', 10, 7, '4943.00', 2, 12, 4, 1, ''),
(1627, '2018-01-10', '1508', 9, 14, '3645.00', 3, 11, 4, 1, ''),
(1628, '2019-05-04', '1509', 4, 12, '4314.00', 5, 6, 2, 1, ''),
(1629, '2019-06-16', '1510', 10, 19, '2741.00', 1, 9, 4, 1, ''),
(1630, '2018-09-25', '1511', 9, 21, '4575.00', 4, 11, 4, 1, ''),
(1631, '2019-03-09', '1512', 10, 11, '3004.00', 1, 12, 4, 1, ''),
(1632, '2019-05-02', '1513', 11, 7, '3229.00', 1, 10, 1, 1, ''),
(1633, '2018-07-14', '1514', 10, 7, '1912.00', 2, 7, 4, 1, ''),
(1634, '2019-03-29', '1515', 12, 22, '4464.00', 5, 10, 4, 1, ''),
(1635, '2019-05-15', '1516', 8, 4, '3703.00', 3, 6, 3, 1, ''),
(1636, '2019-05-10', '1517', 5, 12, '3377.00', 5, 9, 1, 1, ''),
(1637, '2017-11-18', '1518', 9, 6, '1945.00', 1, 10, 1, 1, ''),
(1638, '2018-08-05', '1519', 8, 11, '3499.00', 1, 12, 3, 1, ''),
(1639, '2019-04-21', '1520', 6, 11, '3708.00', 5, 8, 1, 1, ''),
(1640, '2019-01-17', '1521', 5, 3, '2318.00', 4, 8, 2, 1, ''),
(1641, '2018-07-05', '1522', 4, 18, '3746.00', 5, 10, 2, 1, ''),
(1642, '2019-02-14', '1523', 3, 8, '4933.00', 3, 6, 2, 1, ''),
(1643, '2019-05-05', '1524', 9, 11, '4013.00', 2, 7, 4, 1, ''),
(1644, '2018-03-28', '1525', 8, 1, '2457.00', 3, 8, 3, 1, ''),
(1645, '2018-01-23', '1526', 11, 13, '4249.00', 3, 6, 3, 1, '');
INSERT INTO `productos` (`idproducto`, `fechaCod`, `codigo`, `idtalla`, `idtela`, `precio`, `idcolor`, `idcategoria`, `idsucursal`, `estado`, `descripcion`) VALUES
(1646, '2019-07-09', '1527', 2, 2, '3260.00', 3, 5, 4, 1, ''),
(1647, '2019-05-03', '1528', 4, 9, '3252.00', 1, 5, 4, 1, ''),
(1648, '2018-02-25', '1529', 6, 8, '1574.00', 4, 6, 4, 1, ''),
(1649, '2019-06-27', '1530', 3, 22, '4556.00', 3, 11, 4, 1, ''),
(1650, '2018-08-17', '1531', 3, 17, '1560.00', 5, 11, 4, 1, ''),
(1651, '2018-12-03', '1532', 8, 11, '2085.00', 5, 6, 2, 1, ''),
(1652, '2019-07-10', '1533', 9, 7, '1579.00', 2, 7, 2, 1, ''),
(1653, '2019-03-26', '1534', 6, 21, '3597.00', 4, 10, 3, 1, ''),
(1654, '2018-06-25', '1535', 6, 21, '3433.00', 4, 8, 3, 1, ''),
(1655, '2018-10-13', '1536', 11, 7, '4513.00', 3, 5, 1, 1, ''),
(1656, '2019-04-07', '1537', 11, 2, '2665.00', 4, 6, 3, 1, ''),
(1657, '2018-06-29', '1538', 11, 5, '3373.00', 4, 5, 2, 1, ''),
(1658, '2018-10-17', '1539', 7, 14, '1476.00', 2, 12, 1, 1, ''),
(1659, '2018-10-06', '1540', 2, 22, '4326.00', 4, 7, 3, 1, ''),
(1660, '2018-02-12', '1541', 2, 14, '2430.00', 3, 5, 3, 1, ''),
(1661, '2019-03-13', '1542', 3, 23, '3680.00', 4, 10, 2, 1, ''),
(1662, '2017-12-27', '1543', 6, 15, '1409.00', 2, 7, 3, 1, ''),
(1663, '2019-08-10', '1544', 11, 20, '1995.00', 3, 10, 3, 1, ''),
(1664, '2018-04-16', '1545', 4, 15, '3701.00', 3, 5, 3, 1, ''),
(1665, '2018-11-25', '1546', 3, 17, '4662.00', 4, 12, 1, 1, ''),
(1666, '2017-12-22', '1547', 10, 12, '3046.00', 2, 11, 2, 1, ''),
(1667, '2018-01-12', '1548', 3, 4, '2723.00', 2, 10, 1, 1, ''),
(1668, '2018-09-20', '1549', 10, 9, '2483.00', 1, 6, 1, 1, ''),
(1669, '2018-05-24', '1550', 7, 20, '1527.00', 3, 10, 2, 1, ''),
(1670, '2019-06-13', '1551', 10, 10, '3246.00', 3, 11, 4, 1, ''),
(1671, '2018-02-08', '1552', 3, 15, '3701.00', 3, 12, 3, 1, ''),
(1672, '2019-07-05', '1553', 12, 13, '4547.00', 3, 6, 2, 1, ''),
(1673, '2018-01-28', '1554', 6, 10, '1416.00', 5, 11, 1, 1, ''),
(1674, '2019-01-05', '1555', 3, 20, '1786.00', 2, 12, 1, 1, ''),
(1675, '2019-02-03', '1556', 3, 15, '4335.00', 3, 11, 4, 1, ''),
(1676, '2018-11-22', '1557', 12, 11, '3366.00', 5, 10, 1, 1, ''),
(1677, '2019-03-19', '1558', 5, 13, '2842.00', 1, 5, 1, 1, ''),
(1678, '2019-04-23', '1559', 11, 20, '2745.00', 1, 11, 1, 1, ''),
(1679, '2017-12-02', '1560', 3, 6, '4080.00', 5, 11, 1, 1, ''),
(1680, '2018-04-05', '1561', 4, 9, '4657.00', 1, 8, 4, 1, ''),
(1681, '2018-02-22', '1562', 7, 16, '3632.00', 4, 5, 3, 1, ''),
(1682, '2019-01-18', '1563', 4, 22, '4554.00', 2, 10, 1, 1, ''),
(1683, '2017-12-03', '1564', 4, 3, '1783.00', 4, 6, 3, 1, ''),
(1684, '2019-07-13', '1565', 7, 22, '1777.00', 1, 5, 2, 1, ''),
(1685, '2018-11-24', '1566', 8, 11, '4087.00', 2, 6, 2, 1, ''),
(1686, '2017-11-19', '1567', 8, 15, '2892.00', 1, 11, 1, 1, ''),
(1687, '2018-06-12', '1568', 10, 19, '2602.00', 1, 8, 3, 1, ''),
(1688, '2017-12-15', '1569', 12, 22, '4754.00', 1, 5, 4, 1, ''),
(1689, '2018-09-24', '1570', 12, 2, '4521.00', 5, 5, 3, 1, ''),
(1690, '2018-04-05', '1571', 9, 11, '2208.00', 1, 8, 2, 1, ''),
(1691, '2018-01-18', '1572', 3, 15, '4894.00', 5, 10, 3, 1, ''),
(1692, '2018-05-10', '1573', 12, 22, '3587.00', 4, 8, 2, 1, ''),
(1693, '2018-11-29', '1574', 3, 11, '1842.00', 3, 5, 4, 1, ''),
(1694, '2018-04-09', '1575', 4, 4, '2411.00', 1, 10, 4, 1, ''),
(1695, '2017-11-05', '1576', 7, 2, '3190.00', 4, 9, 4, 1, ''),
(1696, '2019-05-23', '1577', 3, 21, '3545.00', 2, 5, 1, 1, ''),
(1697, '2017-12-19', '1578', 10, 4, '1908.00', 5, 7, 3, 1, ''),
(1698, '2018-09-30', '1579', 10, 21, '3117.00', 4, 10, 3, 1, ''),
(1699, '2018-03-12', '1580', 8, 21, '3810.00', 1, 5, 1, 1, ''),
(1700, '2018-01-04', '1581', 4, 1, '1605.00', 2, 8, 3, 1, ''),
(1701, '2018-07-10', '1582', 3, 21, '1741.00', 5, 11, 3, 1, ''),
(1702, '2018-01-26', '1583', 7, 12, '3226.00', 2, 6, 2, 1, ''),
(1703, '2019-02-23', '1584', 4, 4, '3600.00', 2, 9, 3, 1, ''),
(1704, '2018-11-14', '1585', 12, 22, '1680.00', 2, 8, 2, 1, ''),
(1705, '2018-03-31', '1586', 7, 18, '1957.00', 1, 11, 2, 1, ''),
(1706, '2018-08-10', '1587', 8, 3, '4857.00', 4, 9, 4, 1, ''),
(1707, '2018-11-24', '1588', 9, 18, '2423.00', 2, 6, 4, 1, ''),
(1708, '2019-01-03', '1589', 11, 5, '3303.00', 5, 10, 3, 1, ''),
(1709, '2018-04-03', '1590', 2, 17, '1208.00', 1, 11, 1, 1, ''),
(1710, '2019-09-19', '1591', 7, 18, '3879.00', 4, 7, 4, 1, ''),
(1711, '2018-05-22', '1592', 10, 3, '4740.00', 1, 6, 3, 1, ''),
(1712, '2019-06-04', '1593', 3, 19, '2240.00', 3, 12, 1, 1, ''),
(1713, '2018-04-18', '1594', 11, 7, '2696.00', 2, 11, 1, 1, ''),
(1714, '2019-01-15', '1595', 12, 3, '4151.00', 4, 7, 2, 1, ''),
(1715, '2017-12-17', '1596', 4, 3, '1177.00', 2, 7, 1, 1, ''),
(1716, '2018-12-14', '1597', 10, 4, '3702.00', 4, 5, 3, 1, ''),
(1717, '2018-09-24', '1598', 11, 4, '4232.00', 1, 5, 1, 1, ''),
(1718, '2018-08-31', '1599', 11, 21, '1032.00', 3, 9, 2, 1, ''),
(1719, '2019-02-17', '1400', 6, 15, '2072.00', 1, 7, 3, 1, ''),
(1720, '2019-09-01', '1401', 12, 10, '4046.00', 2, 5, 3, 1, ''),
(1721, '2018-02-09', '1402', 12, 13, '3080.00', 5, 5, 3, 1, ''),
(1722, '2019-03-04', '1403', 9, 8, '2604.00', 3, 11, 3, 1, ''),
(1723, '2018-06-10', '1404', 12, 4, '4384.00', 3, 10, 2, 1, ''),
(1724, '2018-01-29', '1405', 7, 19, '1805.00', 1, 10, 2, 1, ''),
(1725, '2019-07-01', '1406', 3, 14, '1365.00', 3, 9, 2, 1, ''),
(1726, '2019-07-17', '1407', 6, 17, '4591.00', 4, 12, 3, 1, ''),
(1727, '2018-07-16', '1408', 4, 17, '3655.00', 2, 10, 2, 1, ''),
(1728, '2019-06-10', '1409', 9, 12, '1837.00', 3, 6, 2, 1, ''),
(1729, '2019-09-02', '1410', 8, 10, '3856.00', 2, 12, 4, 1, ''),
(1730, '2017-11-15', '1411', 4, 2, '1915.00', 3, 6, 3, 1, ''),
(1731, '2018-08-08', '1412', 4, 15, '4911.00', 5, 10, 2, 1, ''),
(1732, '2018-07-07', '1413', 7, 22, '3686.00', 3, 12, 4, 1, ''),
(1733, '2018-12-02', '1414', 3, 5, '2558.00', 3, 9, 4, 1, ''),
(1734, '2018-12-30', '1415', 5, 12, '2683.00', 5, 10, 3, 1, ''),
(1735, '2018-05-31', '1416', 2, 5, '2806.00', 2, 5, 4, 1, ''),
(1736, '2017-10-05', '1417', 9, 8, '2156.00', 3, 5, 3, 1, ''),
(1737, '2018-12-17', '1418', 5, 7, '1143.00', 5, 12, 3, 1, ''),
(1738, '2019-05-03', '1419', 6, 7, '1608.00', 4, 11, 1, 1, ''),
(1739, '2019-08-19', '1420', 5, 8, '4147.00', 1, 11, 1, 1, ''),
(1740, '2018-03-20', '1421', 9, 13, '2359.00', 5, 10, 3, 1, ''),
(1741, '2019-09-17', '1422', 6, 12, '2497.00', 1, 9, 2, 1, ''),
(1742, '2019-08-09', '1423', 8, 12, '4428.00', 5, 5, 4, 1, ''),
(1743, '2019-05-02', '1424', 10, 16, '2874.00', 4, 8, 3, 1, ''),
(1744, '2018-05-23', '1425', 12, 14, '4247.00', 5, 12, 1, 1, ''),
(1745, '2018-04-25', '1426', 3, 3, '2754.00', 2, 5, 1, 1, ''),
(1746, '2019-08-07', '1427', 11, 8, '3050.00', 5, 6, 3, 1, ''),
(1747, '2018-11-24', '1428', 12, 9, '4608.00', 2, 11, 3, 1, ''),
(1748, '2018-11-20', '1429', 10, 5, '3077.00', 2, 7, 2, 1, ''),
(1749, '2017-12-25', '1430', 5, 21, '3985.00', 2, 12, 2, 1, ''),
(1750, '2017-09-30', '1431', 9, 10, '3874.00', 1, 5, 1, 1, ''),
(1751, '2018-03-22', '1432', 11, 11, '4276.00', 2, 10, 3, 1, ''),
(1752, '2018-03-20', '1433', 5, 1, '1666.00', 4, 10, 2, 1, ''),
(1753, '2019-03-27', '1434', 12, 23, '4451.00', 5, 7, 1, 1, ''),
(1754, '2019-05-13', '1435', 12, 3, '4874.00', 4, 11, 2, 1, ''),
(1755, '2019-08-14', '1436', 3, 16, '3099.00', 2, 10, 2, 1, ''),
(1756, '2018-09-17', '1437', 2, 4, '3824.00', 2, 7, 3, 1, ''),
(1757, '2019-09-03', '1438', 9, 1, '2695.00', 5, 6, 4, 1, ''),
(1758, '2019-03-05', '1439', 10, 17, '4060.00', 4, 8, 1, 1, ''),
(1759, '2018-01-05', '1440', 12, 2, '3526.00', 5, 6, 4, 1, ''),
(1760, '2018-11-23', '1441', 5, 23, '1787.00', 1, 6, 4, 1, ''),
(1761, '2018-01-01', '1442', 12, 1, '1131.00', 2, 8, 4, 1, ''),
(1762, '2019-01-19', '1443', 7, 15, '4014.00', 4, 6, 1, 1, ''),
(1763, '2017-11-14', '1444', 2, 4, '3968.00', 2, 10, 4, 1, ''),
(1764, '2018-09-19', '1445', 7, 8, '1068.00', 1, 8, 1, 1, ''),
(1765, '2018-04-27', '1446', 2, 15, '4174.00', 5, 11, 2, 1, ''),
(1766, '2019-05-04', '1447', 10, 12, '3955.00', 2, 10, 2, 1, ''),
(1767, '2019-07-25', '1448', 11, 16, '1939.00', 5, 11, 3, 1, ''),
(1768, '2019-08-17', '1449', 2, 8, '1586.00', 1, 8, 2, 1, ''),
(1769, '2018-07-28', '1450', 5, 11, '3043.00', 3, 5, 3, 1, ''),
(1770, '2018-07-15', '1451', 5, 21, '4085.00', 3, 9, 1, 1, ''),
(1771, '2018-11-07', '1452', 5, 13, '1524.00', 5, 6, 2, 1, ''),
(1772, '2018-04-20', '1453', 6, 22, '2320.00', 1, 9, 1, 1, ''),
(1773, '2019-05-02', '1454', 12, 18, '2557.00', 1, 8, 1, 1, ''),
(1774, '2018-12-04', '1455', 8, 12, '1543.00', 5, 12, 4, 1, ''),
(1775, '2018-04-20', '1456', 10, 7, '4786.00', 1, 7, 4, 1, ''),
(1776, '2019-01-02', '1457', 7, 12, '1713.00', 3, 8, 3, 1, ''),
(1777, '2018-06-19', '1458', 6, 4, '4484.00', 4, 12, 3, 1, ''),
(1778, '2019-08-18', '1459', 7, 8, '3551.00', 3, 11, 4, 1, ''),
(1779, '2017-10-04', '1460', 9, 8, '4586.00', 4, 7, 4, 1, ''),
(1780, '2018-08-25', '1461', 3, 20, '2609.00', 2, 8, 3, 1, ''),
(1781, '2018-04-11', '1462', 10, 19, '1157.00', 3, 5, 4, 1, ''),
(1782, '2019-02-18', '1463', 8, 5, '4688.00', 4, 10, 2, 1, ''),
(1783, '2018-07-10', '1464', 9, 23, '2935.00', 1, 6, 4, 1, ''),
(1784, '2019-03-19', '1465', 5, 9, '2629.00', 4, 8, 3, 1, ''),
(1785, '2017-10-15', '1466', 3, 23, '4728.00', 1, 6, 4, 1, ''),
(1786, '2019-08-11', '1467', 8, 20, '2280.00', 2, 8, 3, 1, ''),
(1787, '2018-02-10', '1468', 11, 17, '4733.00', 2, 8, 3, 1, ''),
(1788, '2018-09-11', '1469', 11, 4, '4455.00', 3, 6, 2, 1, ''),
(1789, '2019-05-07', '1470', 4, 1, '4865.00', 5, 11, 4, 1, ''),
(1790, '2019-04-02', '1471', 3, 2, '3738.00', 2, 5, 3, 1, ''),
(1791, '2018-06-18', '1472', 5, 9, '4997.00', 2, 12, 2, 1, ''),
(1792, '2018-03-21', '1473', 8, 8, '1548.00', 1, 11, 2, 1, ''),
(1793, '2018-08-08', '1474', 7, 16, '2127.00', 4, 6, 3, 1, ''),
(1794, '2018-04-22', '1475', 4, 13, '1219.00', 3, 8, 3, 1, ''),
(1795, '2018-07-14', '1476', 12, 22, '3272.00', 2, 10, 4, 1, ''),
(1796, '2019-03-13', '1477', 7, 2, '3081.00', 1, 7, 1, 1, ''),
(1797, '2017-11-24', '1478', 8, 12, '4379.00', 5, 5, 1, 1, ''),
(1798, '2018-09-26', '1479', 2, 12, '3379.00', 4, 11, 1, 1, ''),
(1799, '2018-06-07', '1480', 2, 20, '1466.00', 2, 7, 1, 1, ''),
(1800, '2019-07-08', '1481', 4, 4, '2344.00', 5, 7, 2, 1, ''),
(1801, '2018-06-15', '1482', 12, 18, '4987.00', 2, 12, 4, 1, ''),
(1802, '2019-06-16', '1483', 9, 16, '3987.00', 2, 11, 1, 1, ''),
(1803, '2019-03-09', '1484', 9, 17, '1057.00', 1, 9, 4, 1, ''),
(1804, '2018-05-12', '1485', 2, 20, '1630.00', 1, 6, 3, 1, ''),
(1805, '2017-12-03', '1486', 4, 23, '1466.00', 1, 11, 1, 1, ''),
(1806, '2017-12-04', '1487', 3, 20, '1977.00', 4, 12, 2, 1, ''),
(1807, '2018-03-03', '1488', 2, 5, '2064.00', 2, 9, 3, 1, ''),
(1808, '2018-10-13', '1489', 2, 23, '2613.00', 1, 7, 4, 1, ''),
(1809, '2018-09-03', '1490', 9, 11, '2849.00', 5, 5, 1, 1, ''),
(1810, '2018-08-06', '1491', 5, 4, '1912.00', 3, 5, 3, 1, ''),
(1811, '2019-02-26', '1492', 4, 6, '3092.00', 3, 6, 3, 1, ''),
(1812, '2019-05-24', '1493', 12, 20, '3247.00', 2, 11, 4, 1, ''),
(1813, '2019-01-04', '1494', 6, 23, '3789.00', 5, 8, 2, 1, ''),
(1814, '2018-05-04', '1495', 3, 20, '4765.00', 2, 9, 2, 1, ''),
(1815, '2018-09-11', '1496', 12, 17, '4460.00', 2, 7, 3, 1, ''),
(1816, '2018-06-07', '1497', 11, 12, '1956.00', 5, 12, 4, 1, ''),
(1817, '2018-03-22', '1498', 2, 23, '4296.00', 3, 12, 3, 1, ''),
(1818, '2018-01-20', '1499', 9, 15, '2153.00', 5, 6, 2, 1, ''),
(1819, '2019-08-08', '1200', 9, 21, '4280.00', 5, 11, 2, 1, ''),
(1820, '2018-03-13', '1201', 4, 21, '3260.00', 2, 6, 4, 1, ''),
(1821, '2019-07-14', '1202', 11, 14, '2254.00', 4, 6, 2, 1, ''),
(1822, '2018-04-01', '1203', 6, 6, '4951.00', 2, 9, 4, 1, ''),
(1823, '2018-05-23', '1204', 5, 8, '3786.00', 2, 10, 3, 1, ''),
(1824, '2018-09-24', '1205', 2, 17, '1392.00', 1, 8, 1, 1, ''),
(1825, '2017-11-22', '1206', 4, 20, '3693.00', 1, 9, 3, 1, ''),
(1826, '2017-10-02', '1207', 8, 2, '4806.00', 5, 10, 1, 1, ''),
(1827, '2018-10-22', '1208', 9, 5, '2150.00', 3, 5, 3, 1, ''),
(1828, '2019-06-21', '1209', 9, 9, '3261.00', 1, 10, 1, 1, ''),
(1829, '2017-09-28', '1210', 2, 23, '1750.00', 5, 12, 4, 1, ''),
(1830, '2018-01-27', '1211', 2, 13, '1130.00', 2, 12, 2, 1, ''),
(1831, '2018-03-13', '1212', 8, 7, '4603.00', 4, 12, 4, 1, ''),
(1832, '2019-03-18', '1213', 5, 13, '4195.00', 5, 10, 3, 1, ''),
(1833, '2019-05-06', '1214', 2, 8, '4636.00', 3, 5, 4, 1, ''),
(1834, '2017-09-28', '1215', 11, 15, '4986.00', 4, 12, 4, 1, ''),
(1835, '2019-05-26', '1216', 10, 19, '1720.00', 1, 8, 4, 1, ''),
(1836, '2018-08-29', '1217', 10, 22, '1226.00', 2, 12, 2, 1, ''),
(1837, '2018-11-25', '1218', 12, 19, '1729.00', 2, 7, 2, 1, ''),
(1838, '2019-08-21', '1219', 3, 12, '1934.00', 2, 9, 4, 1, ''),
(1839, '2017-10-21', '1220', 12, 23, '3323.00', 2, 6, 4, 1, ''),
(1840, '2018-06-19', '1221', 11, 23, '2895.00', 3, 7, 3, 1, ''),
(1841, '2019-01-21', '1222', 6, 3, '1531.00', 4, 5, 1, 1, ''),
(1842, '2019-02-16', '1223', 8, 20, '3439.00', 4, 6, 4, 1, ''),
(1843, '2017-10-26', '1224', 10, 8, '2834.00', 5, 10, 4, 1, ''),
(1844, '2017-12-28', '1225', 8, 8, '3347.00', 4, 9, 3, 1, ''),
(1845, '2018-10-03', '1226', 6, 5, '3861.00', 3, 10, 2, 1, ''),
(1846, '2019-04-07', '1227', 6, 3, '4605.00', 5, 7, 1, 1, ''),
(1847, '2018-03-03', '1228', 7, 20, '4565.00', 1, 8, 2, 1, ''),
(1848, '2017-11-07', '1229', 8, 10, '2732.00', 1, 7, 3, 1, ''),
(1849, '2019-07-26', '1230', 4, 21, '1719.00', 3, 10, 1, 1, ''),
(1850, '2018-10-16', '1231', 8, 10, '1543.00', 3, 9, 1, 1, ''),
(1851, '2019-05-30', '1232', 2, 4, '2454.00', 5, 12, 4, 1, ''),
(1852, '2019-02-23', '1233', 2, 17, '1235.00', 1, 6, 1, 1, ''),
(1853, '2019-02-01', '1234', 12, 14, '2182.00', 5, 12, 4, 1, ''),
(1854, '2017-11-13', '1235', 12, 8, '2864.00', 2, 10, 4, 1, ''),
(1855, '2017-12-02', '1236', 8, 12, '1142.00', 2, 9, 4, 1, ''),
(1856, '2018-02-17', '1237', 10, 10, '3330.00', 2, 7, 2, 1, ''),
(1857, '2018-10-20', '1238', 8, 18, '3071.00', 3, 10, 2, 1, ''),
(1858, '2017-09-30', '1239', 9, 4, '4922.00', 3, 6, 4, 1, ''),
(1859, '2018-10-08', '1240', 4, 3, '1992.00', 2, 7, 3, 1, ''),
(1860, '2018-06-23', '1241', 10, 11, '4160.00', 3, 5, 1, 1, ''),
(1861, '2019-08-21', '1242', 12, 11, '4834.00', 1, 7, 4, 1, ''),
(1862, '2018-08-09', '1243', 7, 11, '3277.00', 1, 8, 1, 1, ''),
(1863, '2019-07-13', '1244', 10, 4, '3992.00', 1, 5, 3, 1, ''),
(1864, '2017-11-23', '1245', 2, 7, '2217.00', 4, 10, 3, 1, ''),
(1865, '2018-04-26', '1246', 10, 11, '3857.00', 2, 11, 4, 1, ''),
(1866, '2019-02-26', '1247', 9, 1, '1148.00', 2, 12, 4, 1, ''),
(1867, '2019-03-21', '1248', 5, 1, '2892.00', 2, 7, 2, 1, ''),
(1868, '2018-12-16', '1249', 6, 20, '1738.00', 2, 6, 3, 1, ''),
(1869, '2018-05-18', '1250', 12, 18, '4779.00', 2, 7, 1, 1, ''),
(1870, '2018-04-16', '1251', 4, 4, '3100.00', 3, 6, 2, 1, ''),
(1871, '2018-01-31', '1252', 4, 18, '4631.00', 1, 6, 4, 1, ''),
(1872, '2019-08-19', '1253', 11, 9, '2288.00', 3, 5, 4, 1, ''),
(1873, '2019-06-01', '1254', 7, 7, '4149.00', 1, 9, 4, 1, ''),
(1874, '2019-09-01', '1255', 6, 5, '3440.00', 2, 8, 4, 1, ''),
(1875, '2019-03-31', '1256', 6, 21, '1938.00', 1, 12, 1, 1, ''),
(1876, '2018-06-11', '1257', 2, 9, '2620.00', 2, 9, 4, 1, ''),
(1877, '2017-11-13', '1258', 7, 2, '1605.00', 4, 5, 2, 1, ''),
(1878, '2018-08-09', '1259', 5, 22, '4356.00', 4, 5, 1, 1, ''),
(1879, '2017-12-13', '1260', 5, 14, '3723.00', 5, 12, 4, 1, ''),
(1880, '2018-03-22', '1261', 3, 13, '3257.00', 2, 5, 1, 1, ''),
(1881, '2018-02-24', '1262', 12, 8, '1967.00', 1, 7, 2, 1, ''),
(1882, '2018-10-11', '1263', 8, 6, '3365.00', 1, 9, 4, 1, ''),
(1883, '2018-11-03', '1264', 5, 23, '4135.00', 5, 7, 2, 1, ''),
(1884, '2018-11-15', '1265', 2, 16, '4165.00', 5, 9, 4, 1, ''),
(1885, '2017-12-14', '1266', 10, 7, '1767.00', 1, 10, 1, 1, ''),
(1886, '2018-06-01', '1267', 6, 3, '1146.00', 1, 6, 2, 1, ''),
(1887, '2018-05-29', '1268', 9, 7, '3825.00', 4, 9, 2, 1, ''),
(1888, '2017-12-19', '1269', 5, 20, '3388.00', 4, 6, 3, 1, ''),
(1889, '2018-02-09', '1270', 10, 12, '2981.00', 4, 8, 1, 1, ''),
(1890, '2019-02-02', '1271', 7, 17, '2513.00', 3, 11, 4, 1, ''),
(1891, '2019-06-20', '1272', 3, 7, '1870.00', 3, 12, 2, 1, ''),
(1892, '2018-01-24', '1273', 4, 18, '3701.00', 1, 6, 1, 1, ''),
(1893, '2018-07-25', '1274', 9, 3, '4184.00', 5, 5, 2, 1, ''),
(1894, '2019-06-25', '1275', 3, 16, '3754.00', 1, 9, 3, 1, ''),
(1895, '2018-04-26', '1276', 8, 2, '4574.00', 1, 11, 3, 1, ''),
(1896, '2019-09-20', '1277', 3, 13, '2228.00', 1, 11, 3, 1, ''),
(1897, '2019-07-13', '1278', 6, 4, '4180.00', 4, 12, 4, 1, ''),
(1898, '2018-11-11', '1279', 5, 6, '4117.00', 4, 11, 1, 1, ''),
(1899, '2018-01-29', '1280', 2, 3, '1078.00', 1, 5, 3, 1, ''),
(1900, '2019-06-19', '1281', 7, 5, '3786.00', 5, 6, 2, 1, ''),
(1901, '2019-03-03', '1282', 8, 21, '2971.00', 3, 9, 2, 1, ''),
(1902, '2018-01-20', '1283', 3, 20, '4748.00', 2, 7, 3, 1, ''),
(1903, '2018-01-21', '1284', 4, 2, '4705.00', 5, 9, 3, 1, ''),
(1904, '2019-08-13', '1285', 4, 23, '4736.00', 5, 11, 3, 1, ''),
(1905, '2018-03-15', '1286', 11, 14, '3882.00', 1, 7, 1, 1, ''),
(1906, '2018-04-03', '1287', 3, 21, '2258.00', 1, 8, 4, 1, ''),
(1907, '2018-06-05', '1288', 8, 1, '4738.00', 3, 12, 1, 1, ''),
(1908, '2018-05-10', '1289', 9, 10, '4321.00', 4, 5, 4, 1, ''),
(1909, '2018-08-27', '1290', 9, 20, '2843.00', 1, 12, 1, 1, ''),
(1910, '2018-09-18', '1291', 8, 8, '3245.00', 1, 7, 3, 1, ''),
(1911, '2019-01-06', '1292', 11, 22, '4354.00', 3, 11, 1, 1, ''),
(1912, '2019-06-17', '1293', 6, 4, '3659.00', 4, 7, 1, 1, ''),
(1913, '2018-09-23', '1294', 7, 1, '3273.00', 2, 6, 3, 1, ''),
(1914, '2018-05-01', '1295', 11, 17, '3679.00', 5, 9, 3, 1, ''),
(1915, '2019-03-31', '1296', 6, 3, '3620.00', 5, 12, 4, 1, ''),
(1916, '2018-07-09', '1297', 9, 22, '4013.00', 1, 9, 3, 1, ''),
(1917, '2017-09-20', '1298', 2, 16, '2457.00', 5, 7, 4, 1, ''),
(1918, '2017-09-29', '1299', 5, 14, '3114.00', 1, 7, 4, 1, ''),
(1919, '2018-04-14', '1100', 2, 2, '2399.00', 4, 10, 1, 1, ''),
(1920, '2018-05-13', '1101', 2, 7, '1865.00', 4, 8, 2, 1, ''),
(1921, '2018-05-23', '1102', 6, 23, '4873.00', 3, 7, 2, 1, ''),
(1922, '2019-08-11', '1103', 10, 20, '1278.00', 3, 9, 1, 1, ''),
(1923, '2018-12-17', '1104', 5, 11, '3671.00', 3, 12, 2, 1, ''),
(1924, '2018-02-27', '1105', 3, 4, '1628.00', 4, 12, 4, 1, ''),
(1925, '2017-09-21', '1106', 5, 9, '4835.00', 2, 5, 2, 1, ''),
(1926, '2018-03-14', '1107', 12, 10, '1467.00', 2, 7, 2, 1, ''),
(1927, '2018-11-17', '1108', 11, 20, '1806.00', 5, 9, 1, 1, ''),
(1928, '2019-01-29', '1109', 3, 14, '3846.00', 3, 9, 1, 1, ''),
(1929, '2019-04-26', '1110', 3, 17, '4528.00', 1, 6, 4, 1, ''),
(1930, '2018-09-22', '1111', 4, 8, '2223.00', 2, 5, 2, 1, ''),
(1931, '2019-05-02', '1112', 12, 23, '3998.00', 4, 5, 3, 1, ''),
(1932, '2019-01-16', '1113', 9, 7, '1399.00', 3, 8, 1, 1, ''),
(1933, '2019-04-19', '1114', 2, 3, '4992.00', 3, 11, 2, 1, ''),
(1934, '2018-11-19', '1115', 10, 22, '4355.00', 5, 11, 2, 1, ''),
(1935, '2017-10-01', '1116', 5, 4, '1692.00', 3, 6, 4, 1, ''),
(1936, '2017-12-13', '1117', 10, 8, '3071.00', 3, 8, 4, 1, ''),
(1937, '2019-06-17', '1118', 10, 1, '3914.00', 3, 11, 2, 1, ''),
(1938, '2017-11-28', '1119', 3, 22, '2823.00', 1, 11, 4, 1, ''),
(1939, '2019-05-19', '1120', 12, 15, '1495.00', 4, 11, 4, 1, ''),
(1940, '2019-06-21', '1121', 11, 20, '3239.00', 1, 10, 1, 1, ''),
(1941, '2018-04-01', '1122', 2, 12, '4763.00', 3, 12, 3, 1, ''),
(1942, '2019-09-08', '1123', 10, 9, '4390.00', 5, 7, 3, 1, ''),
(1943, '2017-11-27', '1124', 10, 2, '2403.00', 3, 10, 1, 1, ''),
(1944, '2019-01-18', '1125', 2, 23, '3112.00', 2, 9, 1, 1, ''),
(1945, '2018-10-27', '1126', 11, 17, '3008.00', 1, 11, 1, 1, ''),
(1946, '2018-01-13', '1127', 12, 5, '3463.00', 5, 11, 1, 1, ''),
(1947, '2018-12-12', '1128', 5, 9, '3282.00', 2, 7, 1, 1, ''),
(1948, '2019-07-17', '1129', 11, 3, '4676.00', 1, 11, 1, 1, ''),
(1949, '2019-04-29', '1130', 6, 3, '4809.00', 5, 10, 3, 1, ''),
(1950, '2018-02-13', '1131', 10, 11, '1437.00', 3, 9, 3, 1, ''),
(1951, '2018-01-11', '1132', 10, 16, '1614.00', 1, 5, 2, 1, ''),
(1952, '2018-10-24', '1133', 3, 12, '1547.00', 2, 12, 4, 1, ''),
(1953, '2018-12-29', '1134', 10, 17, '1206.00', 1, 10, 1, 1, ''),
(1954, '2019-01-27', '1135', 2, 19, '1088.00', 2, 10, 3, 1, ''),
(1955, '2018-03-12', '1136', 8, 10, '4124.00', 3, 8, 2, 1, ''),
(1956, '2018-10-12', '1137', 12, 11, '2081.00', 1, 9, 1, 1, ''),
(1957, '2019-04-28', '1138', 2, 11, '4791.00', 5, 8, 4, 1, ''),
(1958, '2018-06-25', '1139', 5, 5, '4000.00', 1, 10, 1, 1, ''),
(1959, '2019-01-27', '1140', 12, 10, '4420.00', 2, 7, 3, 1, ''),
(1960, '2018-05-23', '1141', 5, 2, '2202.00', 4, 11, 1, 1, ''),
(1961, '2019-07-11', '1142', 9, 15, '2479.00', 5, 12, 3, 1, ''),
(1962, '2019-02-16', '1143', 3, 16, '2211.00', 4, 5, 2, 1, ''),
(1963, '2019-03-10', '1144', 3, 16, '2000.00', 3, 10, 2, 1, ''),
(1964, '2018-07-14', '1145', 2, 10, '1296.00', 1, 6, 4, 1, ''),
(1965, '2019-07-30', '1146', 10, 22, '4540.00', 1, 11, 2, 1, ''),
(1966, '2019-07-05', '1147', 12, 1, '4527.00', 3, 12, 3, 1, ''),
(1967, '2018-05-06', '1148', 5, 13, '1687.00', 4, 11, 3, 1, ''),
(1968, '2018-03-02', '1149', 4, 15, '3496.00', 2, 6, 4, 1, ''),
(1969, '2019-02-23', '1150', 6, 8, '2317.00', 2, 9, 4, 1, ''),
(1970, '2018-03-16', '1151', 9, 3, '3975.00', 3, 6, 3, 1, ''),
(1971, '2018-11-02', '1152', 9, 8, '3012.00', 4, 11, 1, 1, ''),
(1972, '2018-11-06', '1153', 6, 17, '3861.00', 2, 11, 2, 1, ''),
(1973, '2018-05-10', '1154', 6, 13, '1540.00', 5, 6, 2, 1, ''),
(1974, '2019-03-01', '1155', 12, 9, '1311.00', 2, 10, 2, 1, ''),
(1975, '2018-04-24', '1156', 7, 15, '1127.00', 3, 12, 1, 1, ''),
(1976, '2019-07-22', '1157', 9, 12, '4802.00', 3, 8, 4, 1, ''),
(1977, '2019-05-25', '1158', 2, 1, '2027.00', 4, 11, 4, 1, ''),
(1978, '2018-05-20', '1159', 3, 5, '4011.00', 4, 5, 3, 1, ''),
(1979, '2019-05-29', '1160', 5, 14, '3702.00', 1, 9, 2, 1, ''),
(1980, '2018-05-20', '1161', 9, 23, '4795.00', 2, 5, 3, 1, ''),
(1981, '2018-10-20', '1162', 4, 15, '4099.00', 3, 10, 4, 1, ''),
(1982, '2018-12-05', '1163', 10, 19, '3722.00', 1, 12, 1, 1, ''),
(1983, '2018-05-02', '1164', 8, 9, '4299.00', 3, 10, 3, 1, ''),
(1984, '2018-06-03', '1165', 12, 17, '2920.00', 4, 10, 3, 1, ''),
(1985, '2018-01-13', '1166', 6, 21, '3931.00', 3, 11, 3, 1, ''),
(1986, '2019-03-03', '1167', 3, 3, '3398.00', 5, 8, 4, 1, ''),
(1987, '2019-07-08', '1168', 4, 8, '2162.00', 3, 11, 2, 1, ''),
(1988, '2018-04-13', '1169', 2, 15, '1692.00', 5, 12, 3, 1, ''),
(1989, '2019-02-01', '1170', 8, 19, '1995.00', 4, 12, 1, 1, ''),
(1990, '2018-01-17', '1171', 4, 1, '2177.00', 2, 5, 2, 1, ''),
(1991, '2018-08-02', '1172', 3, 22, '4455.00', 3, 11, 4, 1, ''),
(1992, '2018-03-04', '1173', 2, 4, '3100.00', 5, 5, 1, 1, ''),
(1993, '2019-07-04', '1174', 2, 12, '1681.00', 2, 6, 2, 1, ''),
(1994, '2018-03-01', '1175', 10, 3, '2394.00', 1, 9, 4, 1, ''),
(1995, '2019-03-01', '1176', 8, 22, '2739.00', 5, 5, 2, 1, ''),
(1996, '2017-10-15', '1177', 12, 21, '2128.00', 5, 9, 3, 1, ''),
(1997, '2019-02-04', '1178', 4, 2, '1386.00', 5, 6, 1, 1, ''),
(1998, '2018-02-09', '1179', 10, 11, '4497.00', 5, 7, 3, 1, ''),
(1999, '2019-09-10', '1180', 12, 2, '2650.00', 5, 6, 3, 1, ''),
(2000, '2017-10-10', '1181', 10, 5, '3044.00', 4, 6, 3, 1, ''),
(2001, '2019-01-18', '1182', 9, 1, '2842.00', 3, 8, 3, 1, ''),
(2002, '2019-01-09', '1183', 3, 11, '2542.00', 5, 6, 4, 1, ''),
(2003, '2018-09-26', '1184', 2, 7, '1170.00', 5, 5, 3, 1, ''),
(2004, '2018-12-26', '1185', 8, 18, '4424.00', 3, 7, 2, 1, ''),
(2005, '2018-04-11', '1186', 3, 18, '2861.00', 5, 10, 2, 1, ''),
(2006, '2019-07-24', '1187', 6, 19, '4319.00', 5, 8, 3, 1, ''),
(2007, '2019-03-31', '1188', 7, 3, '2547.00', 1, 8, 1, 1, ''),
(2008, '2019-08-22', '1189', 4, 18, '2155.00', 3, 7, 2, 1, ''),
(2009, '2018-10-28', '1190', 8, 14, '2553.00', 3, 11, 4, 1, ''),
(2010, '2019-09-09', '1191', 3, 7, '2630.00', 3, 11, 1, 1, ''),
(2011, '2019-07-30', '1192', 12, 2, '2431.00', 2, 9, 1, 1, ''),
(2012, '2019-02-16', '1193', 6, 10, '3636.00', 5, 6, 2, 1, ''),
(2013, '2018-11-04', '1194', 6, 20, '2075.00', 3, 9, 3, 1, ''),
(2014, '2017-12-16', '1195', 10, 4, '2762.00', 1, 9, 3, 1, ''),
(2015, '2018-01-20', '1196', 4, 23, '2430.00', 3, 12, 4, 1, ''),
(2016, '2019-02-20', '1197', 5, 15, '1197.00', 4, 5, 2, 1, ''),
(2017, '2018-03-05', '1198', 9, 19, '1240.00', 4, 11, 2, 1, ''),
(2018, '2018-04-06', '1199', 10, 9, '1595.00', 2, 11, 1, 1, ''),
(2019, '2018-09-04', '1000', 4, 21, '4683.00', 4, 7, 1, 1, ''),
(2020, '2017-11-28', '1001', 5, 17, '1541.00', 5, 8, 2, 1, ''),
(2021, '2019-08-24', '1002', 7, 1, '1914.00', 4, 10, 3, 1, ''),
(2022, '2019-07-10', '1003', 6, 11, '1525.00', 1, 11, 2, 1, ''),
(2023, '2018-07-29', '1004', 11, 13, '2366.00', 1, 5, 4, 1, ''),
(2024, '2019-04-19', '1005', 5, 5, '2202.00', 1, 9, 2, 1, ''),
(2025, '2019-03-12', '1006', 12, 9, '3891.00', 1, 8, 4, 1, ''),
(2026, '2018-02-15', '1007', 11, 7, '2827.00', 2, 7, 2, 1, ''),
(2027, '2019-01-07', '1008', 5, 18, '2707.00', 1, 6, 3, 1, ''),
(2028, '2017-10-21', '1009', 8, 9, '1793.00', 1, 5, 2, 1, ''),
(2029, '2018-09-25', '1010', 2, 22, '3432.00', 5, 12, 1, 1, ''),
(2030, '2017-12-28', '1011', 3, 10, '1511.00', 4, 5, 4, 1, ''),
(2031, '2018-05-06', '1012', 5, 23, '2964.00', 1, 5, 2, 1, ''),
(2032, '2018-07-27', '1013', 9, 15, '1926.00', 1, 6, 1, 1, ''),
(2033, '2018-09-28', '1014', 9, 6, '1669.00', 5, 5, 2, 1, ''),
(2034, '2018-02-08', '1015', 12, 22, '4055.00', 1, 6, 2, 1, ''),
(2035, '2017-11-08', '1016', 9, 11, '3041.00', 5, 8, 1, 1, ''),
(2036, '2017-11-07', '1017', 6, 5, '1935.00', 3, 11, 2, 1, ''),
(2037, '2018-11-09', '1018', 5, 20, '3793.00', 1, 8, 3, 1, ''),
(2038, '2019-04-16', '1019', 6, 18, '4989.00', 1, 5, 1, 1, ''),
(2039, '2018-10-01', '1020', 4, 1, '3872.00', 5, 10, 2, 1, ''),
(2040, '2018-09-08', '1021', 7, 3, '3185.00', 2, 8, 4, 1, ''),
(2041, '2018-01-18', '1022', 8, 7, '3346.00', 1, 7, 4, 1, ''),
(2042, '2018-03-19', '1023', 8, 20, '3605.00', 4, 6, 1, 1, ''),
(2043, '2018-01-24', '1024', 5, 2, '1426.00', 4, 10, 1, 1, ''),
(2044, '2019-08-13', '1025', 10, 7, '2715.00', 3, 6, 4, 1, ''),
(2045, '2017-11-05', '1026', 11, 22, '3467.00', 1, 7, 3, 1, ''),
(2046, '2018-05-01', '1027', 12, 13, '3692.00', 5, 7, 2, 1, ''),
(2047, '2019-09-05', '1028', 9, 13, '3648.00', 5, 8, 3, 1, ''),
(2048, '2018-08-06', '1029', 11, 10, '2074.00', 1, 8, 1, 1, ''),
(2049, '2019-08-29', '1030', 8, 21, '2117.00', 4, 6, 2, 1, ''),
(2050, '2018-07-10', '1031', 5, 7, '1250.00', 4, 10, 1, 1, ''),
(2051, '2017-10-20', '1032', 4, 21, '2929.00', 4, 6, 2, 1, ''),
(2052, '2019-02-14', '1033', 6, 19, '3296.00', 4, 6, 4, 1, ''),
(2053, '2018-02-05', '1034', 3, 22, '3724.00', 5, 12, 3, 1, ''),
(2054, '2018-03-13', '1035', 2, 4, '1463.00', 4, 10, 4, 1, ''),
(2055, '2019-03-26', '1036', 2, 7, '2505.00', 1, 12, 4, 1, ''),
(2056, '2018-12-16', '1037', 7, 1, '3961.00', 3, 8, 3, 1, ''),
(2057, '2019-03-09', '1038', 8, 6, '1609.00', 2, 9, 4, 1, ''),
(2058, '2017-11-22', '1039', 7, 9, '3687.00', 1, 9, 4, 1, ''),
(2059, '2017-09-21', '1040', 6, 16, '4933.00', 4, 10, 3, 1, ''),
(2060, '2017-10-27', '1041', 2, 21, '1551.00', 3, 11, 3, 1, ''),
(2061, '2018-10-21', '1042', 9, 10, '4641.00', 4, 10, 3, 1, ''),
(2062, '2018-12-08', '1043', 8, 1, '2678.00', 3, 10, 3, 1, ''),
(2063, '2017-11-08', '1044', 6, 16, '2877.00', 3, 8, 3, 1, ''),
(2064, '2019-05-03', '1045', 12, 21, '2965.00', 5, 7, 3, 1, ''),
(2065, '2017-10-23', '1046', 9, 17, '4244.00', 3, 7, 1, 1, ''),
(2066, '2018-02-28', '1047', 7, 17, '3534.00', 1, 7, 4, 1, ''),
(2067, '2018-02-14', '1048', 3, 7, '3986.00', 3, 5, 1, 1, ''),
(2068, '2018-09-27', '1049', 5, 23, '1873.00', 2, 11, 1, 1, ''),
(2069, '2017-12-21', '1050', 2, 22, '3510.00', 5, 10, 2, 1, ''),
(2070, '2018-08-18', '1051', 5, 3, '1732.00', 1, 10, 2, 1, ''),
(2071, '2019-04-20', '1052', 2, 12, '4847.00', 2, 9, 1, 1, ''),
(2072, '2017-11-18', '1053', 9, 2, '2975.00', 4, 9, 3, 1, ''),
(2073, '2019-04-23', '1054', 8, 10, '3302.00', 4, 9, 1, 1, ''),
(2074, '2017-12-02', '1055', 11, 10, '3450.00', 2, 10, 2, 1, ''),
(2075, '2018-04-02', '1056', 3, 22, '1080.00', 5, 11, 4, 1, ''),
(2076, '2017-10-20', '1057', 2, 14, '1153.00', 3, 11, 1, 1, ''),
(2077, '2017-10-03', '1058', 12, 22, '4407.00', 5, 9, 4, 1, ''),
(2078, '2018-08-15', '1059', 8, 15, '3387.00', 5, 6, 2, 1, ''),
(2079, '2019-03-21', '1060', 5, 23, '2264.00', 4, 6, 1, 1, ''),
(2080, '2019-06-29', '1061', 11, 7, '2169.00', 3, 7, 1, 1, ''),
(2081, '2018-10-18', '1062', 3, 14, '3221.00', 2, 12, 3, 1, ''),
(2082, '2019-04-23', '1063', 5, 23, '1352.00', 1, 5, 4, 1, ''),
(2083, '2017-10-09', '1064', 3, 7, '3680.00', 3, 12, 3, 1, ''),
(2084, '2018-06-24', '1065', 8, 1, '1550.00', 2, 5, 3, 1, ''),
(2085, '2018-01-17', '1066', 12, 5, '3918.00', 5, 5, 2, 1, ''),
(2086, '2018-08-23', '1067', 7, 2, '3668.00', 5, 8, 4, 1, ''),
(2087, '2018-07-09', '1068', 11, 15, '4279.00', 4, 6, 3, 1, ''),
(2088, '2018-12-04', '1069', 8, 1, '3668.00', 3, 6, 4, 1, ''),
(2089, '2019-08-06', '1070', 10, 3, '1459.00', 3, 8, 3, 1, ''),
(2090, '2019-03-05', '1071', 10, 22, '1269.00', 4, 7, 4, 1, ''),
(2091, '2018-05-02', '1072', 10, 17, '4026.00', 4, 11, 2, 1, ''),
(2092, '2017-09-21', '1073', 5, 19, '1906.00', 1, 11, 1, 1, ''),
(2093, '2018-10-05', '1074', 7, 9, '1193.00', 1, 5, 3, 1, ''),
(2094, '2018-07-27', '1075', 2, 19, '2360.00', 4, 6, 3, 1, ''),
(2095, '2019-01-26', '1076', 3, 6, '3443.00', 2, 10, 1, 1, ''),
(2096, '2018-02-05', '1077', 8, 9, '2662.00', 4, 10, 1, 1, ''),
(2097, '2019-07-06', '1078', 11, 19, '4203.00', 1, 5, 2, 1, ''),
(2098, '2019-06-20', '1079', 12, 15, '1863.00', 5, 5, 4, 1, ''),
(2099, '2017-12-19', '1080', 2, 13, '2886.00', 1, 5, 4, 1, ''),
(2100, '2019-09-05', '1081', 11, 23, '4601.00', 2, 6, 4, 1, ''),
(2101, '2017-10-13', '1082', 3, 17, '2456.00', 5, 12, 1, 1, ''),
(2102, '2017-11-17', '1083', 6, 8, '2151.00', 2, 11, 1, 1, ''),
(2103, '2018-10-28', '1084', 4, 6, '1363.00', 1, 10, 2, 1, ''),
(2104, '2018-02-09', '1085', 5, 7, '3039.00', 5, 6, 2, 1, ''),
(2105, '2018-08-11', '1086', 10, 15, '2584.00', 4, 6, 1, 1, ''),
(2106, '2018-11-18', '1087', 7, 5, '4264.00', 1, 9, 3, 1, ''),
(2107, '2019-09-18', '1088', 6, 8, '2615.00', 3, 12, 3, 1, ''),
(2108, '2018-10-31', '1089', 5, 21, '2499.00', 4, 12, 2, 1, ''),
(2109, '2018-08-02', '1090', 12, 6, '3891.00', 5, 8, 1, 1, ''),
(2110, '2018-12-16', '1091', 3, 6, '3089.00', 1, 5, 2, 1, ''),
(2111, '2018-02-08', '1092', 6, 8, '3936.00', 2, 5, 1, 1, ''),
(2112, '2018-12-23', '1093', 12, 11, '1513.00', 4, 9, 2, 1, ''),
(2113, '2017-12-14', '1094', 11, 17, '4652.00', 2, 5, 1, 1, ''),
(2114, '2018-07-25', '1095', 4, 2, '4025.00', 4, 12, 3, 1, ''),
(2115, '2018-06-05', '1096', 3, 5, '3176.00', 4, 11, 2, 1, ''),
(2116, '2018-10-16', '1097', 12, 3, '3780.00', 1, 11, 4, 1, ''),
(2117, '2018-03-24', '1098', 2, 12, '3696.00', 5, 8, 2, 1, ''),
(2118, '2018-06-03', '1099', 2, 11, '3392.00', 2, 10, 2, 1, '');

-- --------------------------------------------------------

--
-- Estructura de tabla para la tabla `sucursales`
--

CREATE TABLE `sucursales` (
  `idsucursales` int(11) NOT NULL,
  `nombre` varchar(50) CHARACTER SET latin1 NOT NULL,
  `direccion` varchar(150) CHARACTER SET latin1 NOT NULL,
  `condicion` int(11) NOT NULL
) ENGINE=InnoDB DEFAULT CHARSET=utf8 COLLATE=utf8_spanish_ci;

--
-- Volcado de datos para la tabla `sucursales`
--

INSERT INTO `sucursales` (`idsucursales`, `nombre`, `direccion`, `condicion`) VALUES
(1, 'Arce', 'av. arce', 1),
(2, 'Genaro', 'Genaro Sangines', 1),
(3, 'Zona Sur', 'Calacoto', 1),
(4, 'Capitan', 'Capitan Ravelo', 1),
(5, 'Categoria ', 'alguna direccion que ni existe', 0),
(6, 'Categoria de prueba', 'alguna direccion que ni existe', 0);

-- --------------------------------------------------------

--
-- Estructura de tabla para la tabla `tallas`
--

CREATE TABLE `tallas` (
  `idtalla` int(11) NOT NULL,
  `nombre` varchar(50) COLLATE utf8_spanish_ci NOT NULL,
  `estado` int(11) NOT NULL
) ENGINE=InnoDB DEFAULT CHARSET=utf8 COLLATE=utf8_spanish_ci;

--
-- Volcado de datos para la tabla `tallas`
--

INSERT INTO `tallas` (`idtalla`, `nombre`, `estado`) VALUES
(1, 's/t', 0),
(2, '55', 1),
(3, '54', 1),
(4, '53', 1),
(5, '56', 1),
(6, '57', 1),
(7, '58', 1),
(8, '59', 1),
(9, '60', 1),
(10, '50', 1),
(11, '51', 1),
(12, '52', 1);

-- --------------------------------------------------------

--
-- Estructura de tabla para la tabla `telas`
--

CREATE TABLE `telas` (
  `idtela` int(11) NOT NULL,
  `nombre` varchar(50) CHARACTER SET latin1 NOT NULL,
  `descripcion` varchar(150) CHARACTER SET latin1 NOT NULL,
  `condicion` int(11) NOT NULL
) ENGINE=InnoDB DEFAULT CHARSET=utf8 COLLATE=utf8_spanish_ci;

--
-- Volcado de datos para la tabla `telas`
--

INSERT INTO `telas` (`idtela`, `nombre`, `descripcion`, `condicion`) VALUES
(1, 'B Angelo', '', 1),
(2, 'Barrigton100', '', 1),
(3, 'Barrington', '', 1),
(4, 'Nuevo Tela de Prueba', '', 1),
(5, 'Bonino', '', 1),
(6, 'COLOM', '', 1),
(7, 'Colom Sillerico', '', 1),
(8, 'Colom/100', '', 1),
(9, 'Don Manuel', '', 1),
(10, 'Espanol', '', 1),
(11, 'Espanol Sillerico', '', 1),
(12, 'Fibratex', '', 1),
(13, 'Gold', '', 1),
(14, 'italiana', '', 1),
(15, 'Lanitex', '', 1),
(16, 'Microfibra', '', 1),
(17, 'Paylana', '', 1),
(18, 'Tasmani 120', '', 1),
(19, 'Tropical cardif', '', 1),
(20, 'Tropical espanol', '', 1),
(21, 'Vitali', '', 1),
(22, 'Kaki', '', 1),
(23, 's/t', '', 1);

-- --------------------------------------------------------

--
-- Estructura de tabla para la tabla `users`
--

CREATE TABLE `users` (
  `id` int(10) UNSIGNED NOT NULL,
  `name` varchar(255) COLLATE utf8_unicode_ci NOT NULL,
  `email` varchar(255) COLLATE utf8_unicode_ci NOT NULL,
  `password` varchar(255) COLLATE utf8_unicode_ci NOT NULL,
  `type` enum('admin','user') COLLATE utf8_unicode_ci NOT NULL,
  `remember_token` varchar(100) COLLATE utf8_unicode_ci DEFAULT NULL,
  `created_at` timestamp NULL DEFAULT NULL,
  `updated_at` timestamp NULL DEFAULT NULL
) ENGINE=InnoDB DEFAULT CHARSET=utf8 COLLATE=utf8_unicode_ci;

--
-- Volcado de datos para la tabla `users`
--

INSERT INTO `users` (`id`, `name`, `email`, `password`, `type`, `remember_token`, `created_at`, `updated_at`) VALUES
(1, 'admin@gmail.com', 'admin@gmail.com', '$2y$10$dq.wWUmdui8v.0poUIKFq.RumObsXA/9KqOCXHgrdSmv3ucLWn15G', 'admin', 'mTnZ0NX7eVPuXjtLWGB1SxpOOsPDXDsLDkl50SwuUQRH4jDGt9X7mslgxSO1', '2018-05-16 11:23:57', '2018-09-11 05:37:45'),
(2, 'user@user.com', 'user@user.com', '$2y$12$/wYR2/ioCcCgswhMO2RoCubTF01.EwU4VWj66mk9NJOVZcXvU9gKe', 'user', 'Ryy9aQTk6fc1TOYLlfKSsyypxpfTEMgIeScnFQCnPmBEyK97UOfoPNWT9Z10', '2018-05-16 11:25:17', '2018-09-07 05:21:21'),
(3, 'pruebaAdmin', 'pruebaAdmin@gmail.com', '$2y$10$WkfGy8/gBpraFnFng.qjzu8j9Wrb4UcOnuBjYcmbqd7tXxSI4uwBS', 'admin', 'Ur6bp6fW0jKt3qYJl1p4ZsxOuOUQPXhat7HlwLapD2nXM872L2a5oew6ikvq', '2018-05-17 04:00:00', '2018-05-17 04:41:35');

-- --------------------------------------------------------

--
-- Estructura de tabla para la tabla `ventas`
--

CREATE TABLE `ventas` (
  `id` int(11) NOT NULL,
  `fechaVenta` date NOT NULL,
  `tipoDoc` int(11) NOT NULL,
  `numDoc` int(11) NOT NULL,
  `docHistorial` varchar(100) COLLATE utf8_spanish_ci NOT NULL,
  `cliente` varchar(50) COLLATE utf8_spanish_ci NOT NULL,
  `idproducto` int(11) NOT NULL,
  `costoVenta` decimal(11,0) NOT NULL,
  `saldo` decimal(11,0) NOT NULL,
  `ingreso` decimal(11,0) NOT NULL,
  `estado` int(11) NOT NULL
) ENGINE=InnoDB DEFAULT CHARSET=utf8 COLLATE=utf8_spanish_ci;

--
-- Volcado de datos para la tabla `ventas`
--

INSERT INTO `ventas` (`id`, `fechaVenta`, `tipoDoc`, `numDoc`, `docHistorial`, `cliente`, `idproducto`, `costoVenta`, `saldo`, `ingreso`, `estado`) VALUES
(1, '2018-11-10', 0, 9874, '', 'algo', 4, '1000', '0', '1000', 1),
(2, '2018-11-10', 1, 85, '', 'lol', 5, '1500', '500', '1000', 2);

-- --------------------------------------------------------

--
-- Estructura de tabla para la tabla `ventasaldo`
--

CREATE TABLE `ventasaldo` (
  `id` int(11) NOT NULL,
  `idventa` int(11) NOT NULL,
  `ingreso` decimal(11,0) NOT NULL,
  `fecha` date NOT NULL,
  `tipoDoc` int(11) NOT NULL,
  `numDoc` int(11) NOT NULL,
  `estado` int(11) NOT NULL
) ENGINE=InnoDB DEFAULT CHARSET=utf8 COLLATE=utf8_spanish_ci;

--
-- Volcado de datos para la tabla `ventasaldo`
--

INSERT INTO `ventasaldo` (`id`, `idventa`, `ingreso`, `fecha`, `tipoDoc`, `numDoc`, `estado`) VALUES
(2, 2, '1000', '2018-11-10', 1, 85, 1);

--
-- Índices para tablas volcadas
--

--
-- Indices de la tabla `categorias`
--
ALTER TABLE `categorias`
  ADD PRIMARY KEY (`idcategoria`),
  ADD UNIQUE KEY `nombre` (`nombre`);

--
-- Indices de la tabla `color`
--
ALTER TABLE `color`
  ADD PRIMARY KEY (`idcolor`);

--
-- Indices de la tabla `movimientos`
--
ALTER TABLE `movimientos`
  ADD PRIMARY KEY (`idmovimiento`),
  ADD KEY `idproducto` (`idproducto`),
  ADD KEY `idSucOrigen` (`idSucOrigen`),
  ADD KEY `idSucDestino` (`idSucDestino`);

--
-- Indices de la tabla `password_resets`
--
ALTER TABLE `password_resets`
  ADD KEY `password_resets_email_index` (`email`),
  ADD KEY `password_resets_token_index` (`token`);

--
-- Indices de la tabla `productos`
--
ALTER TABLE `productos`
  ADD PRIMARY KEY (`idproducto`),
  ADD KEY `idcategoria` (`idcategoria`),
  ADD KEY `idtela` (`idtela`),
  ADD KEY `idsucursal` (`idsucursal`),
  ADD KEY `idtalla` (`idtalla`),
  ADD KEY `idcolor` (`idcolor`);

--
-- Indices de la tabla `sucursales`
--
ALTER TABLE `sucursales`
  ADD PRIMARY KEY (`idsucursales`);

--
-- Indices de la tabla `tallas`
--
ALTER TABLE `tallas`
  ADD PRIMARY KEY (`idtalla`);

--
-- Indices de la tabla `telas`
--
ALTER TABLE `telas`
  ADD PRIMARY KEY (`idtela`),
  ADD UNIQUE KEY `nombre` (`nombre`);

--
-- Indices de la tabla `users`
--
ALTER TABLE `users`
  ADD PRIMARY KEY (`id`),
  ADD UNIQUE KEY `users_email_unique` (`email`);

--
-- Indices de la tabla `ventas`
--
ALTER TABLE `ventas`
  ADD PRIMARY KEY (`id`),
  ADD UNIQUE KEY `idproducto` (`idproducto`);

--
-- Indices de la tabla `ventasaldo`
--
ALTER TABLE `ventasaldo`
  ADD PRIMARY KEY (`id`),
  ADD KEY `idventa` (`idventa`);

--
-- AUTO_INCREMENT de las tablas volcadas
--

--
-- AUTO_INCREMENT de la tabla `categorias`
--
ALTER TABLE `categorias`
  MODIFY `idcategoria` int(11) NOT NULL AUTO_INCREMENT, AUTO_INCREMENT=16;

--
-- AUTO_INCREMENT de la tabla `color`
--
ALTER TABLE `color`
  MODIFY `idcolor` int(11) NOT NULL AUTO_INCREMENT, AUTO_INCREMENT=6;

--
-- AUTO_INCREMENT de la tabla `movimientos`
--
ALTER TABLE `movimientos`
  MODIFY `idmovimiento` int(11) NOT NULL AUTO_INCREMENT, AUTO_INCREMENT=12;

--
-- AUTO_INCREMENT de la tabla `productos`
--
ALTER TABLE `productos`
  MODIFY `idproducto` int(11) NOT NULL AUTO_INCREMENT, AUTO_INCREMENT=2119;

--
-- AUTO_INCREMENT de la tabla `sucursales`
--
ALTER TABLE `sucursales`
  MODIFY `idsucursales` int(11) NOT NULL AUTO_INCREMENT, AUTO_INCREMENT=7;

--
-- AUTO_INCREMENT de la tabla `tallas`
--
ALTER TABLE `tallas`
  MODIFY `idtalla` int(11) NOT NULL AUTO_INCREMENT, AUTO_INCREMENT=13;

--
-- AUTO_INCREMENT de la tabla `telas`
--
ALTER TABLE `telas`
  MODIFY `idtela` int(11) NOT NULL AUTO_INCREMENT, AUTO_INCREMENT=24;

--
-- AUTO_INCREMENT de la tabla `users`
--
ALTER TABLE `users`
  MODIFY `id` int(10) UNSIGNED NOT NULL AUTO_INCREMENT, AUTO_INCREMENT=4;

--
-- AUTO_INCREMENT de la tabla `ventas`
--
ALTER TABLE `ventas`
  MODIFY `id` int(11) NOT NULL AUTO_INCREMENT, AUTO_INCREMENT=3;

--
-- AUTO_INCREMENT de la tabla `ventasaldo`
--
ALTER TABLE `ventasaldo`
  MODIFY `id` int(11) NOT NULL AUTO_INCREMENT, AUTO_INCREMENT=3;

--
-- Restricciones para tablas volcadas
--

--
-- Filtros para la tabla `movimientos`
--
ALTER TABLE `movimientos`
  ADD CONSTRAINT `movimientos_ibfk_1` FOREIGN KEY (`idproducto`) REFERENCES `productos` (`idproducto`),
  ADD CONSTRAINT `movimientos_ibfk_2` FOREIGN KEY (`idSucOrigen`) REFERENCES `sucursales` (`idsucursales`),
  ADD CONSTRAINT `movimientos_ibfk_3` FOREIGN KEY (`idSucDestino`) REFERENCES `sucursales` (`idsucursales`);

--
-- Filtros para la tabla `productos`
--
ALTER TABLE `productos`
  ADD CONSTRAINT `productos_ibfk_1` FOREIGN KEY (`idcategoria`) REFERENCES `categorias` (`idcategoria`),
  ADD CONSTRAINT `productos_ibfk_2` FOREIGN KEY (`idtela`) REFERENCES `telas` (`idtela`),
  ADD CONSTRAINT `productos_ibfk_3` FOREIGN KEY (`idsucursal`) REFERENCES `sucursales` (`idsucursales`),
  ADD CONSTRAINT `productos_ibfk_4` FOREIGN KEY (`idtalla`) REFERENCES `tallas` (`idtalla`),
  ADD CONSTRAINT `productos_ibfk_5` FOREIGN KEY (`idcolor`) REFERENCES `color` (`idcolor`);

--
-- Filtros para la tabla `ventas`
--
ALTER TABLE `ventas`
  ADD CONSTRAINT `ventas_ibfk_1` FOREIGN KEY (`idproducto`) REFERENCES `productos` (`idproducto`);

--
-- Filtros para la tabla `ventasaldo`
--
ALTER TABLE `ventasaldo`
  ADD CONSTRAINT `ventasaldo_ibfk_1` FOREIGN KEY (`idventa`) REFERENCES `ventas` (`id`);
COMMIT;

/*!40101 SET CHARACTER_SET_CLIENT=@OLD_CHARACTER_SET_CLIENT */;
/*!40101 SET CHARACTER_SET_RESULTS=@OLD_CHARACTER_SET_RESULTS */;
/*!40101 SET COLLATION_CONNECTION=@OLD_COLLATION_CONNECTION */;
