-- phpMyAdmin SQL Dump
-- version 4.8.3
-- https://www.phpmyadmin.net/
--
-- Servidor: localhost:3306
-- Tiempo de generaci칩n: 13-05-2019 a las 21:58:35
-- Versi칩n del servidor: 10.1.38-MariaDB-cll-lve
-- Versi칩n de PHP: 7.2.7

SET SQL_MODE = "NO_AUTO_VALUE_ON_ZERO";
SET AUTOCOMMIT = 0;
START TRANSACTION;
SET time_zone = "+00:00";


/*!40101 SET @OLD_CHARACTER_SET_CLIENT=@@CHARACTER_SET_CLIENT */;
/*!40101 SET @OLD_CHARACTER_SET_RESULTS=@@CHARACTER_SET_RESULTS */;
/*!40101 SET @OLD_COLLATION_CONNECTION=@@COLLATION_CONNECTION */;
/*!40101 SET NAMES utf8mb4 */;

--
-- Base de datos: `sillpkae_sillericos`
--

-- --------------------------------------------------------

--
-- Estructura de tabla para la tabla `categorias`
--

CREATE TABLE `categorias` (
  `idcategoria` int(11) NOT NULL,
  `nombre` varchar(50) COLLATE utf8_spanish_ci NOT NULL,
  `condicion` int(11) NOT NULL
) ENGINE=InnoDB DEFAULT CHARSET=utf8 COLLATE=utf8_spanish_ci;

--
-- Volcado de datos para la tabla `categorias`
--

INSERT INTO `categorias` (`idcategoria`, `nombre`, `condicion`) VALUES
(1, 'Camisas', 1),
(2, 'Traje', 1),
(3, 'Pantalon', 1),
(4, 'Saco SPORT', 1),
(5, 'Saco CORDEROY', 1),
(6, 'BLAIZER', 1),
(7, 'Abrigo Dama', 1),
(8, 'Abrigo/Sacon Varon', 1),
(9, 'Corbatas', 1),
(10, 'Cinturones', 1),
(11, 'Corbatin', 1),
(12, 'Mancuernas', 1),
(13, 'Suspensores', 1),
(14, 'Pin', 1),
(15, 'Chaleco', 1);

-- --------------------------------------------------------

--
-- Estructura de tabla para la tabla `color`
--

CREATE TABLE `color` (
  `idcolor` int(11) NOT NULL,
  `nombre` varchar(50) COLLATE utf8_spanish_ci NOT NULL,
  `estado` int(11) NOT NULL
) ENGINE=InnoDB DEFAULT CHARSET=utf8 COLLATE=utf8_spanish_ci;

--
-- Volcado de datos para la tabla `color`
--

INSERT INTO `color` (`idcolor`, `nombre`, `estado`) VALUES
(1, 'Lila punto', 1),
(2, 'Celeste lila', 1),
(3, 'Blanco linea', 1),
(4, 'Celeste', 1),
(5, 'Lila Claro', 1),
(6, 'Azul', 1),
(7, 'Plomo', 1),
(8, 'Blanco dise침o', 1),
(9, 'Azul estrella', 1),
(10, 'Guindo punto', 1),
(11, 'Plomo cuadro', 1),
(12, 'Celeste punto', 1),
(13, 'Celeste linea', 1),
(14, 'Verde Agua', 1),
(15, 'Azul cuadro', 0),
(16, 'Crema', 1),
(17, 'Blanco', 1),
(19, 'color 19', 0),
(20, 'color 20', 0),
(21, 'color 21', 0),
(22, 'Azul Cuadro', 1),
(23, 'Beige/Tostado', 1),
(24, 'Beige Cuadro', 1),
(25, 'Negro', 1),
(26, 'Azul Francia', 1),
(27, 'Cafe', 1),
(28, 'Amarillo Diseno', 1),
(29, 'sin color', 1);

-- --------------------------------------------------------

--
-- Estructura de tabla para la tabla `descuentos_Sinuso_26.04.2019`
--

CREATE TABLE `descuentos_Sinuso_26.04.2019` (
  `id` int(11) NOT NULL,
  `nombre` varchar(50) COLLATE utf8_spanish_ci NOT NULL,
  `porcentaje` int(11) NOT NULL,
  `lote` varchar(15) COLLATE utf8_spanish_ci NOT NULL
) ENGINE=InnoDB DEFAULT CHARSET=utf8 COLLATE=utf8_spanish_ci;

--
-- Volcado de datos para la tabla `descuentos_Sinuso_26.04.2019`
--

INSERT INTO `descuentos_Sinuso_26.04.2019` (`id`, `nombre`, `porcentaje`, `lote`) VALUES
(1, '', 40, '2022019_211250'),
(2, '', 21, '2722019_163557'),
(3, '', 33, '2722019_17040'),
(4, '', 37, '2722019_174239'),
(5, '', 19, '832019_154919'),
(6, '', 25, '2822019_165554'),
(7, '', 50, '1332019_111934'),
(8, '', 62, '1832019_155117'),
(9, '', 60, '2732019_183739'),
(10, '', 60, '2622019_122653'),
(12, '', 20, '2722019');

-- --------------------------------------------------------

--
-- Estructura de tabla para la tabla `lote`
--

CREATE TABLE `lote` (
  `id` int(11) NOT NULL,
  `lote` varchar(50) COLLATE utf8_spanish_ci NOT NULL,
  `porcentaje_descuento` int(11) NOT NULL,
  `estado` int(11) NOT NULL
) ENGINE=InnoDB DEFAULT CHARSET=utf8 COLLATE=utf8_spanish_ci;

--
-- Volcado de datos para la tabla `lote`
--

INSERT INTO `lote` (`id`, `lote`, `porcentaje_descuento`, `estado`) VALUES
(1, '1332019_111934', 50, 1),
(2, '1332019_195445', 0, 1),
(3, '1642019_185115', 0, 1),
(4, '1742019_192121', 0, 1),
(5, '1832019_155117', 62, 1),
(6, '1832019_165232', 0, 1),
(7, '1832019_173023', 0, 1),
(8, '1832019_185727', 0, 1),
(9, '1832019_192437', 0, 1),
(10, '2022019_211250', 40, 1),
(11, '2022019_21146', 0, 1),
(12, '2222019_192731', 0, 1),
(13, '2222019_194228', 0, 1),
(14, '2622019_122653', 60, 1),
(15, '2722019_163557', 21, 1),
(16, '2722019_17040', 33, 1),
(17, '2722019_174239', 25, 1),
(18, '2732019_183739', 60, 1),
(19, '2822019_165554', 25, 1),
(20, '2822019_173549', 0, 1),
(21, '832019_154919', 19, 1),
(22, '832019_164544', 0, 1),
(23, '832019_164743', 0, 1),
(24, '832019_17145', 0, 1),
(25, '832019_17353', 0, 1),
(26, '832019', 0, 1),
(27, '932019_16621', 70, 1),
(28, '932019_154222', 0, 1),
(29, '1332019', 0, 1),
(30, '2022019', 0, 1),
(31, '2222019', 0, 1),
(32, '2722019', 20, 1),
(33, '2822019', 0, 1),
(34, 'prueba pa', 50, 1),
(35, '352019_CHALECOS', 0, 1);

-- --------------------------------------------------------

--
-- Estructura de tabla para la tabla `movimientos`
--

CREATE TABLE `movimientos` (
  `idmovimiento` int(11) NOT NULL,
  `idproducto` int(11) NOT NULL,
  `idSucOrigen` int(11) NOT NULL,
  `idSucDestino` int(11) NOT NULL,
  `fecha` date NOT NULL
) ENGINE=InnoDB DEFAULT CHARSET=utf8 COLLATE=utf8_spanish_ci;

--
-- Volcado de datos para la tabla `movimientos`
--

INSERT INTO `movimientos` (`idmovimiento`, `idproducto`, `idSucOrigen`, `idSucDestino`, `fecha`) VALUES
(6, 574, 1, 2, '2019-04-02'),
(7, 567, 1, 2, '2019-04-02'),
(8, 1437, 4, 1, '2019-04-29'),
(9, 1421, 4, 1, '2019-04-29'),
(10, 1419, 4, 1, '2019-04-29'),
(11, 1485, 4, 1, '2019-04-29');

-- --------------------------------------------------------

--
-- Estructura de tabla para la tabla `productos`
--

CREATE TABLE `productos` (
  `idproducto` int(11) NOT NULL,
  `fechaCod` date NOT NULL,
  `codigo` varchar(15) CHARACTER SET latin1 NOT NULL,
  `idtalla` int(11) NOT NULL,
  `idtela` int(11) NOT NULL,
  `precio` decimal(11,2) NOT NULL,
  `idcolor` int(11) NOT NULL,
  `idcategoria` int(11) NOT NULL,
  `idsucursal` int(11) NOT NULL,
  `estado` int(11) NOT NULL,
  `lote` int(11) NOT NULL,
  `descripcion` text CHARACTER SET latin1 NOT NULL
) ENGINE=InnoDB DEFAULT CHARSET=utf8 COLLATE=utf8_spanish_ci;

--
-- Volcado de datos para la tabla `productos`
--

INSERT INTO `productos` (`idproducto`, `fechaCod`, `codigo`, `idtalla`, `idtela`, `precio`, `idcolor`, `idcategoria`, `idsucursal`, `estado`, `lote`, `descripcion`) VALUES
(1, '2018-10-29', '5110', 1, 1, '250.00', 1, 1, 1, 1, 11, ''),
(2, '2018-10-29', '5106', 2, 1, '250.00', 1, 1, 1, 1, 11, ''),
(3, '2018-10-29', '5105', 2, 1, '250.00', 1, 1, 1, 1, 11, ''),
(4, '2018-10-29', '5090', 3, 1, '250.00', 1, 1, 1, 1, 11, ''),
(5, '2018-10-29', '5086', 3, 1, '250.00', 1, 1, 1, 1, 11, ''),
(6, '2018-10-29', '5095', 4, 1, '250.00', 1, 1, 1, 1, 11, ''),
(7, '2018-10-29', '5096', 4, 1, '250.00', 1, 1, 1, 1, 11, ''),
(8, '2018-10-29', '5082', 5, 1, '250.00', 1, 1, 1, 1, 11, ''),
(9, '2018-10-29', '5085', 5, 1, '250.00', 1, 1, 1, 1, 11, ''),
(10, '2018-10-29', '5079', 6, 1, '250.00', 1, 1, 1, 1, 11, ''),
(11, '2018-10-29', '5173', 1, 1, '250.00', 2, 1, 1, 1, 11, ''),
(12, '2018-10-29', '5176', 2, 1, '250.00', 2, 1, 1, 1, 11, ''),
(13, '2018-10-29', '5175', 2, 1, '250.00', 2, 1, 1, 1, 11, ''),
(14, '2018-10-29', '5184', 3, 1, '250.00', 2, 1, 1, 1, 11, ''),
(15, '2018-10-29', '5186', 3, 1, '250.00', 2, 1, 1, 1, 11, ''),
(16, '2018-10-29', '5190', 4, 1, '250.00', 2, 1, 1, 1, 11, ''),
(17, '2018-10-29', '5189', 4, 1, '250.00', 2, 1, 1, 1, 11, ''),
(18, '2018-10-29', '5193', 4, 1, '250.00', 2, 1, 1, 1, 11, ''),
(19, '2018-10-29', '5195', 5, 1, '250.00', 2, 1, 1, 1, 11, ''),
(20, '2018-11-23', '5232', 1, 2, '250.00', 3, 1, 1, 1, 10, ''),
(21, '2018-11-23', '5233', 2, 2, '250.00', 3, 1, 1, 1, 10, ''),
(22, '2018-11-23', '5234', 3, 2, '250.00', 3, 1, 1, 1, 10, ''),
(23, '2018-11-23', '5235', 3, 2, '250.00', 3, 1, 1, 1, 10, ''),
(24, '2018-11-23', '5236', 3, 2, '250.00', 3, 1, 1, 1, 10, ''),
(25, '2018-11-23', '5299', 4, 2, '250.00', 3, 1, 1, 1, 10, ''),
(26, '2018-11-23', '5237', 4, 2, '250.00', 3, 1, 1, 1, 10, ''),
(27, '2018-11-23', '5134', 3, 2, '250.00', 4, 1, 1, 1, 10, ''),
(28, '2018-11-23', '5135', 3, 2, '250.00', 4, 1, 1, 1, 10, ''),
(29, '2018-11-23', '5157', 3, 2, '250.00', 4, 1, 1, 1, 10, ''),
(30, '2018-11-23', '5150', 3, 2, '250.00', 5, 1, 1, 1, 10, ''),
(31, '2018-11-23', '5152', 3, 2, '250.00', 5, 1, 1, 1, 10, ''),
(32, '2018-11-23', '5156', 3, 2, '250.00', 5, 1, 1, 1, 10, ''),
(33, '2018-11-23', '5154', 4, 2, '250.00', 5, 1, 1, 1, 10, ''),
(34, '2018-11-23', '5224', 1, 2, '250.00', 3, 1, 1, 1, 10, ''),
(35, '2018-11-23', '5225', 1, 2, '250.00', 3, 1, 1, 1, 10, ''),
(36, '2018-11-23', '5218', 2, 2, '250.00', 3, 1, 1, 1, 10, ''),
(37, '2018-11-23', '5326', 4, 2, '250.00', 3, 1, 1, 1, 10, ''),
(38, '2018-11-23', '5329', 6, 2, '250.00', 3, 1, 1, 1, 10, ''),
(39, '2018-11-23', '5217', 2, 2, '250.00', 3, 1, 1, 1, 10, ''),
(40, '2018-11-23', '5216', 3, 2, '250.00', 3, 1, 1, 1, 10, ''),
(41, '2018-11-23', '5215', 4, 2, '250.00', 3, 1, 1, 1, 10, ''),
(42, '2017-12-04', '4809', 1, 2, '250.00', 8, 1, 1, 1, 10, ''),
(43, '2017-12-04', '4811', 1, 2, '250.00', 8, 1, 1, 1, 10, ''),
(44, '2017-12-04', '4808', 1, 2, '250.00', 8, 1, 1, 1, 10, ''),
(45, '2017-12-04', '4823', 3, 2, '250.00', 8, 1, 1, 1, 10, ''),
(46, '2017-12-04', '4827', 3, 2, '250.00', 8, 1, 1, 1, 10, ''),
(47, '2017-12-04', '4829', 3, 2, '250.00', 8, 1, 1, 1, 10, ''),
(48, '2017-12-04', '4832', 4, 2, '250.00', 8, 1, 1, 1, 10, ''),
(49, '2017-12-04', '4830', 4, 2, '250.00', 8, 1, 1, 1, 10, ''),
(50, '2017-12-04', '4688', 2, 2, '250.00', 6, 1, 1, 1, 10, ''),
(51, '2017-12-04', '4679', 3, 2, '250.00', 6, 1, 1, 1, 10, ''),
(52, '2017-12-04', '4675', 4, 2, '250.00', 6, 1, 1, 1, 10, ''),
(53, '2017-12-04', '4528', 1, 2, '250.00', 11, 1, 1, 1, 10, ''),
(54, '2017-12-04', '4530', 3, 2, '250.00', 11, 1, 1, 1, 10, ''),
(55, '2017-12-04', '4531', 4, 2, '250.00', 11, 1, 1, 1, 10, ''),
(56, '2017-12-04', '4522', 2, 2, '250.00', 11, 1, 1, 1, 10, ''),
(57, '2017-12-04', '4527', 1, 2, '250.00', 11, 1, 1, 1, 10, ''),
(58, '2017-12-05', '4859', 5, 1, '250.00', 12, 1, 1, 1, 10, ''),
(59, '2017-12-05', '7852', 4, 1, '250.00', 12, 1, 1, 1, 10, ''),
(60, '2017-12-05', '4861', 3, 1, '250.00', 12, 1, 1, 1, 10, ''),
(61, '2017-12-05', '4845', 2, 1, '250.00', 12, 1, 1, 1, 10, ''),
(62, '2017-12-05', '4851', 2, 1, '250.00', 12, 1, 1, 1, 10, ''),
(63, '2017-11-30', '4725', 4, 2, '250.00', 10, 1, 1, 1, 10, ''),
(64, '2017-11-30', '4721', 4, 2, '250.00', 10, 1, 1, 1, 10, ''),
(65, '2017-11-30', '4723', 4, 2, '250.00', 10, 1, 1, 1, 10, ''),
(66, '2017-11-30', '4730', 3, 2, '250.00', 10, 1, 1, 1, 10, ''),
(67, '2017-11-30', '4739', 2, 2, '250.00', 10, 1, 1, 1, 10, ''),
(68, '2017-11-30', '4738', 2, 2, '250.00', 10, 1, 1, 1, 10, ''),
(69, '2017-11-30', '4734', 2, 2, '250.00', 10, 1, 1, 1, 10, ''),
(70, '2017-11-30', '4383', 2, 2, '250.00', 9, 1, 1, 1, 10, ''),
(71, '2017-11-30', '4388', 2, 2, '250.00', 9, 1, 1, 1, 10, ''),
(72, '2017-11-30', '4387', 2, 2, '250.00', 9, 1, 1, 1, 10, ''),
(73, '2017-11-30', '4376', 3, 2, '250.00', 9, 1, 1, 1, 10, ''),
(74, '2017-11-30', '4372', 3, 2, '250.00', 9, 1, 1, 1, 10, ''),
(75, '2017-11-30', '4382', 1, 2, '250.00', 9, 1, 1, 1, 10, ''),
(76, '2017-11-30', '4380', 1, 2, '250.00', 9, 1, 1, 1, 10, ''),
(77, '2017-11-30', '4381', 1, 2, '250.00', 9, 1, 1, 1, 10, ''),
(78, '2017-11-30', '4375', 3, 2, '250.00', 9, 1, 1, 1, 10, ''),
(79, '2017-11-30', '4394', 4, 2, '250.00', 9, 1, 1, 1, 10, ''),
(80, '2017-11-30', '4391', 4, 2, '250.00', 9, 1, 1, 1, 10, ''),
(81, '2017-11-30', '4389', 4, 2, '250.00', 9, 1, 1, 1, 10, ''),
(82, '2018-10-29', '5143', 4, 2, '250.00', 13, 1, 1, 1, 10, ''),
(83, '2018-10-29', '5137', 4, 2, '250.00', 13, 1, 1, 1, 10, ''),
(84, '2018-10-29', '5140', 3, 2, '250.00', 13, 1, 1, 1, 10, ''),
(85, '2018-10-29', '5145', 4, 2, '250.00', 13, 1, 1, 1, 10, ''),
(97, '2017-07-17', '4275', 3, 1, '250.00', 14, 1, 1, 1, 10, ''),
(98, '2017-07-17', '4292', 3, 1, '250.00', 14, 1, 1, 1, 10, ''),
(99, '2017-07-17', '4300', 2, 1, '250.00', 14, 1, 1, 1, 10, ''),
(100, '2017-07-17', '4299', 2, 1, '250.00', 14, 1, 1, 1, 10, ''),
(101, '2017-07-17', '4271', 3, 1, '250.00', 14, 1, 1, 1, 10, ''),
(102, '2017-07-17', '4563', 4, 1, '250.00', 14, 1, 1, 1, 10, ''),
(103, '2017-07-17', '4285', 5, 1, '250.00', 14, 1, 1, 1, 10, ''),
(104, '2017-07-17', '4284', 5, 1, '250.00', 14, 1, 1, 1, 10, ''),
(105, '2017-12-07', '4798', 5, 1, '250.00', 15, 1, 1, 1, 10, ''),
(106, '2017-12-07', '4794', 4, 1, '250.00', 15, 1, 1, 1, 10, ''),
(107, '2017-12-07', '4774', 2, 1, '250.00', 15, 1, 3, 1, 10, ''),
(108, '2017-12-07', '4758', 4, 1, '250.00', 3, 1, 1, 1, 10, ''),
(109, '2017-12-07', '4763', 5, 1, '250.00', 3, 1, 1, 1, 10, ''),
(110, '2017-12-07', '4743', 2, 1, '250.00', 3, 1, 1, 1, 10, ''),
(111, '2017-12-07', '4651', 4, 1, '250.00', 1, 1, 1, 1, 10, ''),
(112, '2017-12-07', '4648', 4, 1, '250.00', 1, 1, 1, 1, 10, ''),
(113, '2017-12-07', '4649', 4, 1, '250.00', 1, 1, 1, 1, 10, ''),
(114, '2017-12-07', '4656', 3, 1, '250.00', 1, 1, 1, 1, 10, ''),
(115, '2017-12-07', '4646', 5, 1, '250.00', 1, 1, 1, 1, 10, ''),
(116, '2017-12-07', '4644', 5, 1, '250.00', 1, 1, 1, 1, 10, ''),
(117, '2018-10-18', '5164', 2, 2, '250.00', 19, 1, 1, 1, 10, ''),
(118, '2018-10-18', '5162', 2, 2, '250.00', 19, 1, 1, 1, 10, ''),
(119, '2018-10-18', '5167', 3, 2, '250.00', 19, 1, 1, 1, 10, ''),
(120, '2018-10-18', '3001', 4, 2, '250.00', 3, 1, 1, 1, 10, ''),
(121, '2018-10-18', '5115', 3, 2, '250.00', 19, 1, 1, 1, 10, ''),
(122, '2017-07-25', '4411', 2, 2, '250.00', 7, 1, 1, 1, 10, ''),
(123, '2017-07-25', '4436', 4, 2, '250.00', 7, 1, 1, 1, 10, ''),
(124, '2017-07-25', '5345', 6, 2, '250.00', 16, 1, 1, 1, 10, ''),
(125, '2015-04-01', '2262', 5, 2, '250.00', 16, 1, 3, 1, 10, ''),
(126, '2018-10-18', '5124', 3, 2, '250.00', 3, 1, 1, 1, 10, ''),
(127, '2015-08-24', '2748', 2, 2, '250.00', 20, 1, 1, 1, 12, ''),
(128, '2016-07-16', '3595', 1, 2, '250.00', 20, 1, 1, 1, 12, ''),
(129, '2016-07-16', '2770', 6, 2, '250.00', 20, 1, 1, 1, 12, ''),
(130, '2017-01-11', '4120', 5, 2, '250.00', 20, 1, 1, 1, 12, ''),
(131, '2018-07-04', '4976', 2, 2, '250.00', 20, 1, 1, 1, 12, ''),
(132, '2018-07-04', '4982', 2, 2, '250.00', 20, 1, 1, 1, 12, ''),
(133, '2018-07-04', '4978', 2, 2, '250.00', 20, 1, 1, 1, 12, ''),
(134, '2017-11-29', '4577', 5, 2, '250.00', 20, 1, 1, 1, 12, ''),
(135, '2016-03-11', '3473', 3, 2, '250.00', 20, 1, 1, 1, 12, ''),
(136, '2018-07-04', '4999', 3, 2, '250.00', 20, 1, 1, 1, 12, ''),
(137, '2018-07-04', '5001', 3, 2, '250.00', 20, 1, 1, 1, 12, ''),
(138, '2018-07-04', '5056', 2, 2, '250.00', 20, 1, 1, 1, 12, ''),
(139, '2016-10-11', '3835', 7, 2, '250.00', 20, 1, 1, 1, 12, ''),
(140, '2018-07-04', '5023', 2, 2, '200.00', 17, 1, 1, 1, 13, ''),
(141, '2018-07-04', '5022', 2, 2, '200.00', 17, 1, 1, 1, 13, ''),
(142, '2018-07-04', '3138', 4, 2, '200.00', 17, 1, 1, 1, 13, ''),
(143, '2018-07-04', '5044', 4, 2, '200.00', 17, 1, 1, 1, 13, ''),
(144, '2018-07-04', '5045', 4, 2, '200.00', 17, 1, 1, 1, 13, ''),
(145, '2018-07-04', '5046', 4, 2, '200.00', 17, 1, 1, 1, 13, ''),
(146, '2017-01-11', '4128', 5, 2, '200.00', 17, 1, 1, 1, 13, ''),
(147, '2018-04-07', '5020', 1, 2, '200.00', 17, 1, 1, 1, 13, ''),
(148, '2017-01-18', '4150', 5, 2, '200.00', 17, 1, 1, 1, 13, ''),
(149, '2018-04-04', '5047', 5, 2, '200.00', 17, 1, 1, 1, 13, ''),
(150, '2018-04-04', '5055', 5, 2, '200.00', 17, 1, 1, 1, 13, ''),
(151, '2016-05-08', '3665', 2, 2, '250.00', 3, 1, 1, 1, 14, ''),
(152, '2014-01-07', '1898', 2, 2, '250.00', 3, 1, 3, 1, 14, ''),
(153, '2016-05-08', '3699', 4, 2, '250.00', 3, 1, 1, 1, 14, ''),
(154, '2016-05-08', '3648', 3, 2, '250.00', 3, 1, 1, 1, 14, ''),
(155, '2016-05-08', '3840', 1, 2, '250.00', 7, 1, 3, 1, 14, ''),
(156, '2017-07-25', '4338', 1, 2, '250.00', 7, 1, 1, 1, 14, ''),
(157, '2017-07-25', '4370', 2, 2, '250.00', 7, 1, 1, 1, 14, ''),
(158, '2017-07-25', '4333', 2, 2, '250.00', 7, 1, 1, 1, 14, ''),
(159, '2017-07-25', '4346', 4, 2, '250.00', 7, 1, 1, 1, 14, ''),
(160, '2017-07-25', '4342', 4, 2, '250.00', 7, 1, 1, 1, 14, ''),
(161, '2017-07-25', '4369', 4, 2, '250.00', 7, 1, 1, 1, 14, ''),
(162, '2017-07-25', '4343', 4, 2, '250.00', 7, 1, 1, 1, 14, ''),
(163, '2017-07-25', '4328', 4, 2, '250.00', 7, 1, 1, 1, 14, ''),
(164, '2017-07-25', '4349', 3, 2, '250.00', 7, 1, 1, 1, 14, ''),
(165, '2017-07-25', '4319', 5, 2, '250.00', 7, 1, 1, 1, 14, ''),
(166, '2017-11-30', '4629', 5, 2, '250.00', 7, 1, 1, 1, 14, ''),
(167, '2017-11-30', '3846', 1, 2, '250.00', 7, 1, 3, 1, 14, ''),
(168, '2017-11-30', '3838', 1, 2, '250.00', 7, 1, 3, 1, 14, ''),
(169, '2017-11-30', '2093', 1, 2, '250.00', 17, 1, 1, 1, 14, ''),
(170, '2016-06-15', '3518', 5, 2, '250.00', 7, 1, 1, 1, 14, ''),
(171, '2016-06-15', '3514', 4, 2, '250.00', 7, 1, 3, 1, 14, ''),
(172, '2016-06-15', '3509', 4, 2, '250.00', 7, 1, 1, 1, 14, ''),
(173, '2016-06-15', '3505', 3, 2, '250.00', 7, 1, 1, 1, 14, ''),
(174, '2016-06-15', '3621', 1, 2, '250.00', 7, 1, 3, 1, 14, ''),
(175, '2016-06-15', '3620', 2, 2, '250.00', 7, 1, 3, 1, 14, ''),
(176, '2016-06-15', '3829', 8, 2, '250.00', 7, 1, 3, 1, 14, ''),
(177, '2015-01-16', '2093', 1, 1, '250.00', 17, 1, 1, 1, 14, ''),
(178, '2016-01-16', '3368', 4, 1, '250.00', 5, 1, 1, 1, 14, ''),
(179, '2013-01-16', '799', 1, 2, '250.00', 5, 1, 3, 1, 14, ''),
(180, '2013-01-16', '4876', 1, 1, '250.00', 5, 1, 1, 1, 14, ''),
(181, '2013-01-16', '4065', 3, 1, '250.00', 6, 1, 1, 1, 14, ''),
(182, '2013-01-16', '4016', 3, 1, '250.00', 6, 1, 3, 1, 14, ''),
(183, '2013-01-16', '4045', 4, 1, '250.00', 6, 1, 3, 1, 14, ''),
(184, '2018-03-20', '4901', 2, 1, '250.00', 4, 1, 1, 1, 14, ''),
(185, '2016-01-12', '3021', 2, 1, '250.00', 4, 1, 1, 1, 14, ''),
(186, '2016-11-09', '3972', 7, 2, '250.00', 21, 1, 1, 1, 14, ''),
(187, '2016-11-09', '3973', 2, 2, '250.00', 21, 1, 1, 1, 14, ''),
(188, '2014-11-09', '1682', 2, 2, '250.00', 3, 1, 3, 1, 14, ''),
(189, '2014-11-09', '3275', 1, 2, '250.00', 19, 1, 1, 1, 14, ''),
(190, '2014-11-09', '4243', 2, 2, '250.00', 16, 1, 3, 1, 14, ''),
(191, '2014-11-09', '1647', 1, 2, '250.00', 16, 1, 3, 1, 14, ''),
(192, '2017-09-27', '4476', 2, 2, '250.00', 16, 1, 3, 1, 14, ''),
(193, '2018-03-28', '4922', 2, 2, '250.00', 13, 1, 1, 1, 14, ''),
(194, '2015-01-04', '2259', 2, 2, '250.00', 3, 1, 1, 1, 14, ''),
(195, '2015-01-04', '2251', 3, 2, '250.00', 3, 1, 1, 1, 14, ''),
(196, '2018-01-31', '4875', 4, 2, '250.00', 3, 1, 1, 1, 14, ''),
(197, '2015-03-17', '2135', 4, 2, '250.00', 3, 1, 1, 1, 14, ''),
(198, '2015-03-05', '2322', 3, 2, '250.00', 3, 1, 1, 1, 14, ''),
(199, '2015-03-05', '4154', 2, 2, '250.00', 5, 1, 1, 1, 14, ''),
(200, '2017-07-24', '4304', 2, 2, '250.00', 5, 1, 1, 1, 14, ''),
(201, '2016-02-05', '3093', 5, 2, '250.00', 5, 1, 1, 1, 14, ''),
(202, '2017-03-05', '4267', 1, 2, '250.00', 17, 1, 1, 1, 14, ''),
(203, '2015-07-28', '2588', 2, 2, '250.00', 21, 1, 1, 1, 14, ''),
(204, '2015-07-28', '2564', 2, 2, '250.00', 21, 1, 1, 1, 14, ''),
(205, '2015-07-28', '2557', 2, 2, '250.00', 11, 1, 1, 1, 14, ''),
(206, '2015-07-28', '2580', 1, 2, '250.00', 11, 1, 1, 1, 14, ''),
(207, '2015-07-28', '2584', 1, 2, '250.00', 21, 1, 1, 1, 14, ''),
(208, '2015-07-28', '2597', 1, 2, '250.00', 15, 1, 1, 1, 14, ''),
(209, '2015-07-28', '2599', 1, 2, '250.00', 15, 1, 1, 1, 14, ''),
(210, '2015-07-28', '2608', 5, 2, '250.00', 15, 1, 1, 1, 14, ''),
(211, '2015-07-28', '2604', 3, 2, '250.00', 15, 1, 1, 1, 14, ''),
(212, '2016-03-07', '3392', 2, 2, '250.00', 14, 1, 3, 1, 14, ''),
(213, '2016-03-07', '3390', 2, 2, '250.00', 14, 1, 3, 1, 14, ''),
(214, '2016-03-07', '3394', 2, 2, '250.00', 14, 1, 1, 1, 14, ''),
(215, '2016-03-07', '3404', 2, 2, '250.00', 14, 1, 1, 1, 14, ''),
(216, '2016-03-07', '3410', 4, 2, '250.00', 14, 1, 1, 1, 14, ''),
(217, '2016-03-07', '3399', 5, 2, '250.00', 14, 1, 1, 1, 14, ''),
(218, '2016-03-07', '3402', 1, 2, '250.00', 14, 1, 3, 1, 14, ''),
(219, '2016-03-07', '3387', 1, 2, '250.00', 14, 1, 3, 1, 14, ''),
(220, '2016-03-07', '3393', 1, 2, '250.00', 14, 1, 3, 1, 14, ''),
(221, '2014-01-01', '1891', 2, 2, '250.00', 8, 1, 1, 1, 14, ''),
(223, '2018-06-11', '1288', 9, 8, '1200.00', 4, 4, 1, 1, 15, ''),
(224, '2018-06-11', '1274', 9, 8, '1200.00', 16, 4, 1, 1, 15, ''),
(225, '2018-06-11', '1289', 9, 8, '1200.00', 4, 4, 1, 1, 15, ''),
(226, '2018-06-11', '1275', 9, 8, '1200.00', 16, 4, 1, 1, 15, ''),
(227, '2018-11-06', '1247', 10, 8, '1200.00', 15, 4, 1, 1, 15, ''),
(228, '2018-11-06', '1246', 10, 8, '1200.00', 15, 4, 1, 1, 15, ''),
(229, '2018-11-06', '1261', 10, 8, '1200.00', 23, 4, 1, 1, 15, ''),
(230, '2018-11-06', '1263', 11, 8, '1200.00', 23, 4, 1, 1, 15, ''),
(231, '2018-11-06', '1250', 11, 8, '1200.00', 22, 4, 1, 1, 15, ''),
(232, '2018-11-06', '1233', 11, 8, '1200.00', 22, 4, 1, 1, 15, ''),
(233, '2018-11-06', '1225', 11, 8, '1200.00', 24, 4, 1, 1, 15, ''),
(234, '2018-11-06', '1228', 11, 8, '1200.00', 24, 4, 1, 1, 15, ''),
(235, '2018-11-06', '1226', 11, 8, '1200.00', 24, 4, 1, 1, 15, ''),
(236, '2018-11-06', '1271', 12, 8, '1200.00', 23, 4, 1, 1, 15, ''),
(237, '2018-11-06', '1211', 12, 8, '1200.00', 24, 4, 1, 1, 15, ''),
(238, '2018-11-06', '1269', 12, 8, '1200.00', 23, 4, 1, 1, 15, ''),
(239, '2018-11-06', '1235', 12, 8, '1200.00', 22, 4, 1, 1, 15, ''),
(240, '2018-11-06', '1279', 12, 8, '1200.00', 4, 4, 1, 1, 15, ''),
(241, '2018-11-06', '1210', 12, 8, '1200.00', 24, 4, 1, 1, 15, ''),
(242, '2018-11-06', '1229', 12, 8, '1200.00', 24, 4, 1, 1, 15, ''),
(243, '2018-11-06', '1283', 13, 8, '1200.00', 4, 4, 1, 1, 15, ''),
(244, '2018-11-06', '1240', 13, 8, '1200.00', 22, 4, 1, 1, 15, ''),
(245, '2018-11-06', '1243', 13, 8, '1200.00', 22, 4, 1, 1, 15, ''),
(246, '2018-11-06', '1253', 13, 8, '1200.00', 23, 4, 1, 1, 15, ''),
(247, '2018-11-06', '1216', 14, 8, '1200.00', 24, 4, 1, 1, 15, ''),
(248, '2018-11-06', '1218', 9, 8, '1200.00', 24, 4, 1, 1, 15, ''),
(249, '2018-11-06', '1262', 10, 8, '1200.00', 23, 4, 1, 1, 15, ''),
(250, '2017-08-25', '1140', 10, 11, '1200.00', 7, 4, 1, 1, 16, ''),
(251, '2017-08-25', '1168', 9, 11, '1200.00', 4, 4, 1, 1, 16, ''),
(252, '2017-08-25', '1167', 9, 11, '1200.00', 4, 4, 1, 1, 16, ''),
(253, '2017-08-25', '1129', 9, 11, '1200.00', 4, 4, 1, 1, 16, ''),
(254, '2017-08-25', '1133', 9, 11, '1200.00', 7, 4, 1, 1, 16, ''),
(255, '2017-08-25', '1138', 10, 11, '1200.00', 7, 4, 1, 1, 16, ''),
(256, '2017-08-25', '1181', 11, 11, '1200.00', 4, 4, 1, 1, 16, ''),
(257, '2017-08-25', '1180', 11, 11, '1200.00', 4, 4, 1, 1, 16, ''),
(258, '2017-08-25', '1192', 12, 11, '1200.00', 4, 4, 1, 1, 16, ''),
(259, '2017-08-25', '1152', 12, 11, '1200.00', 7, 4, 1, 1, 16, ''),
(260, '2017-08-25', '1156', 12, 11, '1200.00', 7, 4, 1, 1, 16, ''),
(261, '2017-08-25', '1161', 13, 11, '1200.00', 7, 4, 1, 1, 16, ''),
(262, '2018-06-11', '1238', 12, 8, '1200.00', 22, 4, 1, 1, 15, ''),
(263, '2017-08-25', '1149', 11, 11, '1200.00', 7, 4, 1, 1, 16, ''),
(264, '2017-08-25', '1021', 9, 8, '1200.00', 25, 6, 1, 1, 16, ''),
(265, '2017-08-25', '1025', 9, 8, '1200.00', 25, 6, 1, 1, 16, ''),
(266, '2017-08-25', '1023', 9, 8, '1200.00', 25, 6, 1, 1, 16, ''),
(267, '2015-11-09', '582', 9, 12, '1200.00', 6, 6, 1, 1, 16, ''),
(268, '2017-08-25', '994', 9, 8, '1200.00', 6, 6, 1, 1, 16, ''),
(269, '2017-08-25', '988', 9, 8, '1200.00', 6, 6, 1, 1, 16, ''),
(270, '2017-08-25', '972', 10, 12, '1200.00', 6, 6, 1, 1, 16, ''),
(271, '2017-08-25', '1026', 10, 8, '1200.00', 25, 6, 1, 1, 16, ''),
(272, '2017-08-25', '1033', 10, 8, '1200.00', 25, 6, 1, 1, 16, ''),
(273, '2017-08-25', '997', 10, 8, '1200.00', 6, 6, 1, 1, 16, ''),
(274, '2017-08-25', '996', 10, 8, '1200.00', 6, 6, 1, 1, 16, ''),
(275, '2017-08-25', '992', 10, 8, '1200.00', 6, 6, 1, 1, 16, ''),
(276, '2017-08-25', '1034', 10, 8, '1200.00', 25, 6, 1, 1, 16, ''),
(277, '2017-08-25', '1027', 10, 8, '1200.00', 25, 6, 1, 1, 16, ''),
(278, '2017-08-25', '1006', 10, 8, '1200.00', 6, 6, 1, 1, 16, ''),
(279, '2017-08-25', '1036', 11, 8, '1200.00', 25, 6, 1, 1, 16, ''),
(280, '2017-08-25', '1042', 11, 8, '1200.00', 25, 6, 1, 1, 16, ''),
(281, '2017-08-25', '1043', 11, 8, '1200.00', 25, 6, 1, 1, 16, ''),
(282, '2017-08-25', '1038', 11, 8, '1200.00', 25, 6, 1, 1, 16, ''),
(283, '2017-08-25', '999', 11, 8, '1200.00', 6, 6, 1, 1, 16, ''),
(284, '2017-08-25', '1007', 11, 8, '1200.00', 6, 6, 1, 1, 16, ''),
(285, '2017-08-25', '580', 12, 12, '1200.00', 6, 6, 1, 1, 16, ''),
(286, '2017-08-25', '804', 12, 12, '1200.00', 6, 6, 1, 1, 16, ''),
(287, '2015-11-09', '581', 12, 12, '1200.00', 25, 6, 1, 1, 16, ''),
(288, '2015-11-09', '1046', 12, 8, '1200.00', 25, 6, 1, 1, 16, ''),
(289, '2015-11-09', '1045', 12, 8, '1200.00', 25, 6, 1, 1, 16, ''),
(290, '2016-12-05', '7227', 15, 8, '1600.00', 6, 2, 1, 1, 17, ''),
(291, '2016-12-05', '7038', 15, 8, '1600.00', 6, 2, 1, 1, 17, ''),
(292, '2016-12-05', '7003', 15, 8, '1600.00', 6, 2, 1, 1, 17, ''),
(293, '2014-11-20', '6103', 15, 12, '1600.00', 25, 2, 1, 1, 17, ''),
(294, '2015-03-15', '6048', 15, 12, '1600.00', 23, 2, 1, 1, 17, ''),
(295, '2018-06-09', '8176', 10, 8, '1600.00', 7, 2, 1, 1, 17, ''),
(296, '2018-06-09', '6046', 10, 12, '1600.00', 23, 2, 1, 1, 17, ''),
(297, '2015-08-18', '6356', 11, 12, '1600.00', 23, 2, 1, 1, 17, ''),
(298, '2016-03-12', '6977', 11, 8, '1600.00', 25, 2, 1, 1, 17, ''),
(299, '2016-03-12', '7419', 11, 8, '1600.00', 6, 2, 1, 1, 17, ''),
(300, '2015-09-24', '6391', 11, 12, '1600.00', 23, 2, 1, 1, 17, ''),
(301, '2015-02-25', '6004', 11, 12, '1600.00', 7, 2, 1, 1, 17, ''),
(302, '2015-08-18', '6358', 11, 12, '1600.00', 25, 2, 1, 1, 17, ''),
(303, '2013-02-02', '5864', 12, 12, '1600.00', 25, 2, 1, 1, 17, ''),
(304, '2016-06-09', '6847', 12, 12, '1600.00', 14, 2, 1, 1, 17, ''),
(305, '2018-02-26', '8085', 12, 13, '1600.00', 6, 2, 1, 1, 17, ''),
(306, '2014-08-28', '6062', 12, 12, '1600.00', 25, 2, 1, 1, 17, ''),
(307, '2016-06-20', '6854', 12, 12, '1600.00', 6, 2, 1, 1, 17, ''),
(308, '2016-05-12', '7365', 12, 8, '1600.00', 6, 2, 1, 1, 17, ''),
(309, '2015-09-24', '6396', 12, 12, '1600.00', 25, 2, 1, 1, 17, ''),
(310, '2018-06-11', '8444', 12, 8, '1600.00', 7, 2, 1, 1, 17, ''),
(311, '2016-12-05', '7364', 12, 8, '1600.00', 6, 2, 1, 1, 17, ''),
(312, '2019-02-07', '8906', 12, 13, '1600.00', 6, 2, 1, 1, 17, ''),
(313, '2017-12-28', '8047', 12, 12, '1600.00', 6, 2, 1, 1, 17, ''),
(314, '2016-12-05', 'sc 5/12/16', 12, 8, '1600.00', 6, 2, 1, 1, 17, ''),
(315, '2016-02-03', '7060', 12, 8, '1600.00', 25, 2, 1, 1, 17, ''),
(316, '2016-12-05', '7275', 12, 12, '1600.00', 6, 2, 1, 1, 17, ''),
(317, '2015-02-25', '6009', 12, 12, '1600.00', 23, 2, 1, 1, 17, ''),
(318, '2017-11-28', '7916', 13, 12, '1600.00', 25, 2, 1, 1, 17, ''),
(319, '2016-12-03', '7064', 13, 8, '1600.00', 25, 2, 1, 1, 17, ''),
(320, '2016-12-05', '7132', 13, 8, '1600.00', 6, 2, 1, 1, 17, ''),
(321, '2016-12-05', '7377', 13, 8, '1600.00', 6, 2, 1, 1, 17, ''),
(322, '2017-12-04', '8009', 13, 12, '1600.00', 7, 2, 1, 1, 17, ''),
(323, '2017-12-04', '8008', 13, 12, '1600.00', 7, 2, 1, 1, 17, ''),
(324, '2016-12-05', '7195', 13, 8, '1600.00', 7, 2, 1, 1, 17, ''),
(325, '2018-02-28', '8082', 14, 13, '1600.00', 7, 2, 1, 1, 17, ''),
(326, '2018-03-27', '8114', 14, 13, '1600.00', 7, 2, 1, 0, 17, ''),
(327, '2018-09-06', '8169', 14, 8, '1600.00', 7, 2, 1, 1, 17, ''),
(328, '2016-02-04', '6797', 14, 12, '1600.00', 6, 2, 1, 1, 17, ''),
(329, '2019-02-28', '5349', 1, 1, '250.00', 4, 1, 1, 1, 11, ''),
(330, '2019-02-28', '5350', 1, 1, '250.00', 4, 1, 1, 1, 11, ''),
(331, '2019-02-28', '5351', 1, 1, '250.00', 4, 1, 1, 1, 11, ''),
(332, '2019-02-28', '5352', 2, 1, '250.00', 5, 1, 1, 1, 11, ''),
(333, '2019-02-28', '5353', 2, 1, '250.00', 5, 1, 1, 1, 11, ''),
(334, '2019-02-28', '5354', 2, 1, '250.00', 4, 1, 1, 1, 11, ''),
(335, '2019-02-28', '5355', 2, 1, '250.00', 4, 1, 1, 1, 11, ''),
(336, '2019-02-28', '5356', 2, 1, '250.00', 4, 1, 1, 1, 11, ''),
(337, '2019-02-28', '5357', 2, 1, '250.00', 4, 1, 1, 1, 11, ''),
(338, '2019-02-28', '5358', 2, 1, '250.00', 4, 1, 1, 1, 11, ''),
(339, '2019-02-28', '5359', 2, 1, '250.00', 4, 1, 1, 1, 11, ''),
(340, '2019-02-28', '5360', 2, 1, '250.00', 4, 1, 1, 1, 11, ''),
(341, '2019-02-28', '5361', 2, 1, '250.00', 4, 1, 1, 1, 11, ''),
(342, '2019-02-28', '5362', 2, 1, '250.00', 4, 1, 1, 1, 11, ''),
(343, '2019-02-28', '5363', 2, 1, '250.00', 4, 1, 1, 1, 11, ''),
(344, '2019-02-28', '5364', 2, 1, '250.00', 4, 1, 1, 1, 11, ''),
(345, '2019-02-28', '5365', 2, 1, '250.00', 4, 1, 1, 1, 11, ''),
(346, '2019-02-28', '5366', 2, 1, '250.00', 4, 1, 1, 1, 11, ''),
(347, '2019-02-28', '5367', 2, 1, '250.00', 9, 1, 1, 1, 11, ''),
(348, '2019-02-28', '5368', 2, 1, '250.00', 9, 1, 1, 1, 11, ''),
(349, '2019-02-28', '5369', 2, 1, '250.00', 6, 1, 1, 1, 11, ''),
(350, '2019-02-28', '5370', 2, 1, '250.00', 6, 1, 1, 1, 11, ''),
(351, '2019-02-28', '5371', 3, 1, '250.00', 5, 1, 1, 1, 11, ''),
(352, '2019-02-28', '5372', 3, 1, '250.00', 5, 1, 1, 1, 11, ''),
(353, '2019-02-28', '5373', 3, 1, '250.00', 4, 1, 1, 1, 11, ''),
(354, '2019-02-28', '5374', 3, 1, '250.00', 4, 1, 1, 1, 11, ''),
(355, '2019-02-28', '5375', 3, 1, '250.00', 4, 1, 1, 1, 11, ''),
(356, '2019-02-28', '5376', 3, 1, '250.00', 4, 1, 1, 1, 11, ''),
(357, '2019-02-28', '5377', 3, 1, '250.00', 4, 1, 1, 1, 11, ''),
(358, '2019-02-28', '5378', 3, 1, '250.00', 4, 1, 1, 1, 11, ''),
(359, '2019-02-28', '5379', 3, 1, '250.00', 4, 1, 1, 1, 11, ''),
(360, '2019-02-28', '5380', 3, 1, '250.00', 4, 1, 1, 1, 11, ''),
(361, '2019-02-28', '5381', 3, 1, '250.00', 4, 1, 1, 1, 11, ''),
(362, '2019-02-28', '5382', 3, 1, '250.00', 4, 1, 1, 1, 11, ''),
(363, '2019-02-28', '5383', 3, 1, '250.00', 4, 1, 1, 1, 11, ''),
(364, '2019-02-28', '5384', 3, 1, '250.00', 9, 1, 1, 1, 11, ''),
(365, '2019-02-28', '5385', 3, 1, '250.00', 9, 1, 1, 1, 11, ''),
(366, '2019-02-28', '5386', 3, 1, '250.00', 6, 1, 1, 1, 11, ''),
(367, '2019-02-28', '5387', 3, 1, '250.00', 6, 1, 1, 1, 11, ''),
(368, '2019-02-28', '5388', 4, 1, '250.00', 5, 1, 1, 1, 11, ''),
(369, '2019-02-28', '5389', 4, 1, '250.00', 5, 1, 1, 1, 11, ''),
(370, '2019-02-28', '5390', 4, 1, '250.00', 4, 1, 1, 1, 11, ''),
(371, '2019-02-28', '5391', 4, 1, '250.00', 4, 1, 1, 1, 11, ''),
(372, '2019-02-28', '5392', 4, 1, '250.00', 4, 1, 1, 1, 11, ''),
(373, '2019-02-28', '5393', 4, 1, '250.00', 4, 1, 1, 1, 11, ''),
(374, '2019-02-28', '5394', 4, 1, '250.00', 4, 1, 1, 1, 11, ''),
(375, '2019-02-28', '5395', 4, 1, '250.00', 4, 1, 1, 1, 11, ''),
(376, '2019-02-28', '5396', 4, 1, '250.00', 4, 1, 1, 1, 11, ''),
(377, '2019-02-28', '5397', 4, 1, '250.00', 4, 1, 1, 1, 11, ''),
(378, '2019-02-28', '5398', 4, 1, '250.00', 4, 1, 1, 1, 11, ''),
(379, '2019-02-28', '5399', 4, 1, '250.00', 4, 1, 1, 1, 11, ''),
(380, '2019-02-28', '5400', 4, 1, '250.00', 4, 1, 1, 1, 11, ''),
(381, '2019-02-28', '5401', 4, 1, '250.00', 9, 1, 1, 1, 11, ''),
(382, '2019-02-28', '5402', 4, 1, '250.00', 6, 1, 1, 1, 11, ''),
(383, '2019-02-28', '5403', 5, 1, '250.00', 4, 1, 1, 1, 11, ''),
(384, '2019-02-28', '5404', 5, 1, '250.00', 4, 1, 1, 1, 11, ''),
(385, '2019-02-28', '5405', 5, 1, '250.00', 4, 1, 1, 1, 11, ''),
(386, '2019-02-28', '5406', 5, 1, '250.00', 4, 1, 1, 1, 11, ''),
(387, '2019-02-28', '5407', 5, 1, '250.00', 9, 1, 1, 1, 11, ''),
(388, '2019-02-28', '5408', 5, 1, '250.00', 6, 1, 1, 1, 11, ''),
(389, '2019-02-28', '5409', 5, 1, '250.00', 6, 1, 1, 1, 11, ''),
(390, '2019-02-28', '5410', 6, 1, '250.00', 4, 1, 1, 1, 11, ''),
(391, '2019-02-28', '5411', 6, 1, '250.00', 4, 1, 1, 1, 11, ''),
(392, '2019-02-28', '5412', 6, 1, '250.00', 9, 1, 1, 1, 11, ''),
(393, '2018-11-24', '8859', 15, 12, '1200.00', 6, 2, 1, 1, 19, ''),
(394, '2018-06-09', '8191', 10, 9, '1200.00', 25, 2, 1, 1, 19, ''),
(395, '2018-12-19', '8886', 10, 14, '1200.00', 23, 2, 1, 1, 19, ''),
(396, '2018-12-19', '8587', 11, 14, '1200.00', 23, 2, 1, 1, 19, ''),
(397, '2018-12-19', '8590', 11, 14, '1200.00', 23, 2, 1, 1, 19, ''),
(398, '2018-12-19', '8880', 13, 14, '1200.00', 23, 2, 1, 1, 19, ''),
(399, '2018-06-11', '8285', 12, 9, '1200.00', 6, 2, 1, 1, 19, ''),
(400, '2018-06-11', '8253', 12, 9, '1200.00', 25, 2, 1, 1, 19, ''),
(401, '2018-06-11', '8210', 12, 9, '1200.00', 25, 2, 1, 1, 19, ''),
(402, '2018-06-11', '8342', 12, 9, '1200.00', 7, 2, 1, 1, 19, ''),
(403, '2018-06-11', '8282', 12, 9, '1200.00', 6, 2, 1, 1, 19, ''),
(404, '2018-06-11', '8287', 12, 9, '1200.00', 6, 2, 1, 1, 19, ''),
(405, '2018-06-11', '8217', 12, 9, '1200.00', 25, 2, 1, 1, 19, ''),
(406, '2018-06-11', '8257', 12, 9, '1200.00', 25, 2, 1, 1, 19, ''),
(407, '2018-06-11', '8255', 12, 9, '1200.00', 25, 2, 1, 1, 19, ''),
(408, '2018-06-11', '8320', 13, 9, '1200.00', 7, 2, 1, 1, 19, ''),
(409, '2018-06-11', '8321', 13, 9, '1200.00', 7, 2, 1, 1, 19, ''),
(410, '2018-06-11', '8319', 13, 9, '1200.00', 7, 2, 1, 1, 19, ''),
(411, '2018-06-11', '8153', 14, 9, '1200.00', 6, 2, 1, 1, 19, ''),
(412, '2018-06-09', '8155', 14, 9, '1200.00', 6, 2, 1, 1, 19, ''),
(413, '2018-06-11', '8499', 15, 8, '1600.00', 6, 2, 1, 1, 20, ''),
(414, '2018-06-11', '8500', 15, 8, '1600.00', 6, 2, 1, 1, 20, ''),
(415, '2018-06-11', '8450', 15, 8, '1600.00', 25, 2, 1, 1, 20, ''),
(416, '2018-06-11', '8446', 15, 8, '1600.00', 25, 2, 1, 1, 20, ''),
(417, '2018-06-11', '8392', 15, 8, '1600.00', 26, 2, 1, 1, 20, ''),
(418, '2017-08-09', '7742', 9, 13, '1600.00', 7, 2, 1, 1, 20, ''),
(419, '2018-06-11', '8453', 9, 8, '1600.00', 25, 2, 1, 1, 20, ''),
(420, '2018-06-11', '8398', 9, 8, '1600.00', 26, 2, 1, 1, 20, ''),
(421, '2019-02-18', '8918', 9, 13, '1600.00', 26, 2, 1, 1, 20, ''),
(422, '2019-02-18', '8923', 9, 13, '1600.00', 26, 2, 1, 1, 20, ''),
(423, '2019-02-18', '8913', 9, 13, '1600.00', 23, 2, 1, 1, 20, ''),
(424, '2018-06-11', '8414', 9, 8, '1600.00', 6, 2, 1, 1, 20, ''),
(425, '2018-06-11', '8429', 9, 8, '1600.00', 25, 2, 1, 1, 20, ''),
(426, '2018-06-11', '8503', 9, 8, '1600.00', 6, 2, 1, 1, 20, ''),
(427, '2018-06-11', '8507', 9, 8, '1600.00', 6, 2, 1, 1, 20, ''),
(428, '2018-06-11', '8489', 10, 8, '1600.00', 6, 2, 1, 1, 20, ''),
(429, '2019-02-18', '8928', 10, 13, '1600.00', 23, 2, 1, 1, 20, ''),
(430, '2018-02-11', '8473', 10, 8, '1600.00', 7, 2, 1, 1, 20, ''),
(431, '2017-11-28', '7933', 9, 12, '1600.00', 25, 2, 1, 1, 20, ''),
(432, '2017-12-15', '8018', 10, 12, '1600.00', 25, 2, 1, 1, 20, ''),
(433, '2018-06-11', '8471', 10, 8, '1600.00', 7, 2, 1, 1, 20, ''),
(434, '2018-06-11', '8527', 10, 8, '1600.00', 6, 2, 1, 1, 20, ''),
(435, '2018-06-11', '8419', 10, 8, '1600.00', 6, 2, 1, 1, 20, ''),
(436, '2018-03-28', '8132', 10, 13, '1600.00', 25, 2, 1, 1, 20, ''),
(437, '2019-02-18', '8934', 11, 13, '1600.00', 26, 2, 1, 1, 20, ''),
(438, '2018-06-11', '8539', 11, 8, '1600.00', 6, 2, 1, 1, 20, ''),
(439, '2018-06-11', '8496', 11, 8, '1600.00', 6, 2, 1, 1, 20, ''),
(440, '2018-11-12', '8594', 11, 13, '1600.00', 7, 2, 1, 1, 20, ''),
(441, '2018-11-10', '8554', 11, 15, '1600.00', 23, 2, 1, 1, 20, ''),
(442, '2018-06-11', '8358', 11, 8, '1600.00', 26, 2, 1, 1, 20, ''),
(443, '2018-06-11', '8438', 11, 8, '1600.00', 25, 2, 1, 1, 20, ''),
(444, '2018-06-11', '8475', 11, 8, '1600.00', 7, 2, 1, 1, 20, ''),
(445, '2018-11-12', '8573', 11, 13, '1600.00', 7, 2, 1, 1, 20, ''),
(446, '2018-10-12', '8558', 11, 15, '1600.00', 23, 2, 1, 1, 20, ''),
(447, '2018-06-11', '8537', 11, 8, '1600.00', 26, 2, 1, 1, 20, ''),
(448, '2018-03-28', '8123', 11, 13, '1600.00', 25, 2, 1, 1, 20, ''),
(449, '2018-06-11', '8357', 11, 8, '1600.00', 26, 2, 1, 1, 20, ''),
(450, '2018-06-11', '8494', 11, 8, '1600.00', 6, 2, 1, 1, 20, ''),
(451, '2018-06-11', '8517', 12, 8, '1600.00', 26, 2, 1, 1, 20, ''),
(452, '2018-06-11', '8407', 12, 8, '1600.00', 26, 2, 1, 1, 20, ''),
(453, '2018-11-10', '8555', 12, 15, '1600.00', 23, 2, 1, 1, 20, ''),
(454, '2018-11-10', '8579', 12, 13, '1600.00', 7, 2, 1, 1, 20, ''),
(455, '2018-12-13', '8874', 12, 13, '1600.00', 26, 2, 1, 1, 20, ''),
(456, '2018-11-28', '7923', 12, 13, '1600.00', 25, 2, 1, 1, 20, ''),
(457, '2018-11-12', '8561', 12, 13, '1600.00', 23, 2, 1, 1, 20, ''),
(458, '2018-06-11', '8520', 12, 8, '1600.00', 6, 2, 1, 1, 20, ''),
(459, '2018-06-11', '8481', 12, 8, '1600.00', 7, 2, 1, 1, 20, ''),
(460, '2018-06-11', '8366', 12, 8, '1600.00', 26, 2, 1, 1, 20, ''),
(461, '2016-12-03', '7028', 13, 8, '1600.00', 7, 2, 1, 1, 20, ''),
(462, '2016-06-11', '8391', 13, 8, '1600.00', 6, 2, 1, 1, 20, ''),
(463, '2018-06-11', '8461', 13, 8, '1600.00', 7, 2, 1, 1, 20, ''),
(464, '2018-06-11', '8509', 13, 8, '1600.00', 6, 2, 1, 1, 20, ''),
(465, '2019-01-30', '8902', 13, 13, '1600.00', 26, 2, 1, 1, 20, ''),
(466, '2018-06-11', '8510', 13, 8, '1600.00', 26, 2, 1, 1, 20, ''),
(467, '2019-01-30', '8899', 13, 13, '1600.00', 26, 2, 1, 1, 20, ''),
(468, '2019-01-30', '8894', 13, 13, '1600.00', 23, 2, 1, 1, 20, ''),
(469, '2018-06-11', '8460', 13, 8, '1600.00', 7, 2, 1, 1, 20, ''),
(470, '2019-01-30', '8887', 14, 13, '1600.00', 26, 2, 1, 1, 20, ''),
(471, '2018-06-11', '8463', 14, 8, '1600.00', 7, 2, 1, 1, 20, ''),
(472, '2019-01-30', '8892', 14, 13, '1600.00', 26, 2, 1, 1, 20, ''),
(473, '2018-06-11', '1254', 13, 8, '1200.00', 23, 4, 1, 1, 15, ''),
(474, '2019-02-28', '5413', 1, 1, '250.00', 4, 1, 2, 1, 11, ''),
(475, '2019-02-28', '5414', 1, 1, '250.00', 4, 1, 2, 1, 11, ''),
(476, '2019-02-28', '5415', 1, 1, '250.00', 4, 1, 2, 1, 11, ''),
(477, '2019-02-28', '5416', 1, 1, '250.00', 4, 1, 2, 1, 11, ''),
(478, '2019-02-28', '5417', 1, 1, '250.00', 4, 1, 2, 1, 11, ''),
(479, '2019-02-28', '5418', 2, 1, '250.00', 5, 1, 2, 1, 11, ''),
(480, '2019-02-28', '5419', 2, 1, '250.00', 5, 1, 2, 1, 11, ''),
(481, '2019-02-28', '5420', 2, 1, '250.00', 4, 1, 2, 1, 11, ''),
(482, '2019-02-28', '5421', 2, 1, '250.00', 4, 1, 2, 1, 11, ''),
(483, '2019-02-28', '5422', 2, 1, '250.00', 4, 1, 2, 1, 11, ''),
(484, '2019-02-28', '5423', 2, 1, '250.00', 4, 1, 2, 1, 11, ''),
(485, '2019-02-28', '5424', 2, 1, '250.00', 4, 1, 2, 1, 11, ''),
(486, '2019-02-28', '5425', 2, 1, '250.00', 4, 1, 2, 1, 11, ''),
(487, '2019-02-28', '5426', 2, 1, '250.00', 4, 1, 2, 1, 11, ''),
(488, '2019-02-28', '5427', 2, 1, '250.00', 4, 1, 2, 1, 11, ''),
(489, '2019-02-28', '5428', 2, 1, '250.00', 4, 1, 2, 1, 11, ''),
(490, '2019-02-28', '5429', 2, 1, '250.00', 4, 1, 2, 1, 11, ''),
(491, '2019-02-28', '5430', 2, 1, '250.00', 4, 1, 2, 1, 11, ''),
(492, '2019-02-28', '5431', 2, 1, '250.00', 4, 1, 2, 1, 11, ''),
(493, '2019-02-28', '5432', 2, 1, '250.00', 4, 1, 2, 1, 11, ''),
(494, '2019-02-28', '5433', 2, 1, '250.00', 4, 1, 2, 1, 11, ''),
(495, '2019-02-28', '5434', 2, 1, '250.00', 9, 1, 2, 1, 11, ''),
(496, '2019-02-28', '5435', 2, 1, '250.00', 9, 1, 2, 1, 11, ''),
(497, '2019-02-28', '5436', 2, 1, '250.00', 6, 1, 2, 1, 11, ''),
(498, '2019-02-28', '5437', 2, 1, '250.00', 6, 1, 2, 1, 11, ''),
(499, '2019-02-28', '5438', 3, 1, '250.00', 5, 1, 2, 1, 11, ''),
(500, '2019-02-28', '5439', 3, 1, '250.00', 5, 1, 2, 1, 11, ''),
(501, '2019-02-28', '5440', 3, 1, '250.00', 4, 1, 2, 1, 11, ''),
(502, '2019-02-28', '5441', 3, 1, '250.00', 4, 1, 2, 1, 11, ''),
(503, '2019-02-28', '5442', 3, 1, '250.00', 4, 1, 2, 1, 11, ''),
(504, '2019-02-28', '5443', 3, 1, '250.00', 4, 1, 2, 1, 11, ''),
(505, '2019-02-28', '5444', 3, 1, '250.00', 4, 1, 2, 1, 11, ''),
(506, '2019-02-28', '5445', 3, 1, '250.00', 4, 1, 2, 1, 11, ''),
(507, '2019-02-28', '5446', 3, 1, '250.00', 4, 1, 2, 1, 11, ''),
(508, '2019-02-28', '5447', 3, 1, '250.00', 4, 1, 2, 1, 11, ''),
(509, '2019-02-28', '5448', 3, 1, '250.00', 4, 1, 2, 1, 11, ''),
(510, '2019-02-28', '5449', 3, 1, '250.00', 4, 1, 2, 1, 11, ''),
(511, '2019-02-28', '5450', 3, 1, '250.00', 4, 1, 2, 1, 11, ''),
(512, '2019-02-28', '5451', 3, 1, '250.00', 4, 1, 2, 1, 11, ''),
(513, '2019-02-28', '5452', 3, 1, '250.00', 9, 1, 2, 1, 11, ''),
(514, '2019-02-28', '5453', 3, 1, '250.00', 9, 1, 2, 1, 11, ''),
(515, '2019-02-28', '5454', 3, 1, '250.00', 6, 1, 2, 1, 11, ''),
(516, '2019-02-28', '5455', 4, 1, '250.00', 5, 1, 2, 1, 11, ''),
(517, '2019-02-28', '5456', 4, 1, '250.00', 5, 1, 2, 1, 11, ''),
(518, '2019-02-28', '5457', 4, 1, '250.00', 4, 1, 2, 1, 11, ''),
(519, '2019-02-28', '5458', 4, 1, '250.00', 4, 1, 2, 1, 11, ''),
(520, '2019-02-28', '5459', 4, 1, '250.00', 4, 1, 2, 1, 11, ''),
(521, '2019-02-28', '5460', 4, 1, '250.00', 4, 1, 2, 1, 11, ''),
(522, '2019-02-28', '5461', 4, 1, '250.00', 4, 1, 2, 1, 11, ''),
(523, '2019-02-28', '5462', 4, 1, '250.00', 4, 1, 2, 1, 11, ''),
(524, '2019-02-28', '5463', 4, 1, '250.00', 4, 1, 2, 1, 11, ''),
(525, '2019-02-28', '5464', 4, 1, '250.00', 4, 1, 2, 1, 11, ''),
(526, '2019-02-28', '5465', 4, 1, '250.00', 4, 1, 2, 1, 11, ''),
(527, '2019-02-28', '5466', 4, 1, '250.00', 4, 1, 2, 1, 11, ''),
(528, '2019-02-28', '5467', 4, 1, '250.00', 4, 1, 2, 1, 11, ''),
(529, '2019-02-28', '5468', 4, 1, '250.00', 4, 1, 2, 1, 11, ''),
(530, '2019-02-28', '5469', 4, 1, '250.00', 9, 1, 2, 1, 11, ''),
(531, '2019-02-28', '5470', 4, 1, '250.00', 9, 1, 2, 1, 11, ''),
(532, '2019-02-28', '5471', 4, 1, '250.00', 6, 1, 2, 1, 11, ''),
(533, '2019-02-28', '5472', 4, 1, '250.00', 6, 1, 2, 1, 11, ''),
(534, '2019-02-28', '5473', 5, 1, '250.00', 4, 1, 2, 1, 11, ''),
(535, '2019-02-28', '5474', 5, 1, '250.00', 4, 1, 2, 1, 11, ''),
(536, '2019-02-28', '5475', 5, 1, '250.00', 4, 1, 2, 1, 11, ''),
(537, '2019-02-28', '5476', 5, 1, '250.00', 4, 1, 2, 1, 11, ''),
(538, '2019-02-28', '5477', 5, 1, '250.00', 4, 1, 2, 1, 11, ''),
(539, '2019-02-28', '5478', 5, 1, '250.00', 4, 1, 2, 1, 11, ''),
(540, '2019-02-28', '5479', 5, 1, '250.00', 9, 1, 2, 1, 11, ''),
(541, '2019-02-28', '5480', 5, 1, '250.00', 9, 1, 2, 1, 11, ''),
(542, '2019-02-28', '5481', 5, 1, '250.00', 6, 1, 2, 1, 11, ''),
(543, '2019-02-28', '5482', 5, 1, '250.00', 6, 1, 2, 1, 11, ''),
(544, '2019-02-28', '5483', 6, 1, '250.00', 4, 1, 2, 1, 11, ''),
(545, '2019-02-28', '5484', 6, 1, '250.00', 4, 1, 2, 1, 11, ''),
(546, '2019-02-28', '5485', 6, 1, '250.00', 4, 1, 2, 1, 11, ''),
(547, '2019-02-28', '5486', 6, 1, '250.00', 9, 1, 2, 1, 11, ''),
(548, '2019-02-28', '5487', 6, 1, '250.00', 9, 1, 2, 1, 11, ''),
(549, '2018-11-24', '8643', 9, 10, '800.00', 7, 2, 1, 1, 21, ''),
(550, '2018-11-24', '8601', 9, 10, '800.00', 26, 2, 1, 1, 21, ''),
(551, '2018-11-24', '8717', 9, 10, '800.00', 25, 2, 1, 1, 21, ''),
(552, '2018-11-24', '8716', 9, 10, '800.00', 25, 2, 1, 1, 21, ''),
(553, '2018-11-24', '8694', 9, 10, '800.00', 25, 2, 1, 1, 21, ''),
(554, '2018-11-24', '8693', 9, 10, '800.00', 25, 2, 1, 1, 21, ''),
(555, '2018-11-24', '8644', 9, 10, '800.00', 7, 2, 1, 1, 21, ''),
(556, '2018-11-24', '8852', 9, 10, '800.00', 11, 2, 1, 1, 21, ''),
(557, '2018-11-24', '8659', 10, 10, '800.00', 7, 2, 1, 1, 21, ''),
(558, '2018-11-24', '8609', 10, 10, '800.00', 26, 2, 1, 1, 21, ''),
(559, '2018-11-24', '8705', 10, 10, '800.00', 6, 2, 1, 1, 21, ''),
(560, '2018-11-24', '8696', 10, 10, '800.00', 25, 2, 1, 1, 21, ''),
(561, '2018-11-24', '8695', 10, 10, '800.00', 25, 2, 1, 1, 21, ''),
(562, '2018-11-24', '8610', 10, 10, '800.00', 26, 2, 1, 1, 21, ''),
(563, '2018-11-24', '8718', 10, 10, '800.00', 25, 2, 1, 1, 21, ''),
(564, '2018-11-24', '8719', 10, 10, '800.00', 25, 2, 1, 1, 21, ''),
(565, '2018-11-24', '8611', 11, 10, '800.00', 26, 2, 1, 1, 21, ''),
(566, '2018-11-24', '8720', 11, 10, '800.00', 25, 2, 1, 1, 21, ''),
(567, '2018-11-24', '8697', 11, 10, '800.00', 25, 2, 2, 1, 21, ''),
(568, '2018-11-24', '8722', 12, 10, '800.00', 25, 2, 1, 1, 21, ''),
(569, '2018-11-24', '8723', 12, 10, '800.00', 25, 2, 1, 1, 21, ''),
(570, '2018-11-24', '8677', 12, 10, '800.00', 7, 2, 1, 1, 21, ''),
(571, '2018-11-24', '8632', 12, 10, '800.00', 26, 2, 1, 1, 21, ''),
(572, '2018-11-24', '8709', 12, 10, '800.00', 6, 2, 1, 1, 21, ''),
(573, '2018-11-24', '8624', 12, 10, '800.00', 26, 2, 1, 1, 21, ''),
(574, '2018-11-24', '8683', 13, 10, '800.00', 7, 2, 2, 1, 21, ''),
(575, '2018-11-24', '8714', 13, 10, '800.00', 6, 2, 1, 1, 21, ''),
(576, '2018-11-24', '8730', 13, 10, '800.00', 25, 2, 1, 1, 21, ''),
(577, '2018-11-24', '8823', 13, 10, '800.00', 25, 2, 1, 1, 21, ''),
(578, '2018-11-24', '8701', 13, 10, '800.00', 25, 2, 1, 1, 21, ''),
(579, '2018-11-24', '8715', 13, 10, '800.00', 6, 2, 1, 1, 21, ''),
(580, '2016-12-03', '7029', 9, 8, '1600.00', 7, 2, 1, 1, 17, ''),
(581, '2016-12-03', '7217', 12, 8, '1600.00', 25, 2, 1, 1, 17, ''),
(582, '2016-12-03', '7212', 12, 8, '1600.00', 25, 2, 1, 1, 17, ''),
(583, '0018-11-06', '8322', 14, 9, '1200.00', 7, 2, 1, 1, 19, ''),
(584, '2018-07-05', '1302', 12, 16, '1400.00', 27, 8, 1, 1, 22, ''),
(585, '2018-07-05', '1305', 12, 16, '1400.00', 6, 8, 1, 1, 22, ''),
(586, '2018-05-24', '1204', 15, 16, '1400.00', 25, 7, 1, 1, 23, ''),
(587, '2018-05-24', '1306', 16, 16, '1400.00', 23, 7, 1, 1, 23, ''),
(588, '2018-05-24', '1314 ALP', 16, 16, '2100.00', 23, 7, 1, 1, 23, ''),
(589, '2018-05-24', '1317 ALP', 16, 16, '2100.00', 23, 7, 1, 1, 23, ''),
(590, '2017-11-30', '4689', 2, 2, '250.00', 9, 1, 1, 1, 10, ''),
(591, '2018-10-29', '5157', 3, 2, '250.00', 4, 1, 1, 1, 10, ''),
(592, '2017-10-03', '4547', 2, 2, '250.00', 3, 1, 1, 1, 10, ''),
(593, '2015-06-25', '2659', 5, 2, '200.00', 17, 1, 1, 1, 24, ''),
(594, '2017-07-25', '4364', 5, 2, '200.00', 17, 1, 1, 1, 24, ''),
(595, '2017-07-25', '4363', 5, 2, '200.00', 17, 1, 1, 1, 24, ''),
(596, '2016-07-25', '3563', 4, 2, '200.00', 17, 1, 1, 1, 24, ''),
(597, '2015-12-17', '2940', 6, 2, '200.00', 17, 1, 1, 1, 24, ''),
(598, '2015-06-25', '2664', 6, 2, '200.00', 17, 1, 1, 1, 24, ''),
(599, '2015-08-29', 'CS1', 1, 2, '200.00', 17, 1, 1, 1, 24, ''),
(600, '2015-08-29', '2778', 1, 2, '200.00', 17, 1, 1, 1, 24, ''),
(601, '2018-09-17', '5076', 2, 2, '200.00', 17, 1, 1, 1, 24, ''),
(602, '2014-10-16', '1957', 3, 2, '200.00', 17, 1, 1, 1, 24, ''),
(603, '2017-11-29', '4592', 3, 2, '200.00', 17, 1, 1, 1, 24, ''),
(604, '2018-07-31', '477', 1, 17, '120.00', 5, 9, 1, 1, 25, ''),
(605, '2018-07-31', '486', 1, 17, '120.00', 5, 9, 1, 1, 25, ''),
(606, '2018-07-31', '446', 1, 17, '120.00', 5, 9, 1, 1, 25, ''),
(607, '2018-07-31', '483', 1, 17, '120.00', 5, 9, 1, 1, 25, ''),
(608, '2018-07-31', '445', 1, 17, '120.00', 5, 9, 1, 1, 25, ''),
(609, '2018-07-31', '527', 1, 17, '120.00', 5, 9, 1, 1, 25, ''),
(610, '2018-07-31', '472', 1, 17, '120.00', 5, 9, 1, 1, 25, ''),
(611, '2017-11-23', '88', 1, 17, '120.00', 5, 9, 1, 1, 25, ''),
(612, '2019-02-18', '843', 1, 17, '120.00', 5, 9, 1, 1, 25, ''),
(613, '2019-02-18', '826', 1, 17, '120.00', 27, 9, 1, 1, 25, ''),
(614, '2019-02-18', '798', 1, 17, '120.00', 14, 9, 1, 1, 25, ''),
(615, '2019-02-18', '797', 1, 17, '120.00', 25, 9, 1, 1, 25, ''),
(616, '2018-07-31', '658', 1, 17, '120.00', 25, 9, 1, 1, 25, ''),
(617, '2018-07-31', '622', 1, 17, '120.00', 25, 9, 1, 1, 25, ''),
(618, '2018-07-31', '440', 1, 17, '120.00', 25, 9, 1, 1, 25, ''),
(619, '2018-07-31', '621', 1, 17, '120.00', 25, 9, 1, 1, 25, ''),
(620, '2018-07-31', '557', 1, 17, '120.00', 25, 9, 1, 1, 25, ''),
(621, '2018-07-31', '578', 1, 17, '120.00', 25, 9, 1, 1, 25, ''),
(622, '2018-07-31', '520', 1, 17, '120.00', 7, 9, 1, 1, 25, ''),
(623, '2018-07-31', '573', 1, 17, '120.00', 7, 9, 1, 1, 25, ''),
(624, '2018-07-31', '480', 1, 17, '120.00', 4, 9, 1, 1, 25, ''),
(625, '2018-07-31', '576', 1, 17, '120.00', 4, 9, 1, 1, 25, ''),
(626, '2017-11-23', '94', 1, 17, '120.00', 4, 9, 1, 1, 25, ''),
(627, '2017-11-23', '102', 1, 17, '120.00', 4, 9, 1, 1, 25, ''),
(628, '2017-11-23', '67', 1, 17, '120.00', 4, 9, 1, 1, 25, ''),
(629, '2019-02-18', '850', 1, 17, '120.00', 4, 9, 1, 1, 25, ''),
(630, '2018-07-31', '610', 1, 17, '120.00', 23, 9, 1, 1, 25, ''),
(631, '2018-07-31', '542', 1, 17, '120.00', 23, 9, 1, 1, 25, ''),
(632, '2018-07-31', '547', 1, 17, '120.00', 23, 9, 1, 1, 25, ''),
(633, '2019-02-18', '829', 1, 17, '120.00', 10, 9, 1, 1, 25, ''),
(634, '2019-02-18', '836', 1, 17, '120.00', 10, 9, 1, 1, 25, ''),
(635, '2019-02-18', '833', 1, 17, '120.00', 10, 9, 1, 1, 25, ''),
(636, '2019-02-18', '821', 1, 17, '120.00', 10, 9, 1, 1, 25, ''),
(637, '2019-02-18', '802', 1, 17, '120.00', 10, 9, 1, 1, 25, ''),
(638, '2019-02-18', '844', 1, 17, '120.00', 10, 9, 1, 1, 25, ''),
(639, '2018-07-31', '428', 1, 17, '120.00', 7, 9, 1, 1, 25, ''),
(640, '2018-07-31', '360', 1, 17, '120.00', 7, 9, 1, 1, 25, ''),
(641, '2018-07-31', '359', 1, 17, '120.00', 7, 9, 1, 1, 25, ''),
(642, '2018-07-31', '623', 1, 17, '120.00', 7, 9, 1, 1, 25, ''),
(643, '2018-07-31', '572', 1, 17, '120.00', 7, 9, 1, 1, 25, ''),
(644, '2018-07-31', '6918', 1, 17, '120.00', 7, 9, 1, 1, 25, ''),
(645, '2018-07-31', '444', 1, 17, '120.00', 7, 9, 1, 1, 25, ''),
(646, '2017-11-23', '101', 1, 17, '120.00', 7, 9, 1, 1, 25, ''),
(647, '2019-02-18', '842', 1, 17, '120.00', 7, 9, 1, 1, 25, ''),
(648, '2018-07-31', '537', 1, 17, '120.00', 6, 9, 1, 1, 25, ''),
(649, '2018-07-31', '6874', 1, 17, '120.00', 6, 9, 1, 1, 25, ''),
(650, '2018-07-31', '594', 1, 17, '120.00', 6, 9, 1, 1, 25, ''),
(651, '2018-07-31', '443', 1, 17, '120.00', 6, 9, 1, 1, 25, ''),
(652, '2018-07-31', '657', 1, 17, '120.00', 6, 9, 1, 1, 25, ''),
(653, '2018-07-31', '605', 1, 17, '120.00', 6, 9, 1, 1, 25, ''),
(654, '2019-02-18', '831', 1, 17, '120.00', 6, 9, 1, 1, 25, ''),
(655, '2019-02-18', '822', 1, 17, '120.00', 6, 9, 1, 1, 25, ''),
(656, '2019-02-18', '805', 1, 17, '120.00', 6, 9, 1, 1, 25, ''),
(657, '2019-03-08', '6820', 1, 18, '70.00', 7, 9, 1, 1, 26, ''),
(658, '2019-03-08', '6616', 1, 18, '70.00', 7, 9, 1, 1, 26, ''),
(659, '2019-03-08', '6555', 1, 18, '70.00', 7, 9, 1, 1, 26, ''),
(660, '2019-03-08', '6557', 1, 18, '70.00', 7, 9, 1, 1, 26, ''),
(661, '2019-03-08', '6920', 1, 18, '70.00', 7, 9, 1, 1, 26, ''),
(662, '2019-03-08', '6780', 1, 18, '70.00', 7, 9, 1, 1, 26, ''),
(663, '2019-03-08', '6444', 1, 18, '70.00', 27, 9, 1, 1, 26, ''),
(664, '2019-03-08', '6445', 1, 18, '70.00', 27, 9, 1, 1, 26, ''),
(665, '2019-03-08', '6566', 1, 18, '70.00', 10, 9, 1, 1, 26, ''),
(666, '2019-03-08', '6678', 1, 18, '70.00', 10, 9, 1, 1, 26, ''),
(667, '2019-03-08', '6845', 1, 18, '70.00', 4, 9, 1, 1, 26, ''),
(668, '2019-03-08', '6936', 1, 18, '70.00', 4, 9, 1, 1, 26, ''),
(669, '2019-03-08', '6636', 1, 18, '70.00', 25, 9, 1, 1, 26, ''),
(670, '2019-03-08', '6637', 1, 18, '70.00', 25, 9, 1, 1, 26, ''),
(671, '2019-03-08', '6496', 1, 18, '70.00', 25, 9, 1, 1, 26, ''),
(672, '2019-03-08', '6433', 1, 18, '70.00', 14, 9, 1, 1, 26, ''),
(673, '2019-03-08', '6871', 1, 18, '70.00', 14, 9, 1, 1, 26, ''),
(674, '2018-07-31', '481', 1, 17, '120.00', 4, 9, 1, 1, 25, ''),
(675, '2018-07-31', '565', 1, 17, '120.00', 28, 9, 1, 1, 25, ''),
(676, '2018-07-31', '612', 1, 17, '120.00', 10, 9, 1, 1, 25, ''),
(677, '2018-07-31', '464', 1, 17, '120.00', 10, 9, 1, 1, 25, ''),
(678, '2018-07-31', '549', 1, 17, '120.00', 10, 9, 1, 1, 25, ''),
(679, '2018-07-31', '575', 1, 17, '120.00', 4, 9, 1, 1, 25, ''),
(680, '2018-07-31', '552', 1, 17, '120.00', 4, 9, 1, 1, 25, ''),
(681, '2018-07-31', '467', 1, 17, '120.00', 4, 9, 1, 1, 25, ''),
(682, '2018-07-31', '62', 1, 17, '120.00', 7, 9, 1, 1, 25, ''),
(683, '2018-07-31', '649', 1, 17, '120.00', 7, 9, 1, 1, 25, ''),
(684, '2018-07-31', '560', 1, 17, '120.00', 6, 9, 1, 1, 25, ''),
(685, '2018-07-31', '601', 1, 17, '120.00', 17, 9, 1, 1, 25, ''),
(686, '2018-07-31', '511', 1, 17, '120.00', 10, 9, 1, 1, 25, ''),
(687, '2018-07-31', '458', 1, 17, '120.00', 10, 9, 1, 1, 25, ''),
(688, '2018-07-31', '489', 1, 17, '120.00', 10, 9, 1, 1, 25, ''),
(689, '2018-07-31', '589', 1, 17, '120.00', 10, 9, 1, 1, 25, ''),
(690, '2018-07-31', '535', 1, 17, '120.00', 14, 9, 1, 1, 25, ''),
(691, '2018-07-31', '612', 1, 17, '120.00', 14, 9, 1, 1, 25, ''),
(692, '2018-07-31', '453', 1, 17, '120.00', 6, 9, 1, 1, 25, ''),
(693, '2017-11-20', '4', 1, 18, '70.00', 1, 9, 1, 1, 26, ''),
(694, '2018-11-24', '8805', 9, 10, '800.00', 6, 2, 1, 1, 21, ''),
(695, '2018-11-24', '8793', 11, 10, '800.00', 6, 2, 1, 1, 21, ''),
(696, '2018-11-24', '8664', 11, 10, '800.00', 7, 2, 1, 1, 21, ''),
(697, '2018-11-24', '8670', 12, 10, '800.00', 7, 2, 1, 1, 21, ''),
(698, '2017-11-27', '380', 1, 2, '70.00', 6, 11, 1, 0, 27, ''),
(699, '2017-11-27', '68', 1, 2, '70.00', 25, 11, 1, 0, 27, ''),
(700, '2017-11-27', '124', 1, 2, '70.00', 27, 11, 1, 0, 27, ''),
(701, '2017-11-27', '671', 1, 2, '70.00', 6, 11, 1, 0, 27, ''),
(702, '2017-11-27', '382', 1, 2, '70.00', 6, 11, 1, 0, 27, ''),
(703, '2017-11-27', '392', 1, 2, '70.00', 6, 11, 1, 0, 27, ''),
(704, '2017-11-27', '666', 1, 2, '70.00', 6, 11, 1, 1, 27, ''),
(705, '2017-11-27', '662', 1, 2, '70.00', 6, 11, 1, 0, 27, ''),
(706, '2017-11-27', '368', 1, 2, '70.00', 25, 11, 1, 0, 27, ''),
(707, '2017-11-27', '376', 1, 2, '70.00', 25, 11, 1, 0, 27, ''),
(708, '2017-11-27', '364', 1, 2, '70.00', 6, 11, 1, 0, 27, ''),
(709, '2017-11-27', '76', 1, 2, '70.00', 25, 11, 1, 0, 27, ''),
(710, '2017-11-27', '379', 1, 2, '70.00', 28, 11, 1, 0, 27, ''),
(711, '2017-11-27', '6457', 1, 2, '70.00', 17, 11, 1, 0, 27, ''),
(712, '2017-11-27', '6588', 1, 2, '70.00', 17, 11, 1, 0, 27, ''),
(713, '2017-11-27', '6464', 1, 2, '70.00', 5, 11, 1, 0, 27, ''),
(714, '2017-11-27', '6425', 1, 2, '70.00', 5, 11, 1, 0, 27, ''),
(715, '2017-11-27', '5974', 1, 2, '70.00', 23, 11, 1, 0, 27, ''),
(716, '2017-11-27', '6482', 1, 2, '70.00', 7, 11, 1, 0, 27, ''),
(717, '2017-11-27', '159', 1, 2, '70.00', 7, 11, 1, 0, 27, ''),
(718, '2017-11-27', '160', 1, 2, '70.00', 7, 11, 1, 0, 27, ''),
(719, '2017-11-27', '6467', 1, 2, '70.00', 25, 11, 1, 0, 27, ''),
(720, '2017-11-27', '6706', 1, 2, '70.00', 25, 11, 1, 0, 27, ''),
(721, '2017-11-27', '6455', 1, 2, '70.00', 14, 11, 1, 0, 27, ''),
(722, '2017-11-27', '32', 1, 2, '70.00', 10, 11, 1, 0, 27, ''),
(723, '2017-11-23', '77', 17, 19, '120.00', 17, 12, 1, 1, 27, ''),
(724, '2017-11-23', '80', 17, 19, '120.00', 17, 12, 1, 1, 27, ''),
(725, '2017-11-23', '78', 17, 19, '120.00', 26, 12, 1, 1, 27, ''),
(726, '2017-11-23', '81', 17, 19, '120.00', 5, 12, 1, 1, 27, ''),
(727, '2017-11-23', '83', 17, 19, '120.00', 17, 12, 1, 1, 27, ''),
(728, '2018-06-23', '414', 17, 19, '50.00', 6, 12, 1, 1, 27, ''),
(729, '2018-06-23', '413', 17, 19, '50.00', 6, 12, 1, 1, 27, ''),
(730, '2018-06-23', '406', 17, 19, '50.00', 6, 12, 1, 1, 27, ''),
(731, '2018-06-23', '410', 17, 19, '50.00', 6, 12, 1, 1, 27, ''),
(732, '2018-06-23', '408', 17, 19, '50.00', 6, 12, 1, 1, 27, ''),
(733, '2018-11-06', '694', 17, 19, '150.00', 25, 13, 1, 1, 27, ''),
(734, '2018-11-06', '703', 17, 19, '90.00', 25, 14, 1, 1, 27, ''),
(735, '2018-11-06', '704', 17, 19, '90.00', 25, 14, 1, 1, 27, ''),
(736, '2018-11-06', '702', 17, 19, '90.00', 25, 14, 1, 1, 27, ''),
(737, '2018-12-26', '274', 11, 19, '350.00', 7, 15, 1, 0, 27, ''),
(738, '2018-12-26', '288', 10, 19, '350.00', 7, 15, 1, 0, 27, ''),
(739, '2018-12-26', '279', 12, 19, '350.00', 7, 15, 1, 0, 27, ''),
(740, '2018-12-26', '680', 12, 19, '200.00', 6, 15, 1, 0, 27, ''),
(741, '2018-12-26', '706', 10, 19, '350.00', 24, 15, 1, 0, 27, ''),
(742, '2018-12-26', '688', 11, 19, '200.00', 14, 15, 1, 0, 27, ''),
(743, '2018-12-26', '289', 12, 19, '350.00', 10, 15, 1, 0, 27, ''),
(744, '2018-12-26', '689', 12, 19, '200.00', 10, 15, 1, 1, 27, ''),
(745, '2018-12-26', '685', 10, 19, '200.00', 10, 15, 1, 0, 27, ''),
(746, '2018-12-26', '720', 12, 19, '200.00', 10, 15, 1, 0, 27, ''),
(747, '2018-12-26', '266', 11, 19, '350.00', 10, 15, 1, 0, 27, ''),
(748, '2018-12-26', '299', 12, 19, '350.00', 25, 15, 1, 0, 27, ''),
(749, '2018-12-26', '268', 12, 19, '350.00', 25, 15, 1, 0, 27, ''),
(750, '2018-12-26', '298', 11, 19, '350.00', 25, 15, 1, 1, 27, ''),
(751, '2018-12-26', '673', 12, 19, '350.00', 25, 15, 1, 0, 27, ''),
(752, '2017-11-27', '6418', 17, 19, '150.00', 25, 9, 1, 1, 27, ''),
(753, '2017-11-27', '171', 17, 19, '150.00', 25, 9, 1, 1, 27, ''),
(754, '2017-11-27', '6672', 17, 19, '150.00', 25, 9, 1, 1, 27, ''),
(755, '2017-11-27', '6674', 17, 19, '150.00', 25, 9, 1, 1, 27, ''),
(756, '2017-11-27', '169', 17, 19, '150.00', 25, 9, 1, 1, 27, ''),
(757, '2017-11-27', '6671', 17, 19, '150.00', 25, 9, 1, 1, 27, ''),
(758, '2017-11-27', '6679', 17, 19, '150.00', 6, 9, 1, 1, 27, ''),
(759, '2017-11-27', '6686', 17, 19, '150.00', 6, 9, 1, 1, 27, ''),
(760, '2017-11-27', '6572', 17, 19, '150.00', 10, 9, 1, 1, 27, ''),
(761, '2017-11-27', '6708', 17, 19, '150.00', 4, 9, 1, 1, 27, ''),
(762, '2017-11-27', '6452', 17, 19, '150.00', 7, 9, 1, 1, 27, ''),
(763, '2017-11-27', '6680', 17, 19, '150.00', 6, 9, 1, 1, 27, ''),
(764, '2017-11-28', 'SC M1', 9, 13, '1600.00', 25, 2, 3, 1, 20, ''),
(765, '2018-06-11', '8501', 15, 12, '1600.00', 6, 2, 3, 1, 20, ''),
(766, '2018-06-11', '8394', 15, 8, '1600.00', 26, 2, 3, 1, 20, ''),
(767, '2018-06-11', '8504', 9, 8, '1600.00', 6, 2, 3, 1, 20, ''),
(768, '2017-07-28', '7717', 9, 13, '1600.00', 7, 2, 3, 1, 20, ''),
(769, '2018-06-11', '8472', 10, 8, '1600.00', 7, 2, 3, 1, 20, ''),
(770, '2018-06-11', '8528', 10, 8, '1600.00', 6, 2, 3, 1, 20, ''),
(771, '2018-06-11', '8420', 10, 8, '1600.00', 6, 2, 3, 1, 20, ''),
(772, '2018-06-11', '8421', 10, 8, '1600.00', 6, 2, 3, 1, 20, ''),
(773, '2018-06-11', '7943', 11, 8, '1600.00', 6, 2, 3, 1, 20, ''),
(774, '2017-12-04', '7945', 11, 13, '1600.00', 6, 2, 3, 1, 20, ''),
(775, '2018-12-13', '8872', 12, 13, '1600.00', 6, 2, 3, 1, 20, ''),
(776, '2018-12-13', '8871', 12, 13, '1600.00', 27, 2, 3, 1, 20, ''),
(777, '2018-06-11', '8408', 12, 8, '1600.00', 6, 2, 3, 1, 20, ''),
(778, '2018-06-11', '8498', 12, 8, '1600.00', 6, 2, 3, 1, 20, ''),
(779, '2018-12-12', '8860', 12, 13, '1600.00', 26, 2, 3, 1, 20, ''),
(780, '2018-11-12', '8566', 12, 13, '1600.00', 7, 2, 3, 1, 20, ''),
(781, '2017-02-20', '7520', 12, 8, '1600.00', 25, 2, 3, 1, 20, ''),
(782, '2017-02-20', '8562', 12, 13, '1600.00', 27, 2, 3, 1, 20, ''),
(783, '2018-06-11', '8482', 12, 8, '1600.00', 7, 2, 3, 1, 20, ''),
(784, '2018-06-11', '8521', 12, 8, '1600.00', 6, 2, 3, 1, 20, ''),
(785, '2018-02-26', '8087', 12, 13, '1600.00', 6, 2, 3, 1, 20, ''),
(786, '2017-11-28', '7914', 13, 13, '1600.00', 25, 2, 3, 1, 20, ''),
(787, '2018-06-11', '8511', 13, 8, '1600.00', 6, 2, 3, 1, 20, ''),
(788, '2017-11-28', '7919', 13, 8, '1600.00', 25, 2, 3, 1, 20, ''),
(789, '2017-11-28', '7920', 13, 8, '1600.00', 25, 2, 3, 1, 20, '');
INSERT INTO `productos` (`idproducto`, `fechaCod`, `codigo`, `idtalla`, `idtela`, `precio`, `idcolor`, `idcategoria`, `idsucursal`, `estado`, `lote`, `descripcion`) VALUES
(790, '2017-07-28', '7729', 13, 12, '1600.00', 7, 2, 3, 1, 20, ''),
(791, '2019-01-30', '8896', 13, 13, '1600.00', 27, 2, 3, 1, 20, ''),
(792, '2018-06-11', '8386', 13, 8, '1600.00', 6, 2, 3, 1, 20, ''),
(793, '2019-01-30', '8900', 13, 13, '1600.00', 26, 2, 3, 1, 20, ''),
(794, '2018-06-11', '8458', 13, 8, '1600.00', 7, 2, 3, 1, 20, ''),
(795, '2018-02-23', '8077', 14, 13, '1600.00', 6, 2, 3, 1, 20, ''),
(796, '2018-06-11', '8465', 14, 8, '1600.00', 7, 2, 3, 1, 20, ''),
(797, '2018-03-28', '8120', 14, 13, '1600.00', 25, 2, 3, 0, 20, ''),
(798, '2019-01-30', '8889', 14, 13, '1600.00', 26, 2, 3, 1, 20, ''),
(799, '2017-01-30', '7910', 14, 13, '1600.00', 7, 2, 3, 1, 20, ''),
(800, '2015-09-24', '6389', 11, 12, '1600.00', 14, 2, 3, 1, 17, ''),
(801, '2015-09-24', '7940', 11, 12, '1600.00', 7, 2, 3, 1, 17, ''),
(802, '2017-12-27', '8023', 11, 13, '1600.00', 7, 2, 3, 1, 17, ''),
(803, '2017-02-20', '7518', 11, 13, '1600.00', 25, 2, 3, 1, 17, ''),
(804, '2016-05-12', '7266', 11, 8, '1600.00', 7, 2, 3, 1, 17, ''),
(805, '2016-05-12', '7164', 11, 8, '1600.00', 6, 2, 3, 1, 17, ''),
(806, '2017-02-20', '7514', 12, 12, '1600.00', 7, 2, 3, 1, 17, ''),
(807, '2017-02-20', '7521', 12, 13, '1600.00', 25, 2, 3, 1, 17, ''),
(808, '2017-02-20', '6845', 12, 12, '1600.00', 7, 2, 3, 1, 17, ''),
(809, '2017-02-20', '6844', 12, 12, '1600.00', 7, 2, 3, 1, 17, ''),
(810, '2016-09-15', '6915', 12, 12, '1600.00', 27, 2, 3, 1, 17, ''),
(811, '2016-09-15', '6906', 12, 12, '1600.00', 11, 2, 3, 1, 17, ''),
(812, '2019-02-07', '8910', 12, 13, '1600.00', 6, 2, 3, 1, 17, ''),
(813, '2019-02-07', '6403', 12, 12, '1600.00', 14, 2, 3, 1, 17, ''),
(814, '2018-01-15', '8063', 12, 13, '1600.00', 7, 2, 3, 1, 17, ''),
(815, '2015-02-12', '6900', 12, 12, '1600.00', 7, 2, 3, 1, 17, ''),
(816, '2015-02-12', '6368', 12, 12, '1600.00', 7, 2, 3, 1, 17, ''),
(817, '2017-12-28', '8038', 12, 12, '1600.00', 7, 2, 3, 1, 17, ''),
(818, '2018-01-15', '8065', 12, 13, '1600.00', 7, 2, 3, 1, 17, ''),
(819, '2017-12-29', '8042', 12, 13, '1600.00', 6, 2, 3, 1, 17, ''),
(820, '2016-06-09', '6850', 12, 12, '1600.00', 25, 2, 3, 1, 17, ''),
(821, '2016-09-15', '6917', 12, 12, '1600.00', 27, 2, 3, 1, 17, ''),
(822, '2016-09-15', '6925', 13, 12, '1600.00', 27, 2, 3, 1, 17, ''),
(823, '2016-09-15', '7320', 13, 12, '1600.00', 25, 2, 3, 1, 17, ''),
(824, '2016-09-15', '7197', 13, 12, '1600.00', 7, 2, 3, 1, 17, ''),
(825, '2016-09-15', '7376', 13, 12, '1600.00', 6, 2, 3, 1, 17, ''),
(826, '2016-09-15', '7194', 13, 12, '1600.00', 7, 2, 3, 1, 17, ''),
(827, '2015-07-23', '6337', 14, 12, '1600.00', 7, 2, 3, 1, 17, ''),
(828, '2016-07-23', '6927', 13, 12, '1600.00', 7, 2, 3, 1, 17, ''),
(829, '2017-12-04', '8005', 13, 12, '1600.00', 7, 2, 3, 1, 17, ''),
(830, '2017-12-04', '7372', 13, 12, '1600.00', 6, 2, 3, 1, 17, ''),
(831, '2018-06-09', '8161', 13, 8, '1600.00', 7, 2, 3, 1, 17, ''),
(832, '2018-06-09', '8442', 12, 8, '1600.00', 7, 2, 3, 1, 17, ''),
(833, '2015-03-15', '6039', 15, 12, '1600.00', 27, 2, 3, 1, 17, ''),
(834, '2016-01-13', '6559', 15, 8, '1600.00', 6, 2, 3, 1, 17, ''),
(835, '2016-12-03', '7055', 9, 8, '1600.00', 7, 2, 3, 1, 17, ''),
(836, '2016-12-03', '6968', 9, 8, '1600.00', 25, 2, 3, 1, 17, ''),
(837, '2016-12-03', '6947', 9, 12, '1600.00', 25, 2, 3, 1, 17, ''),
(838, '2014-12-03', '6765', 10, 12, '1600.00', 7, 2, 3, 1, 17, ''),
(839, '2016-06-24', '6864', 10, 12, '1600.00', 7, 2, 3, 1, 17, ''),
(840, '2015-03-27', '6045', 10, 12, '1600.00', 23, 2, 3, 1, 17, ''),
(841, '2016-06-24', '6866', 10, 12, '1600.00', 7, 2, 3, 1, 17, ''),
(842, '2015-03-27', '6041', 10, 12, '1600.00', 7, 2, 3, 1, 17, ''),
(843, '2015-03-27', '6309', 10, 12, '1600.00', 7, 2, 3, 1, 17, ''),
(844, '2016-12-03', '7009', 10, 8, '1600.00', 6, 2, 3, 1, 17, ''),
(845, '2017-09-08', '7906', 11, 8, '1600.00', 14, 2, 3, 1, 17, ''),
(846, '2016-07-26', '6882', 11, 8, '1600.00', 27, 2, 3, 1, 17, ''),
(847, '2016-09-24', '6385', 11, 12, '1600.00', 7, 2, 3, 1, 17, ''),
(848, '2016-09-24', '6885', 11, 12, '1600.00', 6, 2, 3, 1, 17, ''),
(849, '2016-09-24', '6823', 11, 12, '1600.00', 25, 2, 3, 1, 17, ''),
(850, '2016-09-24', '7016', 11, 8, '1600.00', 6, 2, 3, 1, 17, ''),
(851, '2015-09-24', '6357', 11, 8, '1600.00', 6, 2, 3, 1, 17, ''),
(852, '2016-09-24', '6835', 11, 8, '1600.00', 7, 2, 3, 1, 17, ''),
(853, '2016-09-24', '6921', 13, 12, '1600.00', 26, 2, 3, 1, 17, ''),
(854, '2016-09-24', '6853', 12, 12, '1600.00', 6, 2, 3, 1, 17, ''),
(855, '2018-06-09', '8173', 10, 12, '1600.00', 7, 2, 3, 1, 17, ''),
(856, '2016-09-09', '6902', 12, 12, '1600.00', 23, 2, 3, 1, 17, ''),
(857, '2016-09-09', '7239', 10, 8, '1600.00', 6, 2, 3, 1, 17, ''),
(858, '2018-02-10', '8144', 11, 13, '1600.00', 6, 2, 3, 1, 17, ''),
(859, '2017-03-10', '7528', 18, 15, '1600.00', 6, 2, 3, 1, 17, ''),
(860, '2016-11-30', '6966', 18, 15, '1600.00', 6, 2, 3, 1, 17, ''),
(861, '2018-06-11', '8346', 15, 9, '1200.00', 7, 2, 3, 1, 19, ''),
(862, '2018-02-02', '8104', 9, 19, '1200.00', 25, 2, 3, 1, 19, ''),
(863, '2018-06-11', '8291', 9, 9, '1200.00', 6, 2, 3, 1, 19, ''),
(864, '2018-06-09', '8188', 10, 9, '1200.00', 25, 2, 3, 1, 19, ''),
(865, '2018-06-11', '8293', 10, 9, '1200.00', 6, 2, 3, 1, 19, ''),
(866, '2018-06-09', '8187', 10, 9, '1200.00', 25, 2, 3, 1, 19, ''),
(867, '2018-06-11', '8246', 11, 9, '1200.00', 25, 2, 3, 1, 19, ''),
(868, '2018-06-11', '8249', 11, 9, '1200.00', 25, 2, 3, 1, 19, ''),
(869, '2018-06-11', '8251', 11, 9, '1200.00', 25, 2, 3, 1, 19, ''),
(870, '2018-06-11', '8250', 11, 9, '1200.00', 25, 2, 3, 1, 19, ''),
(871, '2018-06-11', '8300', 11, 9, '1200.00', 6, 2, 3, 1, 19, ''),
(872, '2018-06-11', '8280', 12, 9, '1200.00', 6, 2, 3, 1, 19, ''),
(873, '2018-06-11', '8286', 12, 9, '1200.00', 6, 2, 3, 1, 19, ''),
(874, '2018-06-11', '8252', 12, 9, '1200.00', 25, 2, 3, 1, 19, ''),
(875, '2016-01-13', '6494', 12, 9, '1200.00', 25, 2, 3, 1, 19, ''),
(876, '2018-06-11', '8218', 12, 9, '1200.00', 25, 2, 3, 1, 19, ''),
(877, '2018-06-11', '8283', 12, 9, '1200.00', 6, 2, 3, 1, 19, ''),
(878, '2018-06-11', '8234', 12, 9, '1200.00', 25, 2, 3, 1, 19, ''),
(879, '2016-12-01', '7191', 12, 9, '1200.00', 25, 2, 3, 1, 19, ''),
(880, '2018-06-11', '8281', 12, 9, '1200.00', 6, 2, 3, 1, 19, ''),
(881, '2018-06-11', '8235', 12, 9, '1200.00', 25, 2, 3, 1, 19, ''),
(882, '2018-06-11', '8259', 12, 9, '1200.00', 25, 2, 3, 1, 19, ''),
(883, '2018-06-06', '8200', 13, 9, '1200.00', 25, 2, 3, 1, 19, ''),
(884, '2018-06-11', '8343', 13, 9, '1200.00', 7, 2, 3, 1, 19, ''),
(885, '2018-06-11', '8262', 13, 9, '1200.00', 6, 2, 3, 1, 19, ''),
(886, '2018-06-11', '8152', 13, 9, '1200.00', 26, 2, 3, 1, 19, ''),
(887, '2018-06-11', '8150', 13, 9, '1200.00', 26, 2, 3, 1, 19, ''),
(888, '2018-06-11', '8239', 13, 9, '1200.00', 25, 2, 3, 1, 19, ''),
(889, '2018-06-11', '8323', 14, 9, '1200.00', 7, 2, 3, 1, 19, ''),
(890, '2017-08-24', '7870', 15, 9, '1200.00', 4, 2, 3, 1, 1, ''),
(891, '2017-08-24', '7872', 15, 9, '1200.00', 4, 2, 3, 1, 1, ''),
(892, '2017-08-24', '7071', 9, 9, '1200.00', 7, 2, 3, 1, 1, ''),
(893, '2017-08-24', '7818', 9, 9, '1200.00', 7, 2, 3, 1, 1, ''),
(894, '2017-08-24', '7820', 9, 9, '1200.00', 7, 2, 3, 1, 1, ''),
(895, '2017-08-24', '8090', 9, 19, '1200.00', 6, 2, 3, 1, 1, ''),
(896, '2018-02-26', '8100', 9, 19, '1200.00', 25, 2, 3, 1, 1, ''),
(897, '2016-12-05', '7258', 9, 9, '1200.00', 25, 2, 3, 1, 1, ''),
(898, '2018-02-26', '8093', 9, 19, '1200.00', 6, 2, 3, 1, 1, ''),
(899, '2014-11-21', '6132', 9, 19, '1200.00', 6, 2, 3, 1, 1, ''),
(900, '2016-01-15', '6672', 9, 9, '1200.00', 7, 2, 3, 1, 1, ''),
(901, '2018-02-26', '8097', 9, 19, '1200.00', 6, 2, 3, 1, 1, ''),
(902, '2017-08-17', '7775', 11, 12, '1200.00', 14, 2, 3, 1, 1, ''),
(903, '2011-11-23', '5643', 11, 12, '1200.00', 7, 2, 3, 1, 1, ''),
(904, '2014-10-10', '544', 10, 12, '1200.00', 25, 2, 3, 1, 1, ''),
(905, '2014-10-10', '8095', 9, 19, '1200.00', 6, 2, 3, 1, 1, ''),
(906, '2018-02-26', '8096', 9, 19, '1200.00', 6, 2, 3, 1, 1, ''),
(907, '2015-01-19', '6218', 10, 19, '1200.00', 6, 2, 3, 1, 1, ''),
(908, '2015-01-19', '8109', 10, 19, '1200.00', 25, 2, 3, 1, 1, ''),
(909, '2015-01-19', '7085', 11, 9, '1200.00', 7, 2, 3, 1, 1, ''),
(910, '2018-11-12', '8591', 11, 19, '1200.00', 24, 2, 3, 1, 1, ''),
(911, '2018-11-12', '8588', 11, 19, '1200.00', 24, 2, 3, 1, 1, ''),
(912, '2018-11-12', '8592', 11, 19, '1200.00', 24, 2, 3, 1, 1, ''),
(913, '2015-10-22', '6435', 11, 19, '1200.00', 7, 2, 3, 1, 1, ''),
(914, '2015-02-03', '6229', 11, 19, '1200.00', 1, 2, 3, 1, 1, ''),
(915, '2016-01-13', '6492', 12, 9, '1200.00', 25, 2, 3, 1, 1, ''),
(916, '2018-11-21', '8582', 12, 19, '1200.00', 23, 2, 3, 1, 1, ''),
(917, '2016-05-12', '7114', 12, 9, '1200.00', 25, 2, 3, 1, 1, ''),
(918, '2016-05-12', '7106', 12, 9, '1200.00', 25, 2, 3, 1, 1, ''),
(919, '2016-05-12', '7107', 12, 9, '1200.00', 25, 2, 3, 1, 1, ''),
(920, '2017-08-24', '7830', 12, 9, '1200.00', 6, 2, 3, 1, 1, ''),
(921, '2018-11-12', '8579-1', 12, 14, '1200.00', 23, 2, 3, 1, 1, ''),
(922, '2018-11-12', '8580', 12, 14, '1200.00', 23, 2, 3, 1, 1, ''),
(923, '2016-12-05', '7111', 12, 9, '1200.00', 25, 2, 3, 1, 1, ''),
(924, '2016-12-05', '7143', 12, 9, '1200.00', 6, 2, 3, 1, 1, ''),
(925, '2012-12-05', '5685', 13, 19, '1200.00', 25, 2, 3, 1, 1, ''),
(926, '2018-12-19', '8881', 13, 14, '1200.00', 23, 2, 3, 1, 1, ''),
(927, '2017-08-24', '7795', 13, 9, '1200.00', 4, 2, 3, 1, 1, ''),
(928, '2016-12-05', '7148', 13, 9, '1200.00', 6, 2, 3, 1, 1, ''),
(929, '2018-12-19', '8879', 13, 14, '1200.00', 23, 2, 3, 1, 1, ''),
(930, '2018-12-19', '6987', 13, 9, '1200.00', 25, 2, 3, 1, 1, ''),
(931, '2018-12-19', '8576', 14, 14, '1200.00', 23, 2, 3, 1, 1, ''),
(932, '2016-04-12', '6821', 14, 12, '1200.00', 26, 2, 3, 1, 1, ''),
(933, '2019-03-07', '1451', 19, 13, '350.00', 6, 3, 1, 1, 2, ''),
(934, '2019-03-07', '1452', 19, 13, '350.00', 6, 3, 1, 1, 2, ''),
(935, '2019-03-07', '1453', 19, 13, '350.00', 25, 3, 1, 1, 2, ''),
(936, '2019-03-07', '1454', 19, 13, '350.00', 25, 3, 1, 1, 2, ''),
(937, '2019-03-07', '1455', 19, 15, '350.00', 7, 3, 1, 1, 2, ''),
(938, '2019-03-07', '1457', 19, 15, '350.00', 7, 3, 1, 1, 2, ''),
(939, '2019-03-07', '1458', 20, 13, '350.00', 6, 3, 1, 1, 2, ''),
(940, '2019-03-07', '1459', 20, 13, '350.00', 6, 3, 1, 1, 2, ''),
(941, '2019-03-07', '1460', 20, 13, '350.00', 25, 3, 1, 1, 2, ''),
(942, '2019-03-07', '1461', 20, 13, '350.00', 25, 3, 1, 1, 2, ''),
(943, '2019-03-07', '1462', 20, 20, '350.00', 7, 3, 1, 1, 2, ''),
(944, '2019-03-07', '1463', 20, 20, '350.00', 7, 3, 1, 1, 2, ''),
(945, '2019-03-07', '1464', 15, 13, '350.00', 6, 3, 1, 1, 2, ''),
(946, '2019-03-07', '1465', 15, 13, '350.00', 6, 3, 1, 1, 2, ''),
(947, '2019-03-07', '1466', 15, 13, '350.00', 25, 3, 1, 1, 2, ''),
(948, '2019-03-07', '1467', 15, 13, '350.00', 25, 3, 1, 1, 2, ''),
(949, '2019-03-07', '1468', 15, 20, '350.00', 7, 3, 1, 1, 2, ''),
(950, '2019-03-07', '1469', 15, 20, '350.00', 7, 3, 1, 1, 2, ''),
(951, '2019-03-07', '1470', 9, 20, '350.00', 7, 3, 1, 1, 2, ''),
(952, '2019-03-07', '1471', 9, 13, '350.00', 6, 3, 1, 1, 2, ''),
(953, '2019-03-07', '1472', 9, 13, '350.00', 25, 3, 1, 1, 2, ''),
(954, '2019-03-07', '1473', 10, 20, '350.00', 7, 3, 1, 1, 2, ''),
(955, '2019-03-07', '1474', 10, 13, '350.00', 6, 3, 1, 1, 2, ''),
(956, '2019-03-07', '1475', 10, 13, '350.00', 25, 3, 1, 1, 2, ''),
(957, '2019-03-07', '1476', 10, 20, '350.00', 14, 3, 3, 1, 2, ''),
(958, '2019-03-07', '1477', 10, 20, '350.00', 27, 3, 3, 1, 2, ''),
(959, '2019-03-07', '1478', 19, 20, '350.00', 7, 3, 3, 1, 2, ''),
(960, '2019-03-07', '1479', 19, 20, '350.00', 7, 3, 3, 1, 2, ''),
(961, '2019-03-07', '1480', 10, 20, '350.00', 7, 3, 3, 1, 2, ''),
(962, '2019-03-07', '1481', 19, 13, '350.00', 25, 3, 3, 1, 2, ''),
(963, '2019-03-07', '1482', 19, 13, '350.00', 25, 3, 3, 1, 2, ''),
(964, '2019-03-07', '1483', 20, 13, '350.00', 25, 3, 3, 1, 2, ''),
(965, '2019-03-07', '1484', 15, 13, '350.00', 25, 3, 3, 1, 2, ''),
(966, '2019-03-07', '1485', 9, 13, '350.00', 25, 3, 3, 1, 2, ''),
(967, '2019-03-07', '1486', 10, 13, '350.00', 25, 3, 3, 1, 2, ''),
(968, '2019-03-07', '1487', 19, 13, '350.00', 6, 3, 3, 1, 2, ''),
(969, '2019-03-07', '1488', 19, 13, '350.00', 6, 3, 3, 1, 2, ''),
(970, '2019-03-07', '1489', 20, 13, '350.00', 6, 3, 3, 1, 2, ''),
(971, '2019-03-07', '1490', 15, 13, '350.00', 6, 3, 3, 1, 2, ''),
(972, '2019-03-07', '1491', 9, 13, '350.00', 6, 3, 3, 1, 2, ''),
(973, '2019-03-07', '1492', 10, 13, '350.00', 6, 3, 3, 1, 2, ''),
(974, '2019-03-07', '1493', 19, 20, '350.00', 7, 3, 2, 1, 2, ''),
(975, '2019-03-07', '1494', 19, 13, '350.00', 25, 3, 2, 1, 2, ''),
(976, '2019-03-07', '1495', 19, 13, '350.00', 25, 3, 2, 1, 2, ''),
(977, '2019-03-07', '1496', 19, 13, '350.00', 6, 3, 2, 1, 2, ''),
(978, '2019-03-07', '1497', 19, 13, '350.00', 6, 3, 2, 1, 2, ''),
(979, '2019-03-11', '8936', 11, 13, '1600.00', 26, 2, 4, 0, 20, ''),
(980, '2019-03-11', '8937', 11, 13, '1600.00', 26, 2, 4, 0, 20, ''),
(981, '2019-03-11', '8938', 11, 13, '1600.00', 26, 2, 4, 0, 20, ''),
(982, '2019-03-11', '8939', 11, 13, '1600.00', 26, 2, 4, 0, 20, ''),
(983, '2019-03-11', '8940', 11, 13, '1600.00', 26, 2, 4, 0, 20, ''),
(984, '2019-03-11', '8941', 11, 13, '1600.00', 9, 2, 4, 0, 20, ''),
(985, '2019-03-11', '8942', 11, 13, '1600.00', 9, 2, 4, 0, 20, ''),
(986, '2019-03-11', '8943', 11, 13, '1600.00', 9, 2, 4, 0, 20, ''),
(987, '2019-03-11', '8944', 11, 13, '1600.00', 9, 2, 4, 0, 20, ''),
(988, '2019-03-11', '8945', 11, 13, '1600.00', 9, 2, 4, 1, 20, ''),
(989, '2019-03-11', '8946', 10, 13, '1600.00', 6, 2, 4, 1, 20, ''),
(990, '2019-03-11', '8947', 10, 13, '1600.00', 6, 2, 4, 1, 20, ''),
(991, '2019-03-11', '8948', 10, 13, '1600.00', 6, 2, 4, 1, 20, ''),
(992, '2019-03-11', '8949', 10, 13, '1600.00', 6, 2, 4, 1, 20, ''),
(993, '2019-03-11', '8950', 10, 13, '1600.00', 6, 2, 4, 1, 20, ''),
(994, '2018-06-11', '1221', 10, 8, '1200.00', 24, 4, 3, 1, 15, ''),
(995, '2018-06-11', '1212', 13, 8, '1200.00', 24, 4, 3, 1, 15, ''),
(996, '2018-06-11', '1248', 10, 8, '1200.00', 22, 4, 3, 1, 15, ''),
(997, '2018-06-11', '1268', 12, 8, '1200.00', 23, 4, 3, 1, 15, ''),
(998, '2018-06-11', '1237', 12, 8, '1200.00', 22, 4, 3, 1, 15, ''),
(999, '2018-06-11', '1287', 9, 8, '1200.00', 4, 4, 3, 1, 15, ''),
(1000, '2018-06-11', '1273', 9, 8, '1200.00', 23, 4, 3, 1, 15, ''),
(1001, '2018-06-11', '776', 12, 12, '1200.00', 27, 4, 3, 1, 15, ''),
(1002, '2018-06-11', '1242', 13, 12, '1200.00', 22, 4, 3, 1, 15, ''),
(1003, '2017-08-25', '1145', 11, 11, '1200.00', 7, 4, 3, 1, 16, ''),
(1004, '2017-08-25', '1189', 12, 11, '1200.00', 4, 4, 3, 1, 16, ''),
(1005, '2017-08-25', '1154', 12, 11, '1200.00', 7, 4, 3, 1, 16, ''),
(1006, '2017-08-25', '1137', 10, 11, '1200.00', 7, 4, 3, 1, 16, ''),
(1007, '2017-08-25', '1176', 10, 11, '1200.00', 4, 4, 3, 1, 16, ''),
(1008, '2017-08-25', '1165', 9, 11, '1200.00', 4, 4, 3, 1, 16, ''),
(1009, '2017-08-25', '1132', 9, 11, '1200.00', 7, 4, 3, 1, 16, ''),
(1010, '2017-08-25', '1160', 13, 11, '1200.00', 7, 4, 3, 1, 16, ''),
(1011, '2017-08-25', '1141', 10, 11, '1200.00', 7, 4, 3, 1, 16, ''),
(1012, '2017-08-25', '1054', 13, 8, '1200.00', 25, 6, 3, 1, 16, ''),
(1013, '2017-08-25', '946', 13, 12, '1200.00', 6, 6, 3, 1, 16, ''),
(1014, '2017-08-25', '984', 9, 8, '1200.00', 6, 6, 3, 1, 16, ''),
(1015, '2017-08-25', '1012', 12, 8, '1200.00', 6, 6, 3, 1, 16, ''),
(1016, '2017-08-25', '1020', 9, 8, '1200.00', 25, 6, 3, 1, 16, ''),
(1017, '2017-08-25', '983', 10, 12, '1200.00', 6, 6, 3, 1, 16, ''),
(1018, '2017-08-25', '977', 10, 12, '1200.00', 6, 6, 3, 1, 16, ''),
(1019, '2017-08-25', '1031', 10, 8, '1200.00', 25, 6, 3, 1, 16, ''),
(1020, '2017-08-25', '1049', 12, 8, '1200.00', 25, 6, 3, 1, 16, ''),
(1021, '2017-08-25', '944', 14, 12, '1200.00', 6, 6, 3, 1, 16, ''),
(1022, '2017-08-25', '959', 14, 12, '1200.00', 6, 6, 3, 1, 16, ''),
(1023, '2012-08-12', '342 ALP', 11, 12, '1200.00', 25, 8, 3, 1, 22, ''),
(1024, '2016-03-10', '688', 12, 16, '1400.00', 6, 8, 3, 1, 22, ''),
(1025, '2016-03-10', '832', 12, 16, '1200.00', 25, 8, 3, 1, 22, ''),
(1026, '2016-03-10', '833', 13, 16, '1200.00', 25, 8, 3, 1, 22, ''),
(1027, '2016-03-10', '751', 12, 16, '1400.00', 25, 8, 3, 1, 22, ''),
(1028, '2016-03-10', '689', 11, 16, '1400.00', 6, 8, 3, 1, 22, ''),
(1029, '2018-05-21', '1202', 13, 16, '1400.00', 27, 8, 3, 1, 22, ''),
(1030, '2018-05-21', '1201', 12, 16, '1400.00', 25, 8, 3, 1, 22, ''),
(1031, '2018-08-21', '1316', 16, 16, '1400.00', 6, 7, 3, 1, 23, ''),
(1032, '2018-08-21', '1313 ALP', 16, 16, '2100.00', 23, 7, 3, 1, 23, ''),
(1033, '2018-08-21', '1310', 16, 16, '2100.00', 23, 7, 3, 1, 23, ''),
(1034, '2018-06-11', '8380', 11, 8, '1600.00', 26, 2, 3, 1, 20, ''),
(1035, '2017-08-25', '1057', 9, 11, '1200.00', 24, 4, 3, 1, 5, ''),
(1036, '2017-08-25', '1068', 10, 11, '1200.00', 24, 4, 3, 1, 5, ''),
(1037, '2018-08-25', '1200', 9, 11, '1200.00', 23, 4, 3, 1, 5, ''),
(1038, '2018-08-25', '789', 11, 11, '1200.00', 23, 4, 3, 1, 5, ''),
(1039, '2016-05-13', '781', 12, 11, '1200.00', 23, 4, 3, 1, 5, ''),
(1040, '2016-05-13', '659', 12, 11, '1200.00', 23, 4, 3, 1, 5, ''),
(1041, '2016-05-13', '1058', 9, 11, '1200.00', 23, 4, 3, 1, 5, ''),
(1042, '2016-05-13', '1066', 10, 11, '1200.00', 23, 4, 3, 1, 5, ''),
(1043, '2016-05-13', '1065', 10, 11, '1200.00', 23, 4, 3, 1, 5, ''),
(1044, '2016-05-13', '1056', 9, 11, '1200.00', 23, 4, 3, 1, 5, ''),
(1045, '2016-05-13', '1085', 12, 11, '1200.00', 23, 4, 3, 1, 5, ''),
(1046, '2016-05-13', '1059', 9, 11, '1200.00', 23, 4, 3, 1, 5, ''),
(1047, '2016-05-13', '1072', 11, 11, '1200.00', 23, 4, 3, 1, 5, ''),
(1048, '2017-05-13', '1075', 11, 11, '1200.00', 23, 4, 3, 1, 5, ''),
(1049, '2017-05-13', '785', 11, 12, '1200.00', 24, 4, 3, 1, 5, ''),
(1050, '2015-08-11', '742', 12, 12, '1200.00', 24, 4, 3, 1, 5, ''),
(1051, '2015-06-17', '638', 11, 12, '1200.00', 27, 4, 3, 1, 5, ''),
(1052, '2015-06-17', '795', 13, 12, '1200.00', 27, 4, 3, 1, 5, ''),
(1053, '2018-05-16', '1199', 12, 12, '1200.00', 23, 4, 3, 1, 5, ''),
(1054, '2017-01-03', '796', 13, 12, '1200.00', 27, 4, 3, 1, 5, ''),
(1055, '2016-05-13', '769', 12, 12, '1200.00', 23, 4, 3, 1, 5, ''),
(1056, '2017-02-15', '892', 13, 12, '1200.00', 14, 4, 3, 1, 5, ''),
(1057, '2017-02-15', '896', 12, 12, '1200.00', 14, 4, 3, 1, 5, ''),
(1058, '2017-02-15', '649', 13, 12, '1200.00', 14, 4, 3, 1, 5, ''),
(1059, '2016-06-09', '801', 10, 12, '1200.00', 6, 4, 3, 1, 5, ''),
(1060, '2016-06-09', '775', 12, 12, '1200.00', 11, 4, 3, 1, 5, ''),
(1061, '2017-06-29', '962', 12, 12, '1200.00', 27, 4, 3, 1, 5, ''),
(1062, '2017-03-10', '917', 13, 19, '1200.00', 23, 5, 3, 1, 5, ''),
(1063, '2017-03-10', '909', 13, 19, '1200.00', 23, 5, 3, 1, 5, ''),
(1064, '2017-03-10', '904', 11, 19, '1200.00', 23, 5, 3, 1, 5, ''),
(1065, '2015-03-10', '603', 11, 19, '1200.00', 25, 5, 3, 1, 5, ''),
(1066, '2017-03-11', '929', 12, 19, '1200.00', 23, 5, 3, 1, 5, ''),
(1067, '2017-03-11', '920', 11, 19, '1200.00', 23, 5, 3, 1, 5, ''),
(1068, '2017-03-11', '919', 11, 19, '1200.00', 23, 5, 3, 1, 5, ''),
(1069, '2017-03-11', '902', 11, 19, '1200.00', 23, 5, 3, 1, 5, ''),
(1070, '2018-03-28', '8119', 14, 13, '1600.00', 25, 2, 3, 1, 20, ''),
(1071, '2018-06-09', '8197', 11, 9, '1200.00', 25, 2, 3, 1, 19, ''),
(1072, '2016-12-05', '7197', 13, 9, '1600.00', 6, 2, 3, 1, 17, ''),
(1073, '2016-12-05', '6902', 12, 9, '1600.00', 23, 2, 3, 1, 17, ''),
(1074, '2016-12-05', '7163', 11, 8, '1600.00', 26, 2, 3, 1, 17, ''),
(1075, '2017-08-25', '1097', 9, 11, '900.00', 27, 5, 3, 1, 6, ''),
(1076, '2017-08-25', '1096', 9, 11, '900.00', 27, 5, 3, 1, 6, ''),
(1077, '2017-08-25', '1092', 9, 11, '900.00', 27, 5, 3, 1, 6, ''),
(1078, '2017-08-25', '1103', 10, 11, '900.00', 27, 5, 3, 1, 6, ''),
(1079, '2017-08-25', '1105', 10, 11, '900.00', 27, 5, 3, 1, 6, ''),
(1080, '2017-08-25', '1098', 10, 11, '900.00', 27, 5, 3, 1, 6, ''),
(1081, '2017-08-25', '1099', 10, 11, '900.00', 27, 5, 3, 1, 6, ''),
(1082, '2017-08-25', '1100', 10, 11, '900.00', 27, 5, 3, 1, 6, ''),
(1083, '2017-08-25', '1094', 9, 11, '900.00', 27, 5, 3, 1, 6, ''),
(1084, '2019-03-13', '1363', 11, 11, '900.00', 14, 5, 3, 0, 6, ''),
(1085, '2019-03-13', '1375', 12, 11, '900.00', 14, 5, 3, 0, 6, ''),
(1086, '2019-03-13', '1385', 13, 11, '900.00', 14, 5, 3, 0, 6, ''),
(1087, '2019-03-13', '1393', 14, 11, '900.00', 14, 5, 3, 0, 6, ''),
(1088, '2019-03-13', '1359', 10, 11, '900.00', 6, 5, 3, 0, 6, ''),
(1089, '2019-03-13', '1364', 11, 11, '900.00', 6, 5, 3, 0, 6, ''),
(1090, '2019-03-13', '1387', 13, 11, '900.00', 6, 5, 3, 0, 6, ''),
(1091, '2019-03-13', '1376', 12, 11, '900.00', 6, 5, 3, 0, 6, ''),
(1092, '2019-03-13', '1391', 14, 11, '900.00', 6, 5, 3, 0, 6, ''),
(1093, '2019-03-13', '1360', 10, 11, '900.00', 23, 5, 3, 0, 6, ''),
(1094, '2019-03-13', '1362', 11, 11, '900.00', 23, 5, 3, 0, 6, ''),
(1095, '2019-03-13', '1374', 12, 11, '900.00', 23, 5, 3, 0, 6, ''),
(1096, '2019-03-13', '1386', 13, 11, '900.00', 23, 5, 3, 0, 6, ''),
(1097, '2019-03-13', '1392', 14, 11, '900.00', 23, 5, 3, 0, 6, ''),
(1098, '2019-03-13', '1361', 10, 11, '900.00', 4, 5, 3, 0, 6, ''),
(1099, '2019-03-13', '1365', 11, 11, '900.00', 4, 5, 3, 0, 6, ''),
(1100, '2019-03-13', '1384', 13, 11, '900.00', 4, 5, 3, 0, 6, ''),
(1101, '2019-03-13', '1379', 12, 11, '900.00', 4, 5, 3, 0, 6, ''),
(1102, '2019-12-03', '1369', 11, 10, '1200.00', 7, 4, 3, 0, 7, ''),
(1103, '2019-12-03', '1377', 12, 10, '1200.00', 7, 4, 3, 0, 7, ''),
(1104, '2019-12-03', '1383', 13, 10, '1200.00', 7, 4, 3, 0, 7, ''),
(1105, '2019-12-03', '1394', 14, 10, '1200.00', 7, 4, 3, 0, 7, ''),
(1106, '2019-12-03', '1370', 11, 10, '1200.00', 6, 4, 3, 0, 7, ''),
(1107, '2019-12-03', '1366', 11, 8, '1200.00', 22, 4, 3, 0, 7, ''),
(1108, '2019-12-03', '1390', 14, 8, '1200.00', 22, 4, 3, 1, 7, ''),
(1109, '2019-12-03', '1381', 13, 8, '1200.00', 22, 4, 3, 1, 7, ''),
(1110, '2019-12-03', '1372', 12, 8, '1200.00', 22, 4, 3, 1, 7, ''),
(1111, '2019-12-03', '1367', 11, 9, '1200.00', 11, 4, 3, 0, 7, ''),
(1112, '2019-12-03', '1388', 14, 9, '1200.00', 11, 4, 3, 1, 7, ''),
(1113, '2019-12-03', '1380', 13, 9, '1200.00', 11, 4, 3, 1, 7, ''),
(1114, '2019-12-03', '1373', 12, 9, '1200.00', 11, 4, 3, 1, 7, ''),
(1115, '0000-00-00', '8679', 13, 9, '800.00', 7, 2, 3, 1, 21, ''),
(1116, '2019-03-07', '1478', 19, 20, '350.00', 7, 3, 3, 0, 2, ''),
(1117, '2019-03-07', '1479', 19, 20, '350.00', 7, 3, 3, 0, 2, ''),
(1118, '2019-03-07', '1480', 10, 20, '350.00', 7, 3, 3, 0, 2, ''),
(1119, '2019-03-07', '1481', 19, 20, '350.00', 25, 3, 3, 0, 2, ''),
(1120, '2019-03-07', '1482', 20, 20, '350.00', 25, 3, 3, 0, 2, ''),
(1121, '2019-03-07', '1483', 20, 20, '350.00', 25, 3, 3, 0, 2, ''),
(1122, '2019-03-07', '1484', 15, 20, '350.00', 25, 3, 3, 0, 2, ''),
(1123, '2019-03-07', '1485', 9, 20, '350.00', 25, 3, 3, 0, 2, ''),
(1124, '2019-03-07', '1486', 10, 20, '350.00', 25, 3, 3, 0, 2, ''),
(1125, '2019-03-07', '1487', 19, 13, '350.00', 6, 3, 3, 0, 2, ''),
(1126, '2019-03-07', '1488', 19, 13, '350.00', 6, 3, 3, 0, 2, ''),
(1127, '2019-03-07', '1489', 20, 13, '350.00', 6, 3, 3, 0, 2, ''),
(1128, '2019-03-07', '1490', 15, 13, '350.00', 6, 3, 3, 0, 2, ''),
(1129, '2019-03-07', '1491', 9, 13, '350.00', 6, 3, 3, 0, 2, ''),
(1130, '2019-03-07', '1492', 10, 13, '350.00', 6, 3, 3, 0, 2, ''),
(1131, '2018-03-01', '1270', 20, 20, '350.00', 6, 3, 3, 1, 2, ''),
(1132, '2018-03-01', '1279', 9, 20, '350.00', 6, 3, 3, 1, 2, ''),
(1133, '2018-03-27', '1290', 20, 20, '350.00', 27, 3, 3, 1, 8, ''),
(1134, '2016-05-04', '1338', 19, 20, '350.00', 27, 3, 3, 1, 8, ''),
(1135, '2014-11-21', '1188', 16, 20, '350.00', 7, 3, 3, 1, 8, ''),
(1136, '2018-03-27', '1287', 19, 20, '350.00', 27, 3, 3, 1, 8, ''),
(1137, '2018-03-27', '1420', 20, 20, '350.00', 7, 3, 3, 1, 8, ''),
(1138, '2018-03-27', '1424', 15, 20, '350.00', 7, 3, 3, 1, 8, ''),
(1139, '2018-03-27', '1297', 9, 20, '350.00', 27, 3, 3, 1, 8, ''),
(1140, '2018-03-27', '1435', 19, 20, '350.00', 27, 3, 3, 1, 8, ''),
(1141, '2018-03-27', '1403', 19, 20, '350.00', 14, 3, 3, 1, 8, ''),
(1142, '2017-03-27', '1360', 19, 20, '350.00', 7, 3, 3, 1, 8, ''),
(1143, '2018-04-13', '1431', 9, 20, '350.00', 7, 3, 3, 1, 8, ''),
(1144, '2018-04-13', '1446', 9, 20, '350.00', 27, 3, 3, 1, 8, ''),
(1145, '2014-11-21', '1184', 16, 12, '100.00', 23, 3, 3, 1, 9, ''),
(1146, '2017-08-15', '1369', 19, 12, '100.00', 23, 3, 3, 1, 9, ''),
(1147, '2014-08-15', '1191', 16, 12, '100.00', 23, 3, 3, 1, 9, ''),
(1148, '2017-09-15', '1400', 19, 19, '100.00', 6, 3, 3, 1, 9, ''),
(1149, '2017-09-15', '1394', 9, 19, '100.00', 6, 3, 3, 1, 9, ''),
(1150, '2017-09-15', '1384', 15, 19, '100.00', 6, 3, 3, 1, 9, ''),
(1151, '2017-09-15', '1363', 15, 19, '100.00', 25, 3, 3, 1, 9, ''),
(1152, '2017-09-15', '1393', 20, 19, '100.00', 6, 3, 3, 1, 9, ''),
(1153, '2015-07-03', '1220', 19, 19, '100.00', 27, 3, 3, 1, 9, ''),
(1154, '2015-07-03', '1346', 19, 19, '100.00', 23, 3, 3, 1, 9, ''),
(1155, '2015-07-03', '1109', 16, 19, '100.00', 6, 3, 3, 1, 9, ''),
(1156, '2015-07-03', '1218', 20, 19, '100.00', 6, 3, 3, 1, 9, ''),
(1157, '2015-07-03', '1128', 15, 19, '100.00', 7, 3, 3, 1, 9, ''),
(1158, '2015-07-03', '1368', 15, 19, '100.00', 23, 3, 3, 1, 9, ''),
(1159, '2015-07-03', '1345', 19, 19, '100.00', 23, 3, 3, 1, 9, ''),
(1160, '2017-08-25', '1135', 10, 11, '1200.00', 7, 4, 3, 1, 16, ''),
(1161, '2017-08-28', '7826', 11, 9, '1200.00', 6, 2, 3, 1, 20, ''),
(1162, '2017-08-28', '8427', 9, 8, '1600.00', 26, 2, 3, 1, 20, ''),
(1163, '2018-11-12', '8595', 11, 13, '1600.00', 7, 2, 3, 1, 20, ''),
(1164, '2019-03-13', '1378', 12, 8, '1200.00', 6, 4, 3, 0, 7, ''),
(1165, '2019-03-13', '1433', 11, 8, '1200.00', 4, 4, 4, 0, 7, ''),
(1166, '2019-03-13', '1434', 11, 8, '1200.00', 4, 4, 2, 1, 7, ''),
(1167, '2019-03-13', '1435', 11, 8, '1200.00', 4, 4, 2, 1, 7, ''),
(1168, '2019-03-13', '1436', 11, 8, '1200.00', 22, 4, 4, 0, 7, ''),
(1169, '2019-03-13', '1437', 11, 8, '1200.00', 22, 4, 4, 0, 7, ''),
(1170, '2019-03-13', '1438', 11, 8, '1200.00', 22, 4, 4, 0, 7, ''),
(1171, '2019-03-13', '1439', 11, 8, '1200.00', 11, 4, 2, 1, 7, ''),
(1172, '2019-03-13', '1440', 11, 8, '1200.00', 11, 4, 2, 1, 7, ''),
(1173, '2019-03-13', '1441', 11, 8, '1200.00', 11, 4, 2, 1, 7, ''),
(1174, '2019-03-13', '1442', 11, 11, '900.00', 6, 5, 4, 1, 6, ''),
(1175, '2019-03-13', '1443', 11, 11, '900.00', 6, 5, 4, 0, 6, ''),
(1176, '2019-03-13', '1444', 11, 11, '900.00', 23, 5, 4, 1, 6, ''),
(1177, '2019-03-13', '1445', 11, 11, '900.00', 23, 5, 4, 1, 6, ''),
(1178, '2019-03-13', '1446', 11, 11, '900.00', 14, 5, 4, 1, 6, ''),
(1179, '2019-03-13', '1447', 11, 11, '900.00', 14, 5, 4, 1, 6, ''),
(1180, '2019-03-13', '1448', 11, 11, '900.00', 14, 5, 4, 0, 6, ''),
(1181, '2019-03-13', '1449', 11, 11, '900.00', 4, 4, 4, 0, 6, ''),
(1182, '2019-03-13', '1450', 11, 11, '900.00', 4, 4, 4, 1, 6, ''),
(1183, '2019-03-13', '1951', 11, 11, '1200.00', 7, 4, 4, 0, 7, ''),
(1184, '2019-03-13', '1952', 11, 11, '1200.00', 7, 4, 4, 0, 7, ''),
(1185, '2019-03-13', '1953', 11, 11, '1200.00', 7, 4, 4, 0, 7, ''),
(1186, '2019-03-13', '1954', 11, 11, '1200.00', 7, 4, 4, 0, 7, ''),
(1187, '2019-03-13', '1955', 11, 11, '1200.00', 7, 4, 4, 0, 7, ''),
(1188, '2019-03-13', '1956', 12, 8, '1200.00', 22, 4, 4, 0, 7, ''),
(1189, '2019-03-13', '1957', 12, 8, '1200.00', 22, 4, 4, 0, 7, ''),
(1190, '2019-03-13', '1958', 12, 8, '1200.00', 22, 4, 4, 0, 7, ''),
(1191, '2019-03-13', '1959', 12, 8, '1200.00', 4, 4, 4, 0, 7, ''),
(1192, '2019-03-13', '1960', 12, 8, '1200.00', 4, 4, 4, 0, 7, ''),
(1193, '2019-03-13', '1961', 12, 8, '1200.00', 4, 4, 4, 0, 7, ''),
(1194, '2019-03-13', '1963', 12, 8, '1200.00', 11, 4, 4, 0, 7, ''),
(1195, '2019-03-13', '1964', 12, 8, '1200.00', 11, 4, 4, 0, 7, ''),
(1196, '2019-03-13', '1962', 12, 8, '1200.00', 11, 4, 4, 0, 7, ''),
(1197, '2019-03-13', '1965', 12, 11, '900.00', 23, 4, 4, 0, 6, ''),
(1198, '2019-03-13', '1966', 12, 11, '900.00', 23, 4, 4, 0, 6, ''),
(1199, '2019-03-13', '1967', 12, 11, '900.00', 23, 4, 4, 1, 6, ''),
(1200, '2019-03-13', '1968', 12, 11, '900.00', 6, 4, 4, 0, 6, ''),
(1201, '2019-03-13', '1969', 12, 11, '900.00', 6, 4, 4, 0, 6, ''),
(1202, '2019-03-13', '1970', 12, 11, '900.00', 6, 4, 4, 1, 6, ''),
(1203, '2019-03-13', '1971', 12, 11, '900.00', 14, 4, 4, 0, 6, ''),
(1204, '2019-03-13', '1972', 12, 11, '900.00', 14, 4, 4, 0, 6, ''),
(1205, '2019-03-13', '1973', 12, 11, '900.00', 14, 4, 4, 0, 6, ''),
(1206, '2019-03-13', '1974', 12, 11, '900.00', 4, 4, 4, 0, 6, ''),
(1207, '2019-03-13', '1975', 12, 11, '900.00', 4, 4, 4, 0, 6, ''),
(1208, '2019-03-13', '1976', 12, 11, '900.00', 7, 4, 4, 0, 6, ''),
(1209, '2019-03-13', '1977', 12, 11, '900.00', 7, 4, 4, 0, 6, ''),
(1210, '2019-03-13', '1978', 12, 11, '900.00', 7, 4, 4, 0, 6, ''),
(1211, '2019-03-13', '1979', 12, 11, '900.00', 7, 4, 4, 0, 6, ''),
(1212, '2019-03-13', '1980', 12, 11, '900.00', 7, 4, 4, 0, 6, ''),
(1213, '2019-03-13', '1981', 13, 8, '1200.00', 4, 4, 4, 0, 7, ''),
(1214, '2019-03-13', '1982', 13, 8, '1200.00', 4, 4, 4, 0, 7, ''),
(1215, '2019-03-13', '1983', 13, 8, '1200.00', 4, 4, 4, 0, 7, ''),
(1216, '2019-03-13', '1984', 13, 11, '900.00', 23, 4, 4, 0, 6, ''),
(1217, '2019-03-13', '1985', 13, 11, '900.00', 23, 4, 4, 0, 6, ''),
(1218, '2019-03-13', '1986', 13, 11, '900.00', 23, 4, 4, 1, 6, ''),
(1219, '2019-03-13', '1987', 13, 11, '900.00', 6, 4, 4, 0, 6, ''),
(1220, '2019-03-13', '1988', 13, 11, '900.00', 6, 4, 4, 1, 6, ''),
(1221, '2019-03-13', '1989', 13, 11, '900.00', 6, 4, 4, 0, 6, ''),
(1222, '2019-03-13', '1990', 13, 11, '900.00', 14, 4, 4, 1, 6, ''),
(1223, '2019-03-13', '1991', 13, 11, '900.00', 14, 4, 4, 0, 6, ''),
(1224, '2019-03-13', '1992', 13, 11, '900.00', 14, 4, 4, 0, 6, ''),
(1225, '2019-03-13', '1993', 14, 11, '900.00', 14, 4, 4, 0, 6, ''),
(1226, '2019-03-13', '1994', 14, 11, '900.00', 14, 4, 4, 0, 6, ''),
(1227, '2019-03-13', '1995', 14, 11, '900.00', 14, 4, 4, 0, 6, ''),
(1228, '2019-03-13', '1996', 14, 11, '900.00', 6, 4, 4, 0, 6, ''),
(1229, '2019-03-13', '1997', 14, 11, '900.00', 6, 4, 4, 0, 6, ''),
(1230, '2019-03-13', '1998', 14, 11, '900.00', 6, 4, 4, 1, 6, ''),
(1231, '2019-03-13', '1999', 14, 11, '900.00', 23, 4, 4, 0, 6, ''),
(1232, '2019-03-13', '2000', 14, 11, '900.00', 23, 4, 4, 0, 6, ''),
(1233, '2018-11-27', '5276', 5, 2, '250.00', 3, 1, 3, 1, 10, ''),
(1234, '2018-11-27', '4836', 5, 2, '250.00', 8, 1, 3, 1, 10, ''),
(1235, '2018-11-27', '5212', 4, 2, '250.00', 3, 1, 3, 1, 10, ''),
(1236, '2018-11-27', '5292', 2, 2, '250.00', 3, 1, 3, 1, 10, ''),
(1237, '2018-11-27', '5207', 3, 2, '250.00', 16, 1, 3, 1, 10, ''),
(1238, '2018-11-27', '5202', 2, 2, '250.00', 16, 1, 3, 1, 10, ''),
(1239, '2018-11-27', '5316', 3, 2, '250.00', 16, 1, 3, 1, 10, ''),
(1240, '2018-11-27', '5294', 3, 2, '250.00', 3, 1, 3, 1, 10, ''),
(1241, '2018-11-27', '5211', 5, 2, '250.00', 16, 1, 3, 1, 10, ''),
(1242, '2018-11-27', '5306', 6, 2, '250.00', 3, 1, 3, 1, 10, ''),
(1243, '2018-11-27', '5210', 5, 2, '250.00', 3, 1, 3, 1, 10, ''),
(1244, '2018-11-27', '5304', 5, 2, '250.00', 3, 1, 3, 1, 10, ''),
(1245, '2018-11-27', '5300', 1, 2, '250.00', 3, 1, 3, 1, 10, ''),
(1246, '2018-11-27', '4538', 2, 2, '250.00', 3, 1, 3, 1, 10, ''),
(1247, '2018-11-27', '4204', 2, 2, '250.00', 3, 1, 3, 1, 10, ''),
(1248, '2018-11-27', '5284', 1, 2, '250.00', 3, 1, 3, 1, 10, ''),
(1249, '2018-11-27', '5289', 2, 2, '250.00', 3, 1, 3, 1, 10, ''),
(1250, '2018-11-27', '5208', 3, 2, '250.00', 3, 1, 3, 1, 10, ''),
(1251, '2018-11-27', '5286', 3, 2, '250.00', 3, 1, 3, 1, 10, ''),
(1252, '2018-11-27', '5206', 3, 2, '250.00', 3, 1, 3, 1, 10, ''),
(1253, '2018-11-27', '5280', 2, 2, '250.00', 3, 1, 3, 1, 10, ''),
(1254, '2018-11-27', '5201', 2, 2, '250.00', 3, 1, 3, 1, 10, ''),
(1255, '2018-11-27', '5259', 2, 2, '250.00', 3, 1, 3, 1, 10, ''),
(1256, '2018-11-27', '4812', 1, 2, '250.00', 8, 1, 3, 1, 10, ''),
(1257, '2017-12-01', '4745', 2, 1, '250.00', 3, 1, 3, 1, 10, ''),
(1258, '2017-12-01', '4765', 5, 1, '250.00', 3, 1, 3, 1, 10, ''),
(1259, '2017-12-01', '4753', 3, 1, '250.00', 3, 1, 3, 1, 10, ''),
(1260, '2017-12-01', '4737', 2, 1, '250.00', 10, 1, 3, 1, 10, ''),
(1261, '2017-12-01', '4731', 3, 1, '250.00', 10, 1, 3, 1, 10, ''),
(1262, '2017-12-01', '4716', 5, 1, '250.00', 10, 1, 3, 1, 10, ''),
(1263, '2017-12-01', '4785', 3, 1, '250.00', 22, 1, 3, 1, 10, ''),
(1264, '2017-12-01', '4802', 6, 1, '250.00', 22, 1, 3, 1, 10, ''),
(1265, '2017-12-01', '4668', 5, 1, '250.00', 6, 1, 3, 1, 10, ''),
(1266, '2017-12-01', '4687', 2, 1, '250.00', 6, 1, 3, 1, 10, ''),
(1267, '2017-12-01', '4671', 4, 1, '250.00', 6, 1, 3, 1, 10, ''),
(1268, '2017-12-01', '4374', 3, 1, '250.00', 9, 1, 3, 1, 10, ''),
(1269, '2017-12-01', '4373', 3, 1, '250.00', 9, 1, 3, 1, 10, ''),
(1270, '2017-12-01', '4379', 1, 1, '250.00', 9, 1, 3, 1, 10, ''),
(1271, '2017-12-01', '4390', 4, 1, '250.00', 9, 1, 3, 1, 10, ''),
(1272, '2017-12-01', '4384', 2, 1, '250.00', 9, 1, 3, 1, 10, ''),
(1273, '2017-12-01', '4457', 2, 1, '250.00', 6, 1, 3, 1, 10, ''),
(1274, '2017-12-01', '4454', 2, 1, '250.00', 6, 1, 3, 1, 10, ''),
(1275, '2017-12-01', '4459', 5, 1, '250.00', 6, 1, 3, 1, 10, ''),
(1276, '2017-12-01', '4433', 5, 1, '250.00', 7, 1, 3, 1, 10, ''),
(1277, '2017-12-01', '4409', 1, 1, '250.00', 7, 1, 3, 1, 10, ''),
(1278, '2017-12-01', '4416', 2, 1, '250.00', 7, 1, 3, 1, 10, ''),
(1279, '2017-12-01', '4290', 1, 1, '250.00', 16, 1, 3, 1, 10, ''),
(1280, '2017-12-01', '4367', 5, 1, '250.00', 16, 1, 3, 1, 10, ''),
(1281, '2018-10-29', '5171', 4, 1, '250.00', 27, 1, 3, 1, 10, ''),
(1282, '2018-10-29', '5165', 2, 1, '250.00', 27, 1, 3, 1, 10, ''),
(1283, '2018-10-29', '5168', 3, 1, '250.00', 27, 1, 3, 1, 10, ''),
(1284, '2018-10-29', '5161', 2, 1, '250.00', 27, 1, 3, 1, 10, ''),
(1285, '2018-10-29', '5113', 2, 1, '250.00', 27, 1, 3, 1, 10, ''),
(1286, '2018-10-29', '5141', 3, 1, '250.00', 4, 1, 3, 1, 10, ''),
(1287, '2018-11-23', '5213', 4, 2, '250.00', 16, 1, 3, 1, 18, ''),
(1288, '2018-11-23', '5209', 4, 2, '250.00', 16, 1, 3, 1, 18, ''),
(1289, '2018-11-23', '4163', 2, 2, '250.00', 16, 1, 3, 1, 18, ''),
(1290, '2018-11-23', '5333', 2, 2, '250.00', 16, 1, 3, 1, 18, ''),
(1291, '2018-11-23', '5336', 3, 2, '250.00', 16, 1, 3, 1, 18, ''),
(1292, '2018-11-23', '1678', 1, 2, '250.00', 16, 1, 3, 1, 18, ''),
(1293, '2018-11-23', '424', 6, 2, '250.00', 16, 1, 3, 1, 18, ''),
(1294, '2018-11-23', '5340', 5, 2, '250.00', 16, 1, 3, 1, 18, ''),
(1295, '2018-11-23', '5265', 5, 2, '250.00', 16, 1, 3, 1, 18, ''),
(1296, '2018-11-23', '5342', 6, 2, '250.00', 16, 1, 3, 1, 18, ''),
(1297, '2016-03-11', '3200', 4, 2, '250.00', 25, 1, 3, 1, 18, ''),
(1298, '2015-03-11', '2647', 2, 2, '250.00', 7, 1, 3, 1, 18, ''),
(1299, '2015-03-11', '3892', 2, 2, '250.00', 7, 1, 3, 1, 18, ''),
(1300, '2015-03-11', '2645', 2, 2, '250.00', 7, 1, 3, 1, 18, ''),
(1301, '2015-03-11', '4368', 6, 2, '250.00', 7, 1, 3, 1, 18, ''),
(1302, '2017-07-25', '4456', 2, 2, '250.00', 7, 1, 3, 1, 18, ''),
(1303, '2017-07-25', '4331', 2, 2, '250.00', 7, 1, 3, 1, 18, ''),
(1304, '2017-07-25', '4330', 2, 2, '250.00', 7, 1, 3, 1, 18, ''),
(1305, '2016-07-25', '3874', 3, 2, '250.00', 7, 1, 3, 1, 18, ''),
(1306, '2017-07-25', '4341', 1, 2, '250.00', 7, 1, 3, 1, 18, ''),
(1307, '2017-07-25', '3843', 1, 2, '250.00', 7, 1, 3, 1, 18, ''),
(1308, '2017-07-25', '3930', 5, 2, '250.00', 7, 1, 3, 1, 18, ''),
(1309, '2017-07-25', '2616', 1, 2, '250.00', 7, 1, 3, 1, 18, ''),
(1310, '2017-07-24', '4311', 1, 2, '250.00', 7, 1, 3, 1, 18, ''),
(1311, '2016-11-23', '4040', 2, 2, '250.00', 6, 1, 3, 1, 18, ''),
(1312, '2016-11-23', '3904', 2, 2, '250.00', 6, 1, 3, 1, 18, ''),
(1313, '2016-11-23', '4011', 2, 2, '250.00', 6, 1, 3, 1, 18, ''),
(1314, '2016-11-23', '4044', 4, 2, '250.00', 6, 1, 3, 1, 18, ''),
(1315, '2015-08-13', '2631', 2, 2, '250.00', 7, 1, 3, 1, 18, ''),
(1316, '2015-08-13', '2632', 2, 2, '250.00', 7, 1, 3, 1, 18, ''),
(1317, '2015-08-13', '2633', 2, 2, '250.00', 7, 1, 3, 1, 18, ''),
(1318, '2015-08-13', '2367', 2, 2, '250.00', 6, 1, 3, 1, 18, ''),
(1319, '2015-08-13', '2372', 2, 2, '250.00', 6, 1, 3, 1, 18, ''),
(1320, '2015-08-13', '1686', 1, 2, '250.00', 6, 1, 3, 1, 18, ''),
(1321, '2016-03-07', '3421', 4, 2, '250.00', 3, 1, 3, 1, 18, ''),
(1322, '2016-03-07', '1663', 2, 2, '250.00', 3, 1, 3, 1, 18, ''),
(1323, '2016-03-07', '1683', 1, 2, '250.00', 3, 1, 3, 1, 18, ''),
(1324, '2016-03-07', '3643', 1, 2, '250.00', 3, 1, 3, 1, 18, ''),
(1325, '2016-03-07', '1621', 3, 2, '250.00', 3, 1, 3, 1, 18, ''),
(1326, '2016-03-07', '3695', 3, 2, '250.00', 3, 1, 3, 1, 18, ''),
(1327, '2016-03-07', '3447', 3, 2, '250.00', 7, 1, 3, 1, 18, ''),
(1328, '2016-03-07', '2386', 2, 2, '250.00', 7, 1, 3, 1, 18, ''),
(1329, '2016-03-07', '3622', 1, 2, '250.00', 7, 1, 3, 1, 18, ''),
(1330, '2015-03-17', '2140', 1, 2, '250.00', 4, 1, 3, 1, 14, ''),
(1331, '2015-03-17', '4442', 1, 2, '250.00', 5, 1, 3, 1, 14, ''),
(1332, '2015-03-17', '1837', 1, 2, '250.00', 5, 1, 3, 1, 14, ''),
(1333, '2016-03-17', '1838', 1, 2, '250.00', 14, 1, 3, 1, 14, ''),
(1334, '2015-01-16', '2093', 1, 2, '250.00', 17, 1, 3, 1, 14, ''),
(1335, '2015-01-16', '1890', 1, 2, '250.00', 17, 1, 3, 1, 14, ''),
(1336, '2015-01-16', '4267', 1, 2, '250.00', 17, 1, 3, 1, 14, ''),
(1337, '2016-02-12', '3191', 6, 2, '250.00', 17, 1, 3, 1, 14, ''),
(1338, '2016-02-12', '2057', 6, 2, '250.00', 17, 1, 3, 1, 14, ''),
(1339, '2019-03-11', '5561', 17, 2, '250.00', 1, 1, 3, 1, 14, ''),
(1340, '2019-03-11', '5560', 17, 2, '250.00', 1, 1, 3, 1, 14, ''),
(1341, '2019-03-11', '5562', 17, 2, '250.00', 1, 1, 3, 1, 14, ''),
(1342, '2015-04-01', '2259', 2, 2, '250.00', 28, 1, 3, 1, 14, ''),
(1343, '2015-04-01', '2253', 2, 2, '250.00', 28, 1, 3, 1, 14, ''),
(1344, '2015-04-01', '1797', 2, 2, '250.00', 28, 1, 3, 1, 14, ''),
(1345, '2016-03-01', '3275', 1, 2, '250.00', 27, 1, 3, 1, 14, ''),
(1346, '2016-03-01', '3278', 1, 2, '250.00', 27, 1, 3, 1, 14, ''),
(1347, '2016-03-01', '3283', 6, 2, '250.00', 27, 1, 3, 1, 14, ''),
(1348, '2016-03-01', '3284', 6, 2, '250.00', 27, 1, 3, 1, 14, ''),
(1349, '2015-03-01', '2557', 2, 2, '250.00', 27, 1, 3, 1, 14, ''),
(1350, '2015-03-01', '2552', 2, 2, '250.00', 27, 1, 3, 1, 14, ''),
(1351, '2015-03-01', '2555', 6, 2, '250.00', 27, 1, 3, 1, 14, ''),
(1352, '2015-03-01', '2604', 3, 2, '250.00', 22, 1, 3, 1, 14, ''),
(1353, '2015-03-01', '2569', 6, 2, '250.00', 22, 1, 3, 1, 14, ''),
(1354, '2015-03-01', '2599', 1, 2, '250.00', 22, 1, 3, 1, 14, ''),
(1355, '2015-03-01', '2608', 5, 2, '250.00', 22, 1, 3, 1, 14, ''),
(1356, '2015-03-01', '2562', 1, 2, '250.00', 22, 1, 3, 1, 14, ''),
(1357, '2015-03-01', '2597', 1, 2, '250.00', 22, 1, 3, 1, 14, ''),
(1358, '2015-03-01', '2563', 1, 2, '250.00', 4, 1, 3, 1, 14, ''),
(1359, '2015-03-01', '2584', 1, 2, '250.00', 4, 1, 3, 1, 14, ''),
(1360, '2015-03-01', '4268', 1, 2, '250.00', 17, 1, 3, 1, 14, ''),
(1361, '2015-03-01', '2583', 1, 2, '250.00', 4, 1, 3, 1, 14, ''),
(1362, '2015-03-01', '2598', 1, 2, '250.00', 4, 1, 3, 1, 14, ''),
(1363, '2015-03-01', '2582', 1, 2, '250.00', 4, 1, 3, 1, 14, ''),
(1364, '2015-03-01', '2581', 1, 2, '250.00', 4, 1, 3, 1, 14, ''),
(1365, '2015-03-01', '2556', 1, 2, '250.00', 4, 1, 3, 1, 14, ''),
(1366, '2019-03-13', '1318', 10, 9, '900.00', 14, 5, 1, 1, 6, ''),
(1367, '2019-03-13', '1319', 10, 9, '900.00', 6, 5, 1, 1, 6, ''),
(1368, '2019-03-13', '1320', 10, 9, '900.00', 23, 5, 1, 1, 6, ''),
(1369, '2019-03-13', '1324', 11, 9, '900.00', 14, 5, 1, 1, 6, ''),
(1370, '2019-03-13', '1325', 11, 9, '900.00', 6, 5, 1, 1, 6, ''),
(1371, '2019-03-13', '1326', 11, 9, '900.00', 23, 5, 1, 1, 6, ''),
(1372, '2019-03-13', '1333', 12, 9, '900.00', 14, 5, 1, 1, 6, ''),
(1373, '2019-03-13', '1334', 12, 9, '900.00', 6, 5, 1, 1, 6, ''),
(1374, '2019-03-13', '1335', 12, 9, '900.00', 23, 5, 1, 1, 6, ''),
(1375, '2019-03-13', '1342', 13, 9, '900.00', 14, 5, 1, 1, 6, ''),
(1376, '2019-03-13', '1343', 13, 9, '900.00', 6, 5, 1, 1, 6, ''),
(1377, '2019-03-13', '1344', 13, 9, '900.00', 23, 5, 1, 1, 6, ''),
(1378, '2019-03-13', '1352', 14, 9, '900.00', 14, 5, 1, 1, 6, ''),
(1379, '2019-03-13', '1353', 14, 9, '900.00', 6, 5, 1, 1, 6, ''),
(1380, '2019-03-13', '1354', 14, 9, '900.00', 23, 5, 1, 1, 6, ''),
(1381, '2019-03-13', '1358', 10, 9, '900.00', 14, 5, 3, 1, 6, ''),
(1382, '2019-03-13', '1359', 10, 9, '900.00', 6, 5, 3, 1, 6, ''),
(1383, '2019-03-13', '1360', 10, 9, '900.00', 23, 5, 3, 1, 6, ''),
(1384, '2019-03-13', '1362', 11, 9, '900.00', 23, 5, 3, 1, 6, ''),
(1385, '2019-03-13', '1363', 11, 9, '900.00', 14, 5, 3, 1, 6, ''),
(1386, '2019-03-13', '1364', 11, 9, '900.00', 6, 5, 3, 1, 6, ''),
(1387, '2019-03-13', '1374', 12, 9, '900.00', 23, 5, 3, 1, 6, ''),
(1388, '2019-03-13', '1375', 12, 9, '900.00', 14, 5, 3, 1, 6, ''),
(1389, '2019-03-13', '1376', 12, 9, '900.00', 6, 5, 3, 1, 6, ''),
(1390, '2019-03-13', '1385', 13, 9, '900.00', 14, 5, 3, 1, 6, ''),
(1391, '2019-03-13', '1386', 13, 9, '900.00', 23, 5, 3, 1, 6, ''),
(1392, '2019-03-13', '1387', 13, 9, '900.00', 6, 5, 3, 1, 6, ''),
(1393, '2019-03-13', '1391', 14, 9, '900.00', 6, 5, 3, 1, 6, ''),
(1394, '2019-03-13', '1393', 14, 9, '900.00', 14, 5, 3, 1, 6, ''),
(1395, '2019-03-13', '1392', 14, 9, '900.00', 23, 5, 3, 1, 6, ''),
(1396, '2019-03-13', '1395', 10, 9, '900.00', 23, 5, 2, 1, 6, ''),
(1397, '2019-03-13', '1396', 10, 9, '900.00', 6, 5, 2, 1, 6, ''),
(1398, '2019-03-13', '1397', 10, 9, '900.00', 14, 5, 2, 1, 6, ''),
(1399, '2019-03-13', '1399', 11, 9, '900.00', 23, 5, 2, 1, 6, ''),
(1400, '2019-03-13', '1400', 11, 9, '900.00', 14, 5, 2, 1, 6, ''),
(1401, '2019-03-13', '1401', 11, 9, '900.00', 6, 5, 2, 1, 6, ''),
(1402, '2019-03-13', '1408', 12, 9, '900.00', 6, 5, 2, 1, 6, ''),
(1403, '2019-03-13', '1409', 12, 9, '900.00', 14, 5, 2, 1, 6, ''),
(1404, '2019-03-13', '1410', 12, 9, '900.00', 23, 5, 2, 1, 6, ''),
(1405, '2019-03-13', '1420', 13, 9, '900.00', 23, 5, 2, 1, 6, ''),
(1406, '2019-03-13', '1421', 13, 9, '900.00', 14, 5, 2, 1, 6, ''),
(1407, '2019-03-13', '1422', 13, 9, '900.00', 6, 5, 2, 1, 6, ''),
(1408, '2019-03-13', '1429', 14, 9, '900.00', 6, 5, 2, 1, 6, ''),
(1409, '2019-03-13', '1430', 14, 9, '900.00', 14, 5, 2, 1, 6, ''),
(1410, '2019-03-13', '1431', 14, 9, '900.00', 23, 5, 2, 1, 6, ''),
(1411, '2019-03-13', '1442', 11, 9, '900.00', 6, 5, 4, 1, 6, ''),
(1412, '2019-03-13', '1443', 11, 9, '900.00', 6, 5, 2, 1, 6, ''),
(1413, '2019-03-13', '1444', 11, 9, '900.00', 23, 5, 4, 1, 6, ''),
(1414, '2019-03-13', '1445', 11, 9, '900.00', 23, 5, 4, 1, 6, ''),
(1415, '2019-03-13', '1446', 11, 9, '900.00', 14, 5, 4, 1, 6, ''),
(1416, '2019-03-13', '1447', 11, 9, '900.00', 14, 5, 4, 1, 6, ''),
(1417, '2019-03-13', '1448', 11, 9, '900.00', 14, 5, 2, 1, 6, ''),
(1418, '2019-03-13', '1465', 12, 9, '900.00', 23, 5, 2, 1, 6, ''),
(1419, '2019-03-13', '1466', 12, 9, '900.00', 23, 5, 1, 1, 6, ''),
(1420, '2019-03-13', '1467', 12, 9, '900.00', 23, 5, 4, 0, 6, ''),
(1421, '2019-03-13', '1468', 12, 9, '900.00', 6, 5, 1, 1, 6, ''),
(1422, '2019-03-13', '1469', 12, 9, '900.00', 6, 5, 4, 1, 6, ''),
(1423, '2019-03-13', '1470', 12, 9, '900.00', 6, 5, 4, 0, 6, ''),
(1424, '2019-03-13', '1471', 12, 9, '900.00', 14, 5, 4, 0, 6, ''),
(1425, '2019-03-13', '1472', 12, 9, '900.00', 14, 5, 2, 1, 6, ''),
(1426, '2019-03-13', '1473', 12, 9, '900.00', 14, 5, 4, 1, 6, ''),
(1427, '2019-03-13', '1484', 13, 9, '900.00', 23, 5, 2, 1, 6, ''),
(1428, '2019-03-13', '1485', 13, 9, '900.00', 23, 5, 2, 1, 6, ''),
(1429, '2019-03-13', '1486', 13, 9, '900.00', 23, 5, 4, 0, 6, ''),
(1430, '2019-03-13', '1487', 13, 9, '900.00', 6, 5, 2, 1, 6, ''),
(1431, '2019-03-13', '1488', 13, 9, '900.00', 6, 5, 4, 0, 6, ''),
(1432, '2019-03-13', '1489', 13, 9, '900.00', 6, 5, 2, 1, 6, ''),
(1433, '2019-03-13', '1490', 13, 9, '900.00', 14, 5, 4, 0, 6, ''),
(1434, '2019-03-13', '1491', 13, 9, '900.00', 14, 5, 2, 1, 6, ''),
(1435, '2019-03-13', '1492', 13, 9, '900.00', 14, 5, 2, 1, 6, ''),
(1436, '2019-03-13', '1493', 14, 9, '900.00', 14, 5, 2, 1, 6, ''),
(1437, '2019-03-13', '1494', 14, 9, '900.00', 14, 5, 1, 1, 6, ''),
(1438, '2019-03-13', '1495', 14, 9, '900.00', 14, 5, 4, 0, 6, ''),
(1439, '2019-03-13', '1496', 14, 9, '900.00', 6, 5, 2, 1, 6, ''),
(1440, '2019-03-13', '1497', 14, 9, '900.00', 6, 5, 2, 1, 6, ''),
(1441, '2019-03-13', '1498', 14, 9, '900.00', 6, 5, 4, 0, 6, ''),
(1442, '2019-03-13', '1499', 14, 9, '900.00', 23, 5, 2, 1, 6, ''),
(1443, '2019-03-13', '1500', 14, 9, '900.00', 23, 5, 2, 1, 6, ''),
(1444, '2019-03-13', '1321', 10, 9, '900.00', 4, 4, 1, 1, 6, ''),
(1445, '2019-03-13', '1328', 11, 9, '900.00', 7, 4, 1, 1, 6, ''),
(1446, '2019-03-13', '1329', 11, 9, '900.00', 6, 4, 1, 1, 6, ''),
(1447, '2019-03-13', '1330', 11, 9, '900.00', 4, 4, 1, 1, 6, ''),
(1448, '2019-03-13', '1337', 12, 9, '900.00', 7, 4, 1, 1, 6, ''),
(1449, '2019-03-13', '1338', 12, 9, '900.00', 6, 4, 1, 1, 6, ''),
(1450, '2019-03-13', '1339', 12, 9, '900.00', 4, 4, 1, 1, 6, ''),
(1451, '2019-03-13', '1346', 13, 9, '900.00', 7, 4, 1, 1, 6, ''),
(1452, '2019-03-13', '1357', 14, 9, '900.00', 7, 4, 1, 1, 6, ''),
(1453, '2019-03-13', '1361', 10, 9, '900.00', 4, 4, 3, 1, 6, ''),
(1454, '2019-03-13', '1365', 11, 9, '900.00', 4, 4, 3, 1, 6, ''),
(1455, '2019-03-13', '1369', 11, 9, '900.00', 7, 4, 3, 1, 6, ''),
(1456, '2019-03-13', '1370', 11, 9, '900.00', 6, 4, 3, 1, 6, ''),
(1457, '2019-03-13', '1377', 12, 9, '900.00', 7, 4, 3, 1, 6, ''),
(1458, '2019-03-13', '1378', 12, 9, '900.00', 6, 4, 3, 1, 6, ''),
(1459, '2019-03-13', '1379', 12, 9, '900.00', 4, 4, 3, 1, 6, ''),
(1460, '2019-03-13', '1383', 13, 9, '900.00', 7, 4, 3, 1, 6, ''),
(1461, '2019-03-13', '1384', 13, 9, '900.00', 4, 4, 3, 1, 6, ''),
(1462, '2019-03-13', '1394', 14, 9, '900.00', 7, 4, 3, 1, 6, ''),
(1463, '2019-03-13', '1398', 10, 9, '900.00', 4, 4, 2, 1, 6, ''),
(1464, '2019-03-13', '1405', 11, 9, '900.00', 6, 4, 2, 1, 6, ''),
(1465, '2019-03-13', '1406', 11, 9, '900.00', 4, 4, 2, 1, 6, ''),
(1466, '2019-03-13', '1407', 11, 9, '900.00', 7, 4, 2, 1, 6, ''),
(1467, '2019-03-13', '1414', 12, 9, '900.00', 6, 4, 2, 1, 6, ''),
(1468, '2019-03-13', '1415', 12, 9, '900.00', 7, 4, 2, 1, 6, ''),
(1469, '2019-03-13', '1416', 12, 9, '900.00', 4, 4, 2, 1, 6, ''),
(1470, '2019-03-13', '1423', 13, 9, '900.00', 4, 4, 2, 1, 6, ''),
(1471, '2019-03-13', '1424', 13, 9, '900.00', 6, 4, 2, 1, 6, ''),
(1472, '2019-03-13', '1425', 13, 9, '900.00', 7, 4, 2, 1, 6, ''),
(1473, '2019-03-13', '1432', 14, 9, '900.00', 6, 4, 2, 1, 6, ''),
(1474, '2019-03-13', '1449', 11, 9, '900.00', 6, 4, 2, 1, 6, ''),
(1475, '2019-03-13', '1450', 11, 9, '900.00', 4, 4, 4, 1, 6, ''),
(1476, '2019-03-13', '1451', 11, 9, '900.00', 7, 4, 2, 1, 6, ''),
(1477, '2019-03-13', '1452', 11, 9, '900.00', 7, 4, 2, 1, 6, ''),
(1478, '2019-03-13', '1453', 11, 9, '900.00', 7, 4, 2, 1, 6, ''),
(1479, '2019-03-13', '1454', 11, 9, '900.00', 7, 4, 2, 1, 6, ''),
(1480, '2019-03-13', '1455', 11, 9, '900.00', 7, 4, 2, 1, 6, ''),
(1481, '2019-03-13', '1474', 12, 8, '900.00', 4, 4, 3, 1, 6, ''),
(1482, '2019-03-13', '1475', 12, 9, '900.00', 6, 4, 2, 1, 6, ''),
(1483, '2019-03-13', '1476', 12, 9, '900.00', 7, 4, 2, 1, 6, ''),
(1484, '2019-03-13', '1477', 12, 9, '900.00', 7, 4, 2, 1, 6, ''),
(1485, '2019-03-13', '1478', 12, 9, '900.00', 7, 4, 1, 1, 6, ''),
(1486, '2019-03-13', '1479', 12, 9, '900.00', 7, 4, 4, 1, 6, ''),
(1487, '2019-03-13', '1480', 12, 9, '900.00', 7, 4, 2, 1, 6, ''),
(1488, '2019-03-13', '1322', 11, 8, '1200.00', 11, 4, 1, 1, 6, ''),
(1489, '2019-03-13', '1323', 11, 8, '1200.00', 22, 4, 1, 1, 6, ''),
(1490, '2019-03-13', '1327', 11, 8, '1200.00', 4, 4, 1, 1, 6, ''),
(1491, '2019-03-13', '1331', 12, 8, '1200.00', 22, 4, 1, 1, 6, ''),
(1492, '2019-03-13', '1332', 12, 8, '1200.00', 11, 4, 1, 1, 6, ''),
(1493, '2019-03-13', '1336', 12, 8, '1200.00', 4, 4, 1, 1, 6, ''),
(1494, '2019-03-13', '1340', 13, 8, '1200.00', 22, 4, 1, 1, 6, ''),
(1495, '2019-03-13', '1341', 13, 8, '1200.00', 11, 4, 1, 1, 6, ''),
(1496, '2019-03-13', '1345', 13, 8, '1200.00', 4, 4, 1, 1, 6, ''),
(1497, '2019-03-13', '1349', 14, 8, '1200.00', 22, 4, 1, 1, 6, ''),
(1498, '2019-03-13', '1350', 14, 8, '1200.00', 11, 4, 1, 1, 6, ''),
(1499, '2019-03-13', '1366', 11, 8, '1200.00', 22, 4, 3, 1, 6, ''),
(1500, '2019-03-13', '1367', 11, 8, '1200.00', 11, 4, 3, 1, 6, ''),
(1501, '2019-03-13', '1368', 11, 8, '1200.00', 4, 4, 3, 1, 6, ''),
(1502, '2019-03-13', '1371', 12, 8, '1200.00', 4, 4, 3, 1, 6, ''),
(1503, '2019-03-13', '1382', 13, 8, '1200.00', 4, 4, 3, 1, 6, ''),
(1504, '2019-03-13', '1389', 14, 8, '1200.00', 4, 4, 3, 1, 6, ''),
(1505, '2019-03-13', '1402', 11, 8, '1200.00', 22, 4, 2, 1, 6, ''),
(1506, '2019-03-13', '1403', 11, 8, '1200.00', 4, 4, 2, 1, 6, ''),
(1507, '2019-03-13', '1404', 11, 8, '1200.00', 11, 4, 2, 1, 6, ''),
(1508, '2019-03-13', '1411', 12, 8, '1200.00', 11, 4, 2, 1, 6, ''),
(1509, '2019-03-13', '1412', 12, 8, '1200.00', 4, 4, 2, 1, 6, ''),
(1510, '2019-03-13', '1413', 12, 8, '1200.00', 22, 4, 2, 1, 6, ''),
(1511, '2019-03-13', '1417', 13, 8, '1200.00', 4, 4, 2, 1, 6, ''),
(1512, '2019-03-13', '1418', 13, 8, '1200.00', 11, 4, 2, 1, 6, ''),
(1513, '2019-03-13', '1419', 13, 8, '1200.00', 22, 4, 2, 1, 6, ''),
(1514, '2019-03-13', '1426', 14, 8, '1200.00', 11, 4, 2, 1, 6, ''),
(1515, '2019-03-13', '1427', 14, 8, '1200.00', 4, 4, 2, 1, 6, ''),
(1516, '2019-03-13', '1428', 14, 8, '1200.00', 22, 4, 2, 1, 6, ''),
(1517, '2019-03-13', '1433', 11, 8, '1200.00', 4, 4, 2, 1, 6, ''),
(1518, '2019-03-13', '1434', 11, 8, '1200.00', 4, 4, 4, 0, 6, ''),
(1519, '2019-03-13', '1435', 11, 8, '1200.00', 4, 4, 4, 0, 6, ''),
(1520, '2019-03-13', '1436', 11, 8, '1200.00', 22, 4, 2, 1, 6, ''),
(1521, '2019-03-13', '1437', 11, 8, '1200.00', 22, 4, 3, 1, 6, ''),
(1522, '2019-03-13', '1438', 11, 8, '1200.00', 22, 4, 2, 1, 6, ''),
(1523, '2019-03-13', '1439', 11, 8, '1200.00', 11, 4, 4, 0, 6, ''),
(1524, '2019-03-13', '1440', 11, 8, '1200.00', 11, 4, 4, 0, 6, ''),
(1525, '2019-03-13', '1441', 11, 8, '1200.00', 11, 4, 4, 0, 6, ''),
(1526, '2019-03-13', '1456', 12, 8, '1200.00', 22, 4, 2, 1, 6, ''),
(1527, '2019-03-13', '1457', 12, 8, '1200.00', 22, 4, 2, 1, 6, ''),
(1528, '2019-03-13', '1458', 12, 8, '1200.00', 22, 4, 2, 1, 6, ''),
(1529, '2019-03-13', '1459', 12, 8, '1200.00', 4, 4, 2, 1, 6, ''),
(1530, '2019-03-13', '1460', 12, 8, '1200.00', 4, 4, 2, 1, 6, ''),
(1531, '2019-03-13', '1461', 12, 8, '1200.00', 4, 4, 2, 1, 6, ''),
(1532, '2019-03-13', '1462', 12, 8, '1200.00', 11, 4, 2, 1, 6, ''),
(1533, '2019-03-13', '1463', 12, 8, '1200.00', 11, 4, 2, 1, 6, ''),
(1534, '2019-03-13', '1464', 12, 8, '1200.00', 11, 4, 2, 1, 6, ''),
(1535, '2019-03-13', '1481', 13, 8, '1200.00', 4, 4, 2, 1, 6, ''),
(1536, '2019-03-13', '1482', 13, 8, '1200.00', 4, 4, 2, 1, 6, ''),
(1537, '2019-03-13', '1483', 13, 8, '1200.00', 4, 4, 2, 1, 6, ''),
(1538, '2019-03-13', '1971', 12, 9, '900.00', 14, 5, 1, 1, 6, ''),
(1539, '2019-01-30', '8901', 13, 13, '1600.00', 26, 2, 2, 1, 20, ''),
(1540, '2019-01-30', '8902', 13, 13, '1600.00', 6, 2, 2, 1, 20, ''),
(1541, '2019-01-30', '8903', 13, 13, '1600.00', 6, 2, 2, 1, 20, ''),
(1542, '2019-01-30', '8904', 13, 13, '1600.00', 6, 2, 2, 1, 20, ''),
(1543, '2019-07-02', '8905', 12, 13, '1600.00', 6, 2, 2, 1, 20, ''),
(1544, '2019-07-02', '8906', 12, 13, '1600.00', 6, 2, 2, 1, 20, ''),
(1545, '2019-07-02', '8907', 12, 13, '1600.00', 6, 2, 2, 1, 20, ''),
(1546, '2019-07-02', '8908', 12, 13, '1600.00', 6, 2, 2, 0, 20, ''),
(1547, '2019-07-02', '8909', 12, 13, '1600.00', 6, 2, 2, 1, 20, ''),
(1548, '2019-07-02', '8910', 12, 13, '1600.00', 6, 2, 2, 1, 20, ''),
(1549, '2019-07-02', '8911', 12, 13, '1600.00', 6, 2, 2, 1, 20, ''),
(1550, '2019-07-02', '8912', 12, 13, '1600.00', 6, 2, 2, 1, 20, ''),
(1551, '2019-02-18', '8913', 9, 13, '1600.00', 27, 2, 2, 1, 20, ''),
(1552, '2019-02-18', '8914', 9, 13, '1600.00', 27, 2, 2, 1, 20, '');
INSERT INTO `productos` (`idproducto`, `fechaCod`, `codigo`, `idtalla`, `idtela`, `precio`, `idcolor`, `idcategoria`, `idsucursal`, `estado`, `lote`, `descripcion`) VALUES
(1553, '2019-02-18', '8915', 9, 13, '1600.00', 27, 2, 2, 1, 20, ''),
(1554, '2019-02-18', '8916', 9, 13, '1600.00', 6, 2, 3, 1, 20, ''),
(1555, '2019-02-18', '8917', 9, 13, '1600.00', 6, 2, 2, 1, 20, ''),
(1556, '2019-02-18', '8918', 9, 13, '1600.00', 6, 2, 2, 1, 20, ''),
(1557, '2019-02-18', '8919', 9, 13, '1600.00', 6, 2, 2, 1, 20, ''),
(1558, '2019-02-18', '8920', 9, 13, '1600.00', 6, 2, 2, 0, 20, ''),
(1559, '2019-02-18', '8921', 9, 13, '1600.00', 6, 2, 2, 0, 20, ''),
(1560, '2019-02-18', '8922', 9, 13, '1600.00', 26, 2, 2, 1, 20, ''),
(1561, '2019-02-18', '8923', 9, 13, '1600.00', 26, 2, 2, 1, 20, ''),
(1562, '2019-02-18', '8924', 9, 13, '1600.00', 26, 2, 2, 0, 20, ''),
(1563, '2019-02-18', '8925', 9, 13, '1600.00', 26, 2, 3, 1, 20, ''),
(1564, '2019-02-18', '8926', 9, 13, '1600.00', 26, 2, 2, 0, 20, ''),
(1565, '2019-02-18', '8927', 9, 13, '1600.00', 26, 2, 2, 1, 20, ''),
(1566, '2019-02-18', '8928', 10, 13, '1600.00', 27, 2, 2, 1, 20, ''),
(1567, '2019-02-18', '8929', 10, 13, '1600.00', 27, 2, 2, 1, 20, ''),
(1568, '2019-02-18', '8930', 10, 13, '1600.00', 27, 2, 2, 1, 20, ''),
(1569, '2019-02-18', '8931', 10, 13, '1600.00', 27, 2, 2, 1, 20, ''),
(1570, '2019-02-18', '8932', 11, 13, '1600.00', 6, 2, 2, 1, 20, ''),
(1571, '2019-02-18', '8933', 11, 13, '1600.00', 6, 2, 2, 0, 20, ''),
(1572, '2019-02-18', '8934', 11, 13, '1600.00', 6, 2, 2, 1, 20, ''),
(1573, '2019-02-18', '8934-1', 11, 13, '1600.00', 6, 2, 2, 1, 20, ''),
(1574, '2019-03-11', '8935', 12, 10, '650.00', 7, 2, 2, 1, 20, ''),
(1575, '2019-03-11', '8936', 11, 13, '1600.00', 26, 2, 3, 1, 20, ''),
(1576, '2019-03-11', '8937', 11, 13, '1600.00', 26, 2, 4, 0, 20, ''),
(1577, '2019-03-11', '8938', 11, 13, '1600.00', 26, 2, 4, 0, 20, ''),
(1578, '2019-03-11', '8939', 11, 13, '1600.00', 26, 2, 4, 0, 20, ''),
(1579, '2019-03-11', '8940', 11, 13, '1600.00', 26, 2, 4, 0, 20, ''),
(1580, '2019-03-11', '8941', 11, 13, '1600.00', 6, 2, 4, 0, 20, ''),
(1581, '2019-03-11', '8942', 11, 13, '1600.00', 6, 2, 4, 0, 20, ''),
(1582, '2019-03-11', '8943', 11, 13, '1600.00', 6, 2, 4, 0, 20, ''),
(1583, '2019-03-11', '8944', 11, 13, '1600.00', 6, 2, 3, 1, 20, ''),
(1584, '2019-03-11', '8945', 11, 13, '1600.00', 6, 2, 4, 1, 20, ''),
(1585, '2019-03-11', '8946', 10, 13, '1600.00', 6, 2, 4, 1, 20, ''),
(1586, '2019-03-11', '8947', 10, 13, '1600.00', 6, 2, 4, 1, 20, ''),
(1587, '2019-03-11', '8948', 10, 13, '1600.00', 6, 2, 4, 1, 20, ''),
(1588, '2019-03-11', '8949', 10, 13, '1600.00', 6, 2, 4, 1, 20, ''),
(1589, '2019-03-11', '8950', 10, 13, '1600.00', 6, 2, 4, 1, 20, ''),
(1590, '2019-03-11', '8951', 10, 13, '1600.00', 6, 2, 4, 1, 20, ''),
(1591, '2019-03-11', '8952', 10, 13, '1600.00', 6, 2, 4, 1, 20, ''),
(1592, '2019-03-21', '8953', 11, 13, '1600.00', 27, 2, 4, 1, 20, ''),
(1593, '2019-03-21', '8954', 11, 13, '1600.00', 27, 2, 4, 1, 20, ''),
(1594, '2019-03-21', '8955', 11, 13, '1600.00', 27, 1, 2, 1, 20, ''),
(1595, '2019-03-21', '8956', 11, 13, '1600.00', 27, 2, 4, 1, 20, ''),
(1596, '2019-03-21', '8957', 11, 13, '1600.00', 27, 2, 4, 0, 20, ''),
(1597, '2019-03-21', '8958', 11, 13, '1600.00', 6, 2, 4, 0, 20, ''),
(1598, '2019-03-21', '8959', 11, 13, '1600.00', 6, 2, 4, 1, 20, ''),
(1599, '2019-03-21', '8960', 11, 13, '1600.00', 6, 2, 4, 1, 20, ''),
(1600, '2019-03-21', '8961', 11, 13, '1600.00', 6, 2, 4, 0, 20, ''),
(1601, '2019-03-21', '8962', 10, 13, '1600.00', 26, 2, 4, 0, 20, ''),
(1602, '2019-03-21', '8963', 10, 13, '1600.00', 26, 2, 4, 0, 20, ''),
(1603, '2019-03-21', '8964', 10, 13, '1600.00', 26, 2, 3, 1, 20, ''),
(1604, '2019-03-21', '8965', 10, 13, '1600.00', 26, 2, 4, 0, 20, ''),
(1605, '2019-03-21', '8966', 10, 13, '1600.00', 26, 2, 4, 0, 20, ''),
(1606, '2019-03-21', '8967', 10, 13, '1600.00', 26, 2, 4, 1, 20, ''),
(1607, '2019-03-21', '8968', 10, 13, '1600.00', 27, 2, 4, 0, 20, ''),
(1608, '2019-03-21', '8969', 10, 13, '1600.00', 27, 2, 3, 1, 20, ''),
(1609, '2019-03-21', '8970', 10, 13, '1600.00', 6, 2, 4, 0, 20, ''),
(1610, '2019-03-21', '8971', 10, 13, '1600.00', 6, 2, 4, 0, 20, ''),
(1611, '2019-03-21', '8972', 10, 13, '1600.00', 6, 2, 3, 1, 20, ''),
(1612, '2019-03-21', '8973', 10, 13, '1600.00', 6, 2, 4, 1, 20, ''),
(1613, '2019-03-21', '8974', 10, 13, '1600.00', 6, 2, 4, 1, 20, ''),
(1614, '2019-04-05', '8975', 11, 13, '1600.00', 27, 2, 4, 1, 20, ''),
(1615, '2019-04-05', '8976', 11, 13, '1600.00', 27, 2, 4, 0, 20, ''),
(1616, '2019-04-05', '8977', 11, 13, '1600.00', 27, 2, 3, 1, 20, ''),
(1617, '2019-04-05', '8978', 10, 13, '1600.00', 6, 2, 4, 1, 20, ''),
(1618, '2019-04-05', '8979', 10, 13, '1600.00', 6, 1, 4, 0, 20, ''),
(1619, '2019-04-05', '8980', 10, 13, '1600.00', 6, 2, 3, 0, 20, ''),
(1620, '2019-04-05', '8981', 10, 10, '1200.00', 6, 2, 2, 1, 3, ''),
(1621, '2019-04-05', '8982', 10, 10, '1200.00', 6, 2, 2, 1, 3, ''),
(1622, '2019-04-05', '8983', 10, 10, '1200.00', 6, 2, 2, 1, 3, ''),
(1623, '2019-04-05', '8984', 10, 10, '1200.00', 25, 2, 2, 1, 3, ''),
(1624, '2019-04-05', '8985', 10, 10, '1200.00', 25, 2, 2, 1, 3, ''),
(1625, '2019-04-05', '8986', 10, 10, '1200.00', 25, 2, 2, 1, 3, ''),
(1626, '2019-04-05', '8987', 10, 10, '1200.00', 6, 2, 2, 1, 3, ''),
(1627, '2019-04-05', '8988', 11, 10, '1200.00', 6, 2, 2, 1, 3, ''),
(1628, '2019-04-05', '8989', 12, 10, '1200.00', 6, 2, 2, 1, 3, ''),
(1629, '2019-04-05', '8990', 15, 10, '1200.00', 25, 2, 1, 1, 3, ''),
(1630, '2019-04-05', '8991', 15, 10, '1200.00', 6, 2, 1, 1, 3, ''),
(1631, '2019-04-05', '8992', 9, 10, '1200.00', 6, 2, 1, 1, 3, ''),
(1632, '2019-04-05', '8993', 9, 10, '1200.00', 25, 2, 1, 1, 3, ''),
(1633, '2019-04-05', '8994', 10, 10, '1200.00', 6, 2, 1, 1, 3, ''),
(1634, '2019-04-05', '8995', 10, 10, '1200.00', 6, 2, 1, 1, 3, ''),
(1635, '2019-04-05', '8996', 10, 10, '1200.00', 6, 2, 1, 1, 3, ''),
(1636, '2019-04-05', '8997', 10, 10, '1200.00', 25, 2, 1, 1, 3, ''),
(1637, '2019-04-05', '8998', 10, 10, '1200.00', 25, 2, 1, 1, 3, ''),
(1638, '2019-04-05', '8999', 10, 10, '1200.00', 6, 2, 1, 1, 3, ''),
(1639, '2019-04-05', '9000', 11, 10, '1200.00', 6, 2, 1, 1, 3, ''),
(1640, '2019-04-05', '9001', 11, 10, '1200.00', 6, 2, 1, 1, 3, ''),
(1641, '2019-04-05', '9002', 11, 10, '1200.00', 25, 2, 1, 1, 3, ''),
(1642, '2019-04-05', '9003', 11, 10, '1200.00', 25, 2, 1, 1, 3, ''),
(1643, '2019-04-05', '9004', 12, 10, '1200.00', 6, 2, 1, 1, 3, ''),
(1644, '2019-04-05', '9005', 15, 10, '1200.00', 6, 2, 3, 1, 3, ''),
(1645, '2019-04-05', '9006', 15, 10, '1200.00', 25, 2, 3, 1, 3, ''),
(1646, '2019-04-05', '9007', 9, 10, '1200.00', 6, 2, 3, 1, 3, ''),
(1647, '2019-04-05', '9008', 9, 10, '1200.00', 25, 2, 3, 1, 3, ''),
(1648, '2019-04-05', '9009', 10, 10, '1200.00', 6, 2, 3, 1, 3, ''),
(1649, '2019-04-05', '9010', 10, 10, '1200.00', 6, 2, 3, 1, 3, ''),
(1650, '2019-04-05', '9011', 10, 10, '1200.00', 6, 2, 3, 1, 3, ''),
(1651, '2019-04-05', '9012', 10, 10, '1200.00', 25, 2, 3, 1, 3, ''),
(1652, '2019-04-05', '9013', 10, 10, '1200.00', 25, 2, 3, 1, 3, ''),
(1653, '2019-04-05', '9014', 11, 10, '1200.00', 6, 2, 3, 1, 3, ''),
(1654, '2019-04-05', '9015', 11, 10, '1200.00', 6, 2, 3, 1, 3, ''),
(1655, '2019-04-05', '9016', 11, 10, '1200.00', 6, 2, 3, 1, 3, ''),
(1656, '2019-04-05', '9017', 11, 10, '1200.00', 25, 2, 3, 1, 3, ''),
(1657, '2019-04-05', '9018', 11, 10, '1200.00', 25, 2, 3, 1, 3, ''),
(1658, '2019-04-05', '9019', 12, 10, '1200.00', 6, 2, 3, 1, 3, ''),
(1659, '2019-04-05', '9020', 15, 10, '1200.00', 6, 2, 2, 1, 3, ''),
(1660, '2019-04-05', '9021', 15, 10, '1200.00', 25, 2, 2, 1, 3, ''),
(1661, '2019-04-05', '9022', 9, 10, '1200.00', 6, 2, 2, 1, 3, ''),
(1662, '2019-04-05', '9023', 9, 10, '1200.00', 25, 2, 2, 1, 3, ''),
(1663, '2019-04-05', '9024', 10, 10, '1200.00', 6, 2, 2, 2, 3, ''),
(1664, '2019-04-05', '9025', 10, 10, '1200.00', 6, 2, 2, 1, 3, ''),
(1665, '2019-04-05', '9026', 10, 10, '1200.00', 6, 2, 2, 1, 3, ''),
(1666, '2019-04-05', '9027', 10, 10, '1200.00', 25, 2, 2, 1, 3, ''),
(1667, '2019-04-05', '9028', 10, 10, '1200.00', 25, 2, 2, 1, 3, ''),
(1668, '2019-04-05', '9029', 11, 10, '1200.00', 6, 2, 2, 1, 3, ''),
(1669, '2019-04-05', '9030', 11, 10, '1200.00', 6, 2, 2, 1, 3, ''),
(1670, '2019-04-05', '9031', 11, 10, '1200.00', 6, 2, 2, 1, 3, ''),
(1671, '2019-04-05', '9032', 11, 10, '1200.00', 25, 2, 2, 1, 3, ''),
(1672, '2019-04-05', '9033', 11, 10, '1200.00', 25, 2, 2, 1, 3, ''),
(1673, '2019-04-05', '9034', 12, 10, '1200.00', 6, 2, 2, 1, 3, ''),
(1674, '2019-04-05', '9035', 13, 10, '1200.00', 6, 2, 2, 1, 3, ''),
(1675, '2019-03-13', '2101', 14, 9, '900.00', 23, 5, 2, 1, 6, ''),
(1676, '2019-02-28', '5488', 1, 1, '250.00', 4, 1, 4, 1, 11, ''),
(1677, '2019-02-28', '5489', 2, 1, '250.00', 6, 1, 4, 1, 11, ''),
(1678, '2019-02-28', '5490', 2, 1, '250.00', 6, 1, 4, 1, 11, ''),
(1679, '2019-02-28', '5491', 2, 1, '250.00', 6, 1, 4, 1, 11, ''),
(1680, '2019-02-28', '5492', 2, 1, '250.00', 6, 1, 4, 1, 11, ''),
(1681, '2019-02-28', '5493', 2, 1, '250.00', 5, 1, 4, 1, 11, ''),
(1682, '2019-02-28', '5494', 2, 1, '250.00', 5, 1, 4, 1, 11, ''),
(1683, '2019-02-28', '5495', 2, 1, '250.00', 4, 1, 4, 1, 11, ''),
(1684, '2019-02-28', '5496', 2, 1, '250.00', 4, 1, 4, 1, 11, ''),
(1685, '2019-02-28', '5497', 2, 1, '250.00', 4, 1, 4, 1, 11, ''),
(1686, '2019-02-28', '5498', 2, 1, '250.00', 4, 1, 4, 1, 11, ''),
(1687, '2019-02-28', '5499', 2, 1, '250.00', 4, 1, 4, 1, 11, ''),
(1688, '2019-02-28', '5500', 2, 1, '250.00', 4, 1, 4, 1, 11, ''),
(1689, '2019-02-28', '5501', 2, 1, '250.00', 4, 1, 4, 1, 11, ''),
(1690, '2019-02-28', '5502', 2, 1, '250.00', 4, 1, 4, 1, 11, ''),
(1691, '2019-02-28', '5503', 2, 1, '250.00', 4, 1, 4, 1, 11, ''),
(1692, '2019-02-28', '5504', 2, 1, '250.00', 4, 1, 4, 1, 11, ''),
(1693, '2019-02-28', '5505', 2, 1, '250.00', 4, 1, 4, 1, 11, ''),
(1694, '2019-02-28', '5506', 2, 1, '250.00', 4, 1, 4, 1, 11, ''),
(1695, '2019-02-28', '5507', 2, 1, '250.00', 4, 1, 4, 1, 11, ''),
(1696, '2019-02-28', '5508', 2, 1, '250.00', 4, 1, 4, 1, 11, ''),
(1697, '2019-02-28', '5509', 2, 1, '250.00', 4, 1, 4, 1, 11, ''),
(1698, '2019-02-28', '5510', 2, 1, '250.00', 4, 1, 4, 1, 11, ''),
(1699, '2019-02-28', '5511', 2, 1, '250.00', 4, 1, 4, 1, 11, ''),
(1700, '2019-02-28', '5512', 2, 1, '250.00', 4, 1, 4, 1, 11, ''),
(1701, '2019-02-28', '5513', 2, 1, '250.00', 4, 1, 4, 1, 11, ''),
(1702, '2019-02-28', '5514', 2, 1, '250.00', 4, 1, 4, 1, 11, ''),
(1703, '2019-02-28', '5515', 2, 1, '250.00', 4, 1, 4, 1, 11, ''),
(1704, '2019-02-28', '5516', 2, 1, '250.00', 4, 1, 4, 1, 11, ''),
(1705, '2019-02-28', '5517', 2, 1, '250.00', 4, 1, 4, 1, 11, ''),
(1706, '2019-02-28', '5518', 2, 1, '250.00', 4, 1, 4, 1, 11, ''),
(1707, '2019-02-28', '5519', 2, 1, '250.00', 4, 1, 4, 1, 11, ''),
(1708, '2019-02-28', '5520', 2, 1, '250.00', 4, 1, 4, 1, 11, ''),
(1709, '2019-02-28', '5521', 2, 1, '250.00', 4, 1, 4, 1, 11, ''),
(1710, '2019-02-28', '5522', 3, 1, '250.00', 6, 1, 4, 1, 11, ''),
(1711, '2019-02-28', '5523', 3, 1, '250.00', 6, 1, 4, 1, 11, ''),
(1712, '2019-02-28', '5524', 3, 1, '250.00', 5, 1, 4, 1, 11, ''),
(1713, '2019-02-28', '5525', 3, 1, '250.00', 5, 1, 4, 1, 11, ''),
(1714, '2019-02-28', '5526', 3, 1, '250.00', 4, 1, 4, 1, 11, ''),
(1715, '2019-02-28', '5527', 3, 1, '250.00', 4, 1, 4, 1, 11, ''),
(1716, '2019-02-28', '5528', 3, 1, '250.00', 4, 1, 4, 1, 11, ''),
(1717, '2019-02-28', '5529', 3, 1, '250.00', 4, 1, 4, 1, 11, ''),
(1718, '2019-02-28', '5530', 3, 1, '250.00', 4, 1, 4, 1, 11, ''),
(1719, '2019-02-28', '5531', 3, 1, '250.00', 4, 1, 4, 1, 11, ''),
(1720, '2019-02-28', '5532', 3, 1, '250.00', 4, 1, 4, 1, 11, ''),
(1721, '2019-02-28', '5533', 3, 1, '250.00', 4, 1, 4, 1, 11, ''),
(1722, '2019-02-28', '5534', 3, 1, '250.00', 4, 1, 4, 1, 11, ''),
(1723, '2019-02-28', '5535', 3, 1, '250.00', 4, 1, 4, 1, 11, ''),
(1724, '2019-02-28', '5536', 3, 1, '250.00', 4, 1, 4, 1, 11, ''),
(1725, '2019-02-28', '5537', 3, 1, '250.00', 4, 1, 4, 1, 11, ''),
(1726, '2019-02-28', '5538', 3, 1, '250.00', 4, 1, 4, 1, 11, ''),
(1727, '2019-02-28', '5539', 3, 1, '250.00', 4, 1, 4, 1, 11, ''),
(1728, '2019-02-28', '5540', 3, 1, '250.00', 4, 1, 4, 1, 11, ''),
(1729, '2019-02-28', '5541', 3, 1, '250.00', 4, 1, 4, 1, 11, ''),
(1730, '2019-02-28', '5542', 4, 1, '250.00', 5, 1, 4, 1, 11, ''),
(1731, '2019-02-28', '5543', 4, 1, '250.00', 5, 1, 4, 1, 11, ''),
(1732, '2019-02-28', '5544', 4, 1, '250.00', 4, 1, 4, 1, 11, ''),
(1733, '2019-02-28', '5545', 4, 1, '250.00', 4, 1, 4, 1, 11, ''),
(1734, '2019-02-28', '5546', 4, 1, '250.00', 4, 1, 4, 1, 11, ''),
(1735, '2019-02-28', '5547', 4, 1, '250.00', 4, 1, 4, 1, 11, ''),
(1736, '2019-02-28', '5548', 4, 1, '250.00', 4, 1, 4, 1, 11, ''),
(1737, '2019-02-28', '5549', 4, 1, '250.00', 4, 1, 4, 1, 11, ''),
(1738, '2019-02-28', '5550', 4, 1, '250.00', 4, 1, 4, 1, 11, ''),
(1739, '2019-02-28', '5551', 4, 1, '250.00', 4, 1, 4, 1, 11, ''),
(1740, '2019-02-28', '5552', 4, 1, '250.00', 4, 1, 4, 1, 11, ''),
(1741, '2019-02-28', '5553', 4, 1, '250.00', 4, 1, 4, 1, 11, ''),
(1742, '2019-02-28', '5554', 5, 1, '250.00', 4, 1, 4, 1, 11, ''),
(1743, '2019-02-28', '5555', 5, 1, '250.00', 4, 1, 4, 1, 11, ''),
(1744, '2019-02-28', '5556', 5, 1, '250.00', 4, 1, 4, 1, 11, ''),
(1745, '2019-02-28', '5557', 4, 1, '250.00', 5, 1, 4, 1, 11, ''),
(1746, '2019-03-11', '5558', 5, 2, '250.00', 17, 1, 2, 1, 11, ''),
(1747, '2019-03-11', '5559', 3, 2, '250.00', 3, 1, 2, 1, 10, ''),
(1748, '2019-04-04', '5568', 1, 1, '250.00', 8, 1, 1, 1, 11, ''),
(1749, '2019-04-04', '5569', 2, 1, '250.00', 8, 1, 1, 1, 11, ''),
(1750, '2019-04-04', '5570', 2, 1, '250.00', 8, 1, 1, 1, 11, ''),
(1751, '2019-04-04', '5571', 3, 1, '250.00', 8, 1, 1, 1, 11, ''),
(1752, '2019-04-04', '5572', 4, 1, '250.00', 8, 1, 1, 1, 11, ''),
(1753, '2019-04-04', '5573', 5, 1, '250.00', 8, 1, 1, 1, 11, ''),
(1754, '2019-04-04', '5574', 5, 1, '250.00', 8, 1, 1, 1, 11, ''),
(1755, '2019-04-04', '5575', 1, 1, '250.00', 17, 1, 2, 1, 11, ''),
(1756, '2019-04-04', '5576', 2, 1, '250.00', 17, 1, 2, 1, 11, ''),
(1757, '2019-04-04', '5577', 2, 1, '250.00', 17, 1, 2, 1, 11, ''),
(1758, '2019-04-04', '5578', 3, 1, '250.00', 17, 1, 2, 1, 11, ''),
(1759, '2019-04-04', '5579', 3, 1, '250.00', 17, 1, 2, 1, 11, ''),
(1760, '2019-04-04', '5580', 4, 1, '250.00', 17, 1, 2, 1, 11, ''),
(1761, '2019-04-04', '5581', 5, 1, '250.00', 17, 1, 2, 1, 11, ''),
(1762, '2019-04-04', '5563', 1, 1, '250.00', 17, 1, 3, 1, 11, ''),
(1763, '2019-04-04', '5564', 2, 1, '250.00', 17, 1, 3, 1, 11, ''),
(1764, '2019-04-04', '5565', 3, 1, '250.00', 17, 1, 3, 1, 11, ''),
(1765, '2019-04-04', '5566', 4, 1, '250.00', 17, 1, 3, 1, 11, ''),
(1766, '2019-04-04', '5567', 5, 1, '250.00', 17, 1, 3, 1, 11, ''),
(1767, '2018-04-13', '1292', 15, 20, '250.00', 27, 3, 1, 1, 8, ''),
(1768, '2019-03-07', '1498', 19, 20, '350.00', 7, 3, 2, 1, 2, ''),
(1769, '2019-03-07', '1499', 20, 20, '350.00', 7, 3, 2, 1, 2, ''),
(1770, '2019-03-07', '1601', 20, 20, '350.00', 7, 3, 2, 1, 2, ''),
(1771, '2019-03-07', '1602', 15, 20, '350.00', 7, 3, 2, 1, 2, ''),
(1772, '2019-03-07', '1603', 15, 20, '350.00', 7, 3, 2, 1, 2, ''),
(1773, '2019-03-07', '1604', 9, 20, '350.00', 7, 3, 2, 1, 2, ''),
(1774, '2019-03-07', '1605', 20, 20, '350.00', 7, 3, 2, 1, 2, ''),
(1775, '2019-03-07', '1606', 15, 20, '350.00', 7, 3, 2, 1, 2, ''),
(1776, '2019-03-07', '1607', 9, 20, '350.00', 7, 3, 2, 1, 2, ''),
(1777, '2019-03-07', '1608', 10, 20, '350.00', 7, 3, 2, 1, 2, ''),
(1778, '2019-03-07', '1609', 20, 13, '350.00', 6, 3, 2, 1, 2, ''),
(1779, '2019-03-07', '1610', 20, 13, '350.00', 6, 3, 2, 1, 2, ''),
(1780, '2019-03-07', '1611', 15, 13, '350.00', 6, 3, 2, 1, 2, ''),
(1781, '2019-03-07', '1612', 15, 13, '350.00', 6, 3, 2, 1, 2, ''),
(1782, '2019-03-07', '1613', 9, 13, '350.00', 6, 3, 2, 1, 2, ''),
(1783, '2019-03-07', '1614', 9, 13, '350.00', 6, 3, 2, 1, 2, ''),
(1784, '2019-03-07', '1615', 10, 13, '350.00', 6, 3, 2, 1, 2, ''),
(1785, '2019-03-07', '1616', 10, 13, '350.00', 6, 3, 2, 1, 2, ''),
(1786, '2019-03-07', '1617', 19, 13, '350.00', 25, 3, 2, 1, 2, ''),
(1787, '2019-03-07', '1618', 19, 13, '350.00', 25, 3, 2, 1, 2, ''),
(1788, '2019-03-07', '1619', 20, 13, '350.00', 25, 3, 2, 1, 2, ''),
(1789, '2019-03-07', '1620', 20, 13, '350.00', 25, 3, 2, 1, 2, ''),
(1790, '2019-03-07', '1621', 15, 13, '350.00', 25, 3, 2, 1, 2, ''),
(1791, '2019-03-07', '1622', 15, 13, '350.00', 25, 3, 2, 1, 2, ''),
(1792, '2019-03-07', '1623', 9, 13, '350.00', 25, 3, 2, 1, 2, ''),
(1793, '2019-03-07', '1624', 9, 13, '350.00', 25, 3, 2, 1, 2, ''),
(1794, '2019-03-07', '1625', 10, 13, '350.00', 25, 3, 2, 1, 2, ''),
(1795, '2019-03-07', '1626', 10, 13, '350.00', 25, 3, 2, 1, 2, ''),
(1796, '2019-03-07', '1627', 20, 20, '350.00', 7, 1, 3, 1, 2, ''),
(1797, '2019-03-07', '1628', 15, 20, '350.00', 7, 3, 2, 1, 2, ''),
(1798, '2019-03-07', '1629', 9, 20, '350.00', 7, 1, 3, 1, 2, ''),
(1799, '2019-03-07', '1630', 19, 20, '350.00', 7, 3, 3, 1, 2, ''),
(1800, '2019-03-07', '1631', 20, 20, '350.00', 7, 3, 3, 1, 2, ''),
(1801, '2019-03-07', '1632', 19, 13, '350.00', 25, 3, 4, 1, 2, ''),
(1802, '2019-03-07', '1633', 19, 13, '350.00', 6, 3, 4, 1, 2, ''),
(1803, '2019-03-07', '1634', 19, 13, '350.00', 6, 3, 4, 1, 2, ''),
(1804, '2019-03-07', '1635', 19, 13, '350.00', 6, 3, 4, 1, 2, ''),
(1805, '2019-03-07', '1636', 20, 13, '350.00', 25, 3, 4, 1, 2, ''),
(1806, '2019-03-07', '1637', 20, 13, '350.00', 6, 3, 4, 1, 2, ''),
(1807, '2019-03-07', '1638', 20, 13, '350.00', 6, 3, 4, 1, 2, ''),
(1808, '2019-03-07', '1639', 20, 13, '350.00', 6, 3, 4, 1, 2, ''),
(1809, '2019-03-07', '1640', 20, 13, '350.00', 6, 3, 4, 1, 2, ''),
(1810, '2019-03-07', '1641', 15, 13, '350.00', 25, 3, 4, 1, 2, ''),
(1811, '2019-03-07', '1642', 15, 13, '350.00', 6, 3, 4, 1, 2, ''),
(1812, '2019-03-07', '1643', 15, 13, '350.00', 6, 3, 4, 1, 2, ''),
(1813, '2019-03-07', '1644', 15, 13, '350.00', 6, 3, 4, 1, 2, ''),
(1814, '2019-03-07', '1645', 15, 13, '350.00', 6, 3, 4, 1, 2, ''),
(1815, '2019-03-07', '1646', 9, 20, '350.00', 6, 3, 4, 1, 2, ''),
(1816, '2019-03-07', '1647', 9, 20, '350.00', 6, 3, 4, 1, 2, ''),
(1817, '2019-03-07', '1648', 9, 20, '350.00', 25, 3, 4, 1, 2, ''),
(1818, '2019-03-07', '1649', 9, 20, '350.00', 25, 3, 4, 1, 2, ''),
(1819, '2019-03-07', '1650', 15, 20, '350.00', 25, 3, 4, 1, 2, ''),
(1820, '2019-03-07', '1655', 15, 20, '350.00', 25, 3, 4, 1, 2, ''),
(1821, '2019-03-07', '1656', 15, 20, '350.00', 25, 3, 4, 1, 2, ''),
(1822, '2019-03-07', '1657', 20, 20, '350.00', 25, 3, 4, 1, 2, ''),
(1823, '2019-03-07', '1658', 20, 20, '350.00', 25, 3, 4, 1, 2, ''),
(1824, '2019-03-07', '1659', 20, 20, '350.00', 25, 3, 4, 1, 2, ''),
(1825, '2019-02-18', '803', 17, 18, '120.00', 17, 9, 3, 1, 25, ''),
(1826, '2019-02-18', '809', 17, 18, '120.00', 17, 9, 3, 1, 25, ''),
(1827, '2019-02-18', '832', 17, 18, '120.00', 17, 9, 3, 1, 25, ''),
(1828, '2019-02-18', '830', 17, 18, '120.00', 17, 9, 3, 1, 25, ''),
(1829, '2019-02-18', '847', 17, 18, '120.00', 17, 9, 3, 1, 25, ''),
(1830, '2019-02-18', '828', 17, 18, '120.00', 17, 9, 3, 1, 25, ''),
(1831, '2019-02-18', '807', 17, 18, '120.00', 17, 9, 3, 1, 25, ''),
(1832, '2019-02-18', '806', 17, 18, '120.00', 17, 9, 3, 1, 25, ''),
(1833, '2019-02-18', '800', 17, 18, '120.00', 17, 9, 3, 1, 25, ''),
(1834, '2019-02-18', '801', 17, 18, '120.00', 17, 9, 3, 1, 25, ''),
(1835, '2019-02-18', '848', 17, 18, '120.00', 17, 9, 3, 1, 25, ''),
(1836, '2019-02-18', '820', 17, 18, '120.00', 17, 9, 3, 1, 25, ''),
(1837, '2019-02-18', '835', 17, 18, '120.00', 17, 9, 3, 1, 25, ''),
(1838, '2019-02-18', '817', 17, 18, '120.00', 17, 9, 3, 1, 25, ''),
(1839, '2019-02-18', '819', 17, 18, '120.00', 17, 9, 3, 1, 25, ''),
(1840, '2019-02-18', '838', 17, 18, '120.00', 17, 9, 3, 1, 25, ''),
(1841, '2018-10-11', '1244', 14, 8, '1200.00', 22, 4, 1, 1, 15, ''),
(1842, '2019-04-01', '3152', 4, 2, '250.00', 4, 1, 3, 1, 14, ''),
(1843, '2019-04-01', '3140', 5, 8, '250.00', 17, 1, 3, 1, 14, ''),
(1844, '2019-04-01', '3051', 2, 8, '250.00', 17, 1, 3, 1, 14, ''),
(1845, '2019-04-01', '3129', 3, 8, '250.00', 17, 1, 3, 1, 14, ''),
(1846, '2018-11-29', '8690', 9, 10, '800.00', 25, 2, 1, 1, 21, ''),
(1847, '2018-11-29', '8687', 9, 10, '800.00', 25, 2, 1, 1, 21, ''),
(1848, '2018-11-29', '8822', 13, 10, '800.00', 25, 2, 1, 1, 21, ''),
(1849, '2018-11-29', '8800', 10, 10, '800.00', 6, 2, 1, 1, 21, ''),
(1850, '2018-11-24', '8855', 10, 10, '800.00', 11, 2, 1, 1, 21, ''),
(1851, '2018-11-24', '8689', 9, 10, '800.00', 25, 2, 1, 1, 21, ''),
(1852, '2017-07-24', '4288', 1, 2, '250.00', 14, 1, 2, 1, 10, ''),
(1853, '2018-11-27', '5301', 1, 2, '250.00', 3, 1, 2, 1, 10, ''),
(1854, '2017-11-27', '4839', 1, 2, '250.00', 1, 1, 2, 1, 10, ''),
(1855, '2018-11-27', '5285', 1, 2, '250.00', 3, 1, 2, 1, 10, ''),
(1856, '2017-11-27', '4810', 1, 2, '250.00', 3, 1, 2, 1, 10, ''),
(1857, '2017-11-27', '4807', 1, 2, '250.00', 3, 1, 2, 1, 10, ''),
(1858, '2017-11-27', '4534', 1, 2, '250.00', 3, 1, 2, 1, 10, ''),
(1859, '2018-11-24', '5249', 2, 2, '250.00', 3, 1, 2, 1, 10, ''),
(1860, '2018-11-24', '5254', 2, 2, '250.00', 3, 1, 2, 1, 10, ''),
(1861, '2018-11-24', '5281', 2, 2, '250.00', 3, 1, 2, 1, 10, ''),
(1862, '2018-11-24', '5247', 2, 2, '250.00', 3, 1, 2, 1, 10, ''),
(1863, '2017-11-24', '4815', 2, 2, '250.00', 3, 1, 2, 1, 10, ''),
(1864, '2017-11-24', '4820', 2, 2, '250.00', 3, 1, 2, 1, 10, ''),
(1865, '2018-11-24', '5271', 2, 2, '250.00', 3, 1, 2, 1, 10, ''),
(1866, '2018-11-24', '5332', 2, 2, '250.00', 16, 1, 2, 1, 10, ''),
(1867, '2017-11-24', '4742', 2, 2, '250.00', 3, 1, 2, 1, 10, ''),
(1868, '2018-11-24', '5160', 2, 2, '250.00', 27, 1, 2, 1, 10, ''),
(1869, '2017-11-24', '4736', 2, 2, '250.00', 10, 1, 2, 1, 10, ''),
(1870, '2017-11-24', '4748', 2, 2, '250.00', 3, 1, 2, 1, 10, ''),
(1871, '2017-11-24', '4540', 2, 2, '250.00', 3, 1, 2, 1, 10, ''),
(1872, '2018-11-24', '5278', 2, 2, '250.00', 3, 1, 2, 1, 10, ''),
(1873, '2018-11-24', '5330', 2, 2, '250.00', 16, 1, 2, 1, 10, ''),
(1874, '2018-11-24', '5331', 2, 2, '250.00', 16, 1, 2, 1, 10, ''),
(1875, '2018-11-24', '5348', 2, 2, '250.00', 3, 1, 2, 1, 10, ''),
(1876, '2018-11-24', '5120', 2, 2, '250.00', 3, 1, 2, 1, 10, ''),
(1877, '2017-11-24', '4754', 3, 2, '250.00', 3, 1, 2, 1, 10, ''),
(1878, '2017-11-24', '4755', 3, 2, '250.00', 3, 1, 2, 1, 10, ''),
(1879, '2017-11-24', '4564', 3, 2, '250.00', 3, 1, 2, 1, 10, ''),
(1880, '2017-11-24', '4559', 3, 2, '250.00', 3, 1, 2, 1, 10, ''),
(1881, '2017-11-24', '4860', 3, 2, '250.00', 12, 1, 2, 1, 10, ''),
(1882, '2018-11-24', '5311', 3, 2, '250.00', 3, 1, 2, 1, 10, ''),
(1883, '2018-11-24', '5287', 3, 2, '250.00', 3, 1, 2, 1, 10, ''),
(1884, '2017-11-30', '4728', 3, 2, '250.00', 1, 1, 2, 1, 10, ''),
(1885, '2017-11-30', '4729', 3, 2, '250.00', 1, 1, 2, 1, 10, ''),
(1886, '2018-11-30', '5334', 3, 2, '250.00', 16, 1, 2, 1, 10, ''),
(1887, '2017-11-30', '4750', 3, 2, '250.00', 3, 1, 2, 1, 10, ''),
(1888, '2017-11-30', '4749', 3, 2, '250.00', 3, 1, 2, 1, 10, ''),
(1889, '2018-11-30', '5312', 3, 2, '250.00', 3, 1, 2, 1, 10, ''),
(1890, '2018-11-27', '5318', 4, 2, '250.00', 3, 1, 2, 1, 4, ''),
(1891, '2018-11-27', '5319', 4, 2, '250.00', 3, 1, 2, 1, 4, ''),
(1892, '2018-11-27', '5321', 4, 2, '250.00', 3, 1, 2, 1, 4, ''),
(1893, '2018-11-27', '5302', 5, 2, '250.00', 3, 1, 2, 1, 4, ''),
(1894, '2017-11-27', '4273', 5, 2, '250.00', 14, 1, 2, 1, 4, ''),
(1895, '2018-11-27', '5307', 6, 2, '250.00', 3, 1, 2, 1, 4, ''),
(1896, '2018-11-27', '5344', 6, 2, '250.00', 16, 1, 2, 1, 4, ''),
(1897, '2018-10-29', '5108', 1, 1, '250.00', 5, 1, 2, 1, 11, ''),
(1898, '2018-10-29', '5172', 1, 1, '250.00', 4, 1, 2, 1, 11, ''),
(1899, '2017-10-29', '4702', 2, 1, '250.00', 6, 1, 2, 1, 11, ''),
(1900, '2018-10-29', '5180', 2, 1, '250.00', 4, 1, 2, 1, 11, ''),
(1901, '2018-10-29', '5177', 2, 1, '250.00', 4, 1, 2, 1, 11, ''),
(1902, '2018-10-29', '5188', 3, 1, '250.00', 4, 1, 2, 1, 11, ''),
(1903, '2018-10-29', '5185', 3, 1, '250.00', 4, 1, 2, 1, 11, ''),
(1904, '2018-10-29', '5087', 3, 1, '250.00', 5, 1, 2, 1, 11, ''),
(1905, '2018-10-29', '5094', 4, 1, '250.00', 5, 1, 2, 1, 11, ''),
(1906, '2018-10-29', '5093', 4, 1, '250.00', 5, 1, 2, 1, 11, ''),
(1907, '2017-10-29', '4707', 3, 1, '250.00', 6, 1, 2, 1, 11, ''),
(1908, '2017-10-29', '4709', 3, 1, '250.00', 6, 1, 2, 1, 11, ''),
(1909, '2017-10-29', '4710', 3, 1, '250.00', 6, 1, 2, 1, 11, ''),
(1910, '2017-10-29', '4713', 3, 1, '250.00', 6, 1, 2, 1, 11, ''),
(1911, '2017-11-29', '4582', 3, 2, '250.00', 8, 1, 2, 1, 12, ''),
(1912, '2017-11-29', '4838', 3, 2, '250.00', 8, 1, 2, 1, 12, ''),
(1913, '2016-07-18', '3573', 1, 2, '250.00', 17, 1, 2, 1, 12, ''),
(1914, '2016-07-18', '3587', 2, 2, '250.00', 17, 1, 2, 1, 12, ''),
(1915, '2016-07-18', '3585', 2, 2, '250.00', 17, 1, 2, 1, 12, ''),
(1916, '2016-07-18', '4209', 4, 2, '250.00', 17, 1, 2, 1, 12, ''),
(1917, '2017-11-29', '4567', 1, 2, '250.00', 17, 1, 2, 1, 12, ''),
(1918, '2018-11-29', '5006', 2, 2, '250.00', 8, 1, 2, 1, 12, ''),
(1919, '2018-11-29', '5006', 4, 2, '250.00', 8, 1, 2, 1, 12, ''),
(1920, '2018-07-04', '4974', 2, 2, '250.00', 8, 1, 2, 1, 12, ''),
(1921, '2018-07-04', '4975', 2, 2, '250.00', 8, 1, 2, 1, 12, ''),
(1922, '2018-07-04', '5061', 2, 2, '250.00', 8, 1, 2, 1, 12, ''),
(1923, '2018-07-04', '4988', 3, 2, '250.00', 8, 1, 2, 1, 12, ''),
(1924, '2018-07-04', '5000', 3, 2, '250.00', 8, 1, 2, 1, 12, ''),
(1925, '2018-07-04', '2461', 3, 2, '250.00', 8, 1, 2, 1, 12, ''),
(1926, '2018-07-04', '5069', 3, 2, '250.00', 8, 1, 2, 1, 12, ''),
(1927, '2018-07-04', '5011', 4, 2, '250.00', 8, 1, 2, 1, 12, ''),
(1928, '2019-03-11', '5558', 5, 2, '250.00', 8, 1, 2, 1, 12, ''),
(1929, '2017-03-11', '4100', 6, 2, '250.00', 8, 1, 2, 1, 12, ''),
(1930, '2018-10-29', '5091', 3, 1, '250.00', 1, 1, 2, 1, 11, ''),
(1931, '2018-10-29', '5092', 4, 1, '250.00', 1, 1, 2, 1, 11, ''),
(1932, '2018-10-29', '5100', 2, 1, '250.00', 1, 1, 2, 1, 11, ''),
(1933, '2018-10-29', '5107', 2, 1, '250.00', 1, 1, 2, 1, 11, ''),
(1934, '2018-11-27', '5263', 2, 2, '250.00', 3, 1, 2, 1, 10, ''),
(1935, '2018-11-27', '5283', 1, 2, '250.00', 3, 1, 2, 1, 10, ''),
(1936, '2019-04-04', '5583', 2, 2, '250.00', 3, 1, 2, 1, 10, ''),
(1937, '2019-04-04', '5584', 2, 2, '250.00', 3, 1, 2, 1, 10, ''),
(1938, '2019-04-04', '5584', 5, 2, '250.00', 3, 1, 2, 1, 10, ''),
(1939, '2019-04-04', '5585', 6, 2, '250.00', 3, 1, 2, 1, 10, ''),
(1940, '2019-04-04', '5582', 2, 2, '250.00', 3, 1, 2, 1, 10, ''),
(1941, '2017-11-30', '4628', 4, 2, '250.00', 7, 1, 2, 1, 10, ''),
(1942, '2017-11-30', '4613', 2, 2, '250.00', 7, 1, 2, 1, 10, ''),
(1943, '2017-11-30', '4682', 3, 2, '250.00', 6, 1, 2, 1, 10, ''),
(1944, '2017-11-30', '4676', 3, 2, '250.00', 6, 1, 2, 1, 10, ''),
(1945, '2017-07-22', '4272', 2, 2, '250.00', 14, 1, 2, 1, 10, ''),
(1946, '2018-11-27', '5290', 2, 2, '250.00', 3, 1, 2, 1, 10, ''),
(1947, '2018-07-04', '5040', 4, 2, '200.00', 17, 1, 2, 1, 13, ''),
(1948, '2018-07-04', '5048', 5, 2, '200.00', 17, 1, 2, 1, 13, ''),
(1949, '2018-07-04', '5050', 5, 2, '200.00', 17, 1, 2, 1, 13, ''),
(1950, '2017-01-18', '4137', 6, 2, '200.00', 17, 1, 2, 1, 13, ''),
(1951, '2017-01-18', '4140', 6, 2, '200.00', 17, 1, 2, 1, 13, ''),
(1952, '2018-07-04', '5031', 3, 2, '200.00', 17, 1, 2, 1, 13, ''),
(1953, '2018-07-04', '5029', 2, 2, '200.00', 17, 1, 2, 1, 13, ''),
(1954, '2018-07-04', '5030', 3, 2, '200.00', 17, 1, 2, 1, 13, ''),
(1955, '2018-07-04', '5019', 1, 2, '200.00', 17, 1, 2, 1, 13, ''),
(1956, '2018-07-04', '5039', 2, 2, '200.00', 17, 1, 2, 1, 13, ''),
(1957, '2016-11-09', '3962', 1, 2, '200.00', 17, 1, 2, 1, 24, ''),
(1958, '2016-11-09', '3959', 1, 2, '200.00', 17, 1, 2, 1, 24, ''),
(1959, '2017-01-10', '4102', 6, 2, '200.00', 17, 1, 2, 1, 13, ''),
(1960, '2017-01-11', '4118', 3, 2, '200.00', 17, 1, 2, 1, 13, ''),
(1961, '2015-12-17', '2942', 6, 2, '200.00', 17, 1, 2, 1, 24, ''),
(1962, '2019-07-06', '3558', 6, 2, '200.00', 17, 1, 2, 1, 24, ''),
(1963, '2019-07-06', '3560', 6, 2, '200.00', 17, 1, 2, 1, 24, ''),
(1964, '2018-07-31', '574', 17, 17, '120.00', 4, 9, 2, 1, 25, ''),
(1965, '2018-07-31', '581', 17, 17, '120.00', 27, 9, 2, 1, 25, ''),
(1966, '2017-07-31', '567', 1, 17, '120.00', 28, 9, 2, 1, 25, ''),
(1967, '2018-07-31', '502', 1, 17, '120.00', 6, 9, 2, 1, 25, ''),
(1968, '2018-07-31', '538', 1, 17, '120.00', 4, 9, 2, 1, 25, ''),
(1969, '2017-11-27', '181', 1, 17, '120.00', 12, 9, 2, 1, 25, ''),
(1970, '2017-11-27', '513', 1, 17, '120.00', 1, 9, 2, 1, 25, ''),
(1971, '2019-02-18', '841', 1, 17, '120.00', 10, 9, 2, 2, 25, ''),
(1972, '2018-07-31', '499', 1, 17, '120.00', 6, 9, 2, 1, 25, ''),
(1973, '2019-02-18', '824', 1, 17, '120.00', 16, 9, 2, 1, 25, ''),
(1974, '2019-02-18', '808', 1, 17, '120.00', 10, 9, 2, 1, 25, ''),
(1975, '2019-02-18', '845', 1, 17, '120.00', 1, 9, 2, 1, 25, ''),
(1976, '2019-02-18', '823', 1, 17, '120.00', 10, 9, 2, 1, 25, ''),
(1977, '2019-02-18', '825', 1, 17, '120.00', 6, 9, 2, 1, 25, ''),
(1978, '2019-02-18', '816', 1, 17, '120.00', 7, 9, 2, 1, 25, ''),
(1979, '2018-07-31', '485', 1, 17, '120.00', 7, 9, 2, 1, 25, ''),
(1980, '2017-01-20', '009', 1, 17, '120.00', 7, 9, 2, 1, 25, ''),
(1981, '2019-02-18', '812', 1, 17, '120.00', 1, 9, 2, 1, 25, ''),
(1982, '2018-07-31', '463', 1, 17, '120.00', 1, 9, 2, 1, 25, ''),
(1983, '2019-07-31', '818', 1, 17, '120.00', 6, 9, 2, 1, 25, ''),
(1984, '2019-07-31', '815', 1, 17, '120.00', 10, 9, 2, 1, 25, ''),
(1985, '2019-07-31', '532', 1, 17, '120.00', 1, 9, 2, 1, 25, ''),
(1986, '2018-07-31', '482', 1, 17, '120.00', 5, 9, 2, 1, 25, ''),
(1987, '2019-01-24', '747', 1, 17, '120.00', 5, 9, 2, 1, 25, ''),
(1988, '2019-01-24', '431', 1, 17, '120.00', 7, 9, 2, 1, 25, ''),
(1989, '2019-01-24', '539', 1, 17, '120.00', 7, 9, 2, 1, 25, ''),
(1990, '2018-07-31', '656', 1, 17, '120.00', 7, 9, 2, 1, 25, ''),
(1991, '2017-11-21', '014', 1, 17, '120.00', 7, 9, 2, 1, 25, ''),
(1992, '2019-02-18', '804', 1, 17, '120.00', 27, 9, 2, 1, 25, ''),
(1993, '2018-07-31', '546', 1, 17, '120.00', 10, 9, 2, 1, 25, ''),
(1994, '2019-02-18', '814', 1, 17, '120.00', 6, 9, 2, 1, 25, ''),
(1995, '2019-02-18', '834', 1, 17, '120.00', 10, 9, 2, 1, 25, ''),
(1996, '2019-02-18', '827', 1, 17, '120.00', 7, 9, 2, 1, 25, ''),
(1997, '2019-02-18', '799', 1, 17, '120.00', 14, 9, 2, 1, 25, ''),
(1998, '2018-07-31', '597', 1, 17, '120.00', 7, 9, 2, 1, 25, ''),
(1999, '2018-07-31', '651', 1, 17, '120.00', 25, 9, 2, 1, 25, ''),
(2000, '2018-07-31', '544', 1, 17, '120.00', 7, 9, 2, 1, 25, ''),
(2001, '2018-07-31', '503', 1, 17, '120.00', 6, 9, 2, 1, 25, ''),
(2002, '2018-07-31', '608', 1, 17, '120.00', 6, 9, 2, 1, 25, ''),
(2003, '2018-06-23', '358', 1, 17, '120.00', 6, 9, 2, 1, 25, ''),
(2004, '2017-11-23', '095', 1, 17, '120.00', 5, 9, 2, 1, 25, ''),
(2005, '2018-04-04', '346', 1, 17, '120.00', 25, 9, 2, 1, 25, ''),
(2006, '2018-03-01', '319', 1, 17, '120.00', 25, 9, 2, 1, 25, ''),
(2007, '2017-11-27', '144', 1, 17, '120.00', 4, 9, 2, 1, 25, ''),
(2008, '2018-06-23', '361', 1, 17, '120.00', 25, 9, 2, 1, 25, ''),
(2009, '2017-11-30', '4732', 3, 2, '250.00', 1, 1, 2, 1, 10, ''),
(2010, '2018-11-24', '5248', 2, 2, '250.00', 3, 1, 1, 1, 10, ''),
(2011, '2017-07-31', '493', 1, 17, '120.00', 4, 9, 2, 1, 25, ''),
(2012, '2019-02-18', '796', 1, 17, '120.00', 25, 9, 2, 1, 25, ''),
(2013, '2019-02-18', '465', 1, 17, '120.00', 27, 9, 2, 1, 25, ''),
(2014, '2018-03-01', '321', 1, 17, '120.00', 4, 9, 2, 1, 25, ''),
(2015, '2018-03-01', '582', 1, 17, '120.00', 4, 9, 2, 1, 25, ''),
(2016, '2018-03-01', '497', 1, 17, '120.00', 7, 9, 2, 1, 25, ''),
(2017, '2018-03-01', '562', 1, 17, '120.00', 25, 9, 2, 1, 25, ''),
(2018, '2018-03-01', '506', 1, 17, '120.00', 25, 9, 2, 1, 25, ''),
(2019, '2018-03-01', '136', 1, 17, '120.00', 25, 9, 2, 1, 25, ''),
(2020, '2018-03-01', '476', 1, 17, '120.00', 1, 9, 2, 1, 25, ''),
(2021, '2018-03-01', '487', 1, 17, '120.00', 6, 9, 2, 1, 25, ''),
(2022, '2018-03-01', '450', 1, 17, '120.00', 1, 9, 2, 1, 25, ''),
(2023, '2018-03-31', '639', 1, 17, '120.00', 6, 9, 2, 1, 25, ''),
(2024, '2018-03-31', '5985', 1, 17, '120.00', 6, 9, 2, 1, 25, ''),
(2025, '2018-03-31', '433', 1, 17, '120.00', 11, 9, 2, 1, 25, ''),
(2026, '2018-03-31', '317', 1, 17, '120.00', 11, 9, 2, 1, 25, ''),
(2027, '2018-03-31', '563', 1, 17, '120.00', 7, 9, 2, 1, 25, ''),
(2028, '2017-11-27', '142', 1, 17, '120.00', 6, 9, 2, 1, 25, ''),
(2029, '2018-03-01', '335', 1, 18, '70.00', 5, 9, 2, 1, 26, ''),
(2030, '2017-11-21', '013', 1, 18, '70.00', 5, 9, 2, 1, 26, ''),
(2031, '2017-11-21', '854', 1, 18, '70.00', 5, 9, 2, 1, 26, ''),
(2032, '2019-02-18', '862', 1, 18, '70.00', 7, 9, 2, 1, 26, ''),
(2033, '2019-02-18', '861', 1, 18, '70.00', 7, 9, 2, 1, 26, ''),
(2034, '2019-02-18', '6554', 1, 18, '70.00', 7, 9, 2, 1, 26, ''),
(2035, '2019-02-18', '6908', 1, 18, '70.00', 7, 9, 2, 1, 26, ''),
(2036, '2019-02-18', '6337', 1, 18, '70.00', 7, 9, 2, 1, 26, ''),
(2037, '2019-02-18', '6613', 1, 18, '70.00', 7, 9, 2, 1, 26, ''),
(2038, '2018-03-01', '342', 1, 18, '70.00', 14, 9, 2, 1, 26, ''),
(2039, '2017-11-20', '002', 1, 18, '70.00', 23, 9, 2, 1, 26, ''),
(2040, '2017-11-20', '6440', 1, 18, '70.00', 27, 9, 2, 1, 26, ''),
(2041, '2017-11-20', '6770', 1, 18, '70.00', 27, 9, 2, 1, 26, ''),
(2042, '2017-11-20', '6631', 1, 18, '70.00', 25, 9, 2, 1, 26, ''),
(2043, '2017-11-20', '6446', 1, 18, '70.00', 25, 9, 2, 1, 26, ''),
(2044, '2017-11-20', '6620', 1, 18, '70.00', 25, 9, 2, 1, 26, ''),
(2045, '2017-11-20', '6892', 1, 18, '70.00', 11, 9, 2, 1, 26, ''),
(2046, '2017-11-20', '6560', 1, 18, '70.00', 6, 9, 2, 1, 26, ''),
(2047, '2017-11-20', '6844', 1, 18, '70.00', 6, 9, 2, 1, 26, ''),
(2048, '2017-11-20', '6609', 1, 18, '70.00', 6, 9, 2, 1, 26, ''),
(2049, '2017-11-20', '5951', 1, 18, '70.00', 5, 9, 2, 1, 26, ''),
(2050, '2017-11-20', '6439', 1, 18, '70.00', 16, 9, 2, 1, 26, ''),
(2051, '2017-11-20', '6797', 1, 18, '70.00', 28, 9, 2, 1, 26, ''),
(2052, '2017-11-20', '6798', 1, 18, '70.00', 10, 9, 2, 1, 26, ''),
(2053, '2018-11-06', '8451', 15, 8, '1600.00', 25, 2, 2, 1, 20, ''),
(2054, '2018-11-06', '8502', 15, 8, '1600.00', 6, 2, 2, 1, 20, ''),
(2055, '2018-11-06', '8485', 9, 8, '1600.00', 6, 2, 2, 1, 20, ''),
(2056, '2018-11-06', '8416', 9, 8, '1600.00', 26, 2, 2, 1, 20, ''),
(2057, '2018-11-06', '8452', 9, 8, '1600.00', 25, 2, 2, 1, 20, ''),
(2058, '2017-11-06', '7934', 9, 8, '1600.00', 25, 2, 2, 1, 20, ''),
(2059, '2018-11-06', '8428', 9, 8, '1600.00', 25, 2, 2, 1, 20, ''),
(2060, '2018-11-06', '8423', 10, 8, '1600.00', 26, 2, 2, 1, 20, ''),
(2061, '2018-11-06', '8533', 10, 8, '1600.00', 26, 2, 2, 1, 20, ''),
(2062, '2018-11-06', '8529', 10, 8, '1600.00', 26, 2, 2, 1, 20, ''),
(2063, '2015-12-22', '6519', 12, 8, '1600.00', 25, 2, 2, 1, 17, ''),
(2064, '2018-10-12', '8556', 11, 15, '1600.00', 27, 2, 2, 1, 20, ''),
(2065, '2018-10-12', '8559', 11, 15, '1600.00', 27, 2, 2, 1, 20, ''),
(2066, '2018-11-12', '8570', 11, 13, '1600.00', 7, 2, 2, 1, 20, ''),
(2067, '2018-11-12', '8598', 11, 13, '1600.00', 7, 2, 2, 1, 20, ''),
(2068, '2018-12-04', '7948', 11, 12, '1600.00', 6, 2, 2, 1, 20, ''),
(2069, '2018-12-04', '7946', 11, 12, '1600.00', 6, 2, 2, 1, 20, ''),
(2070, '2018-06-11', '8402', 11, 8, '1600.00', 6, 2, 2, 1, 20, ''),
(2071, '2018-06-11', '8516', 11, 8, '1600.00', 6, 2, 2, 1, 20, ''),
(2072, '2018-06-11', '8514', 11, 8, '1600.00', 6, 2, 2, 1, 20, ''),
(2073, '2019-03-21', '8515', 11, 8, '1600.00', 26, 2, 3, 1, 20, ''),
(2074, '2019-03-11', '8945', 11, 13, '1600.00', 6, 2, 2, 1, 20, ''),
(2075, '2019-03-11', '8869', 12, 13, '1600.00', 27, 2, 2, 1, 20, ''),
(2076, '2018-11-12', '8569', 12, 13, '1600.00', 7, 2, 2, 1, 20, ''),
(2077, '2018-11-12', '8484', 12, 8, '1600.00', 7, 2, 2, 1, 20, ''),
(2078, '2017-12-28', '8044', 12, 8, '1600.00', 6, 2, 2, 1, 20, ''),
(2079, '2018-06-11', '8363', 12, 8, '1600.00', 26, 2, 2, 1, 20, ''),
(2080, '2018-06-11', '8364', 12, 8, '1600.00', 26, 2, 2, 1, 20, ''),
(2081, '2018-06-11', '8409', 12, 8, '1600.00', 6, 2, 2, 1, 20, ''),
(2082, '2018-06-11', '8523', 12, 8, '1600.00', 6, 2, 2, 1, 20, ''),
(2083, '2018-12-13', '8875', 12, 13, '1600.00', 6, 2, 2, 1, 20, ''),
(2084, '2016-12-05', '7213', 12, 8, '1600.00', 25, 2, 2, 1, 20, ''),
(2085, '2016-12-05', '7921', 12, 12, '1600.00', 25, 2, 2, 2, 20, ''),
(2086, '2017-09-20', '7519', 12, 12, '1600.00', 25, 2, 2, 1, 20, ''),
(2087, '2019-01-30', '8898', 13, 13, '1600.00', 27, 2, 2, 1, 20, ''),
(2088, '2019-01-30', '8895', 13, 13, '1600.00', 27, 2, 2, 1, 20, ''),
(2089, '2018-06-11', '8459', 13, 8, '1600.00', 7, 2, 2, 1, 20, ''),
(2090, '2017-12-04', '8013', 13, 8, '1600.00', 6, 2, 2, 1, 20, ''),
(2091, '2016-12-05', '7133', 13, 8, '1600.00', 6, 2, 2, 1, 20, ''),
(2092, '2019-11-30', '8901', 13, 13, '1600.00', 26, 2, 2, 1, 20, ''),
(2093, '2018-06-11', '8512', 13, 8, '1600.00', 6, 2, 2, 1, 20, ''),
(2094, '0018-06-12', '8526', 13, 8, '1600.00', 6, 2, 2, 1, 20, ''),
(2095, '0018-06-11', '8387', 13, 8, '1600.00', 6, 2, 2, 1, 20, ''),
(2096, '2019-11-30', '8904', 13, 13, '1600.00', 6, 2, 2, 1, 20, ''),
(2097, '2017-11-28', '7913', 13, 13, '1600.00', 25, 2, 2, 1, 20, ''),
(2098, '2019-01-30', '8888', 14, 13, '1600.00', 26, 2, 2, 1, 20, ''),
(2099, '2019-01-30', '8890', 14, 13, '1600.00', 6, 2, 2, 1, 20, ''),
(2100, '2016-12-05', '7277', 15, 8, '1600.00', 7, 1, 2, 1, 17, ''),
(2101, '2016-12-05', '7278', 15, 8, '1600.00', 7, 1, 2, 1, 17, ''),
(2102, '2016-12-03', '7037', 15, 8, '1600.00', 6, 2, 2, 1, 17, ''),
(2103, '2016-02-24', '6807', 9, 8, '1600.00', 25, 2, 2, 1, 17, ''),
(2104, '2018-02-23', '8072', 10, 13, '1600.00', 7, 2, 2, 1, 17, ''),
(2105, '2018-06-09', '8175', 10, 8, '1600.00', 7, 2, 2, 1, 17, ''),
(2106, '2018-06-09', '8979', 10, 13, '1600.00', 6, 2, 2, 1, 17, ''),
(2107, '2017-02-10', '7497', 10, 8, '1600.00', 25, 2, 2, 1, 17, ''),
(2108, '2017-12-04', '7942', 11, 8, '1600.00', 7, 2, 2, 1, 17, ''),
(2109, '2018-09-21', '8135', 11, 8, '1600.00', 7, 2, 2, 1, 17, ''),
(2110, '2016-12-04', '8001', 11, 8, '1600.00', 6, 2, 2, 1, 17, ''),
(2111, '2018-05-21', '8145', 11, 13, '1600.00', 6, 2, 2, 1, 17, ''),
(2112, '2016-12-03', '7017', 11, 8, '1600.00', 6, 2, 2, 1, 17, ''),
(2113, '2018-11-07', '8548', 11, 12, '1600.00', 27, 2, 2, 1, 17, ''),
(2114, '2016-12-11', '7336', 11, 12, '1600.00', 25, 2, 2, 1, 17, ''),
(2115, '2018-01-15', '8055', 12, 12, '1600.00', 7, 2, 2, 1, 17, ''),
(2116, '2017-12-28', '8035', 12, 12, '1600.00', 7, 2, 2, 1, 17, ''),
(2117, '2017-12-04', '7938', 11, 8, '1600.00', 7, 2, 2, 1, 17, ''),
(2118, '2018-06-09', '8185', 12, 8, '1600.00', 7, 2, 2, 1, 17, ''),
(2119, '2018-06-09', '8183', 12, 8, '1600.00', 7, 2, 2, 1, 17, ''),
(2120, '2019-02-07', '8908', 12, 13, '1600.00', 6, 2, 2, 1, 32, ''),
(2121, '2015-12-08', '8040', 12, 8, '1600.00', 6, 2, 2, 1, 32, ''),
(2122, '2016-12-05', '7366', 12, 8, '1600.00', 6, 2, 2, 1, 32, ''),
(2123, '2014-11-25', '6519', 12, 8, '1600.00', 25, 2, 2, 1, 32, ''),
(2124, '2016-12-05', '7307', 12, 8, '1600.00', 25, 2, 2, 1, 32, ''),
(2125, '2016-12-05', '7311', 12, 8, '1600.00', 25, 2, 2, 1, 32, ''),
(2126, '2018-07-31', '8544', 12, 12, '1600.00', 27, 2, 2, 1, 32, ''),
(2127, '2016-12-03', '7027', 13, 8, '1600.00', 7, 2, 2, 1, 32, ''),
(2128, '2015-01-12', '8010', 13, 12, '1600.00', 7, 2, 2, 1, 32, ''),
(2129, '2016-12-05', '7373', 13, 12, '1600.00', 6, 2, 2, 1, 32, ''),
(2130, '2018-06-09', '8162', 13, 8, '1600.00', 7, 2, 2, 1, 32, ''),
(2131, '2016-12-05', '7433', 13, 12, '1600.00', 6, 2, 2, 1, 32, ''),
(2132, '2016-12-05', '7318', 13, 12, '1600.00', 25, 2, 2, 1, 32, ''),
(2133, '2016-12-05', '7317', 13, 12, '1600.00', 25, 2, 2, 1, 32, ''),
(2134, '2018-06-09', '8172', 14, 8, '1600.00', 7, 2, 2, 1, 32, ''),
(2135, '2018-07-27', '8114', 14, 13, '1600.00', 7, 2, 2, 1, 32, ''),
(2136, '2018-11-07', '8551', 14, 12, '1600.00', 7, 2, 2, 1, 32, ''),
(2137, '2018-06-09', '8164', 13, 8, '1600.00', 7, 2, 2, 1, 32, ''),
(2138, '2019-02-18', '8124', 11, 13, '1600.00', 25, 2, 3, 1, 33, ''),
(2139, '2019-02-18', '8437', 11, 8, '1600.00', 25, 2, 3, 1, 33, ''),
(2140, '2019-02-18', '8864', 12, 13, '1600.00', 26, 2, 3, 1, 33, ''),
(2141, '2018-02-18', '7944', 11, 12, '1600.00', 6, 2, 3, 1, 33, ''),
(2142, '2018-06-09', '8441', 12, 12, '1600.00', 7, 2, 3, 1, 32, ''),
(2143, '2018-06-09', '8181', 11, 12, '1600.00', 7, 2, 3, 1, 32, ''),
(2144, '2018-06-09', '8178', 10, 12, '1600.00', 7, 2, 3, 1, 32, ''),
(2145, '2018-06-09', '8184', 12, 12, '1600.00', 7, 2, 3, 1, 32, ''),
(2146, '2018-06-09', '8180', 11, 12, '1600.00', 7, 2, 3, 1, 32, ''),
(2147, '2018-06-09', '8163', 13, 12, '1600.00', 7, 2, 3, 1, 32, ''),
(2148, '2018-06-09', '8980', 10, 13, '1600.00', 6, 2, 3, 1, 32, ''),
(2149, '2017-08-25', '1139', 10, 11, '1200.00', 7, 1, 2, 1, 32, ''),
(2150, '2017-08-25', '1143', 10, 11, '1200.00', 7, 4, 2, 1, 32, ''),
(2151, '2017-08-25', '1142', 10, 11, '1200.00', 7, 4, 2, 2, 32, ''),
(2152, '2017-08-25', '1148', 11, 11, '1200.00', 7, 4, 2, 1, 32, ''),
(2153, '2017-08-25', '1144', 11, 11, '1200.00', 7, 4, 2, 1, 32, ''),
(2154, '2017-08-25', '1147', 11, 11, '1200.00', 7, 4, 2, 1, 32, ''),
(2155, '2017-08-25', '1153', 12, 11, '1200.00', 7, 4, 2, 1, 32, ''),
(2156, '2017-08-25', '1163', 9, 11, '1200.00', 4, 4, 2, 1, 32, ''),
(2157, '2017-08-25', '1170', 10, 11, '1200.00', 4, 4, 2, 1, 32, ''),
(2158, '2017-08-25', '1028', 10, 12, '1200.00', 25, 4, 2, 1, 32, ''),
(2159, '2016-07-20', '0817', 10, 12, '1200.00', 25, 4, 2, 1, 32, ''),
(2160, '2017-07-25', '1022', 9, 12, '1200.00', 25, 4, 2, 1, 32, ''),
(2161, '2017-07-25', '1024', 9, 12, '1200.00', 25, 4, 2, 1, 32, ''),
(2162, '2017-08-25', '0985', 9, 12, '1200.00', 6, 4, 2, 1, 32, ''),
(2163, '2017-08-25', '0995', 10, 12, '1200.00', 6, 4, 2, 1, 32, ''),
(2164, '2017-07-14', '0976', 10, 12, '1200.00', 6, 4, 2, 1, 32, ''),
(2165, '2017-07-14', '0982', 10, 12, '1200.00', 6, 4, 2, 1, 32, ''),
(2166, '2017-07-14', '0974', 10, 12, '1200.00', 6, 4, 2, 1, 32, ''),
(2167, '2017-08-25', '1037', 11, 12, '1200.00', 25, 4, 2, 1, 32, ''),
(2168, '2017-06-27', '0954', 11, 12, '1200.00', 6, 4, 2, 1, 32, ''),
(2169, '2016-11-11', '6960', 11, 12, '1200.00', 4, 4, 2, 1, 32, ''),
(2170, '2017-07-27', '0955', 11, 12, '1200.00', 6, 4, 2, 1, 32, ''),
(2171, '2017-06-27', '0953', 13, 12, '1200.00', 6, 4, 2, 1, 32, ''),
(2172, '2017-06-27', '0951', 13, 12, '1200.00', 6, 4, 2, 1, 32, ''),
(2173, '2016-04-19', '0700', 14, 12, '1200.00', 25, 4, 2, 1, 32, ''),
(2174, '2015-02-20', '6236', 13, 12, '1200.00', 7, 4, 2, 1, 32, ''),
(2175, '2017-08-25', '1052', 13, 12, '1200.00', 25, 4, 2, 1, 32, ''),
(2176, '2017-08-25', '1055', 13, 12, '1200.00', 25, 4, 2, 1, 32, ''),
(2177, '2018-06-11', '1214', 13, 8, '1200.00', 24, 4, 2, 1, 32, ''),
(2178, '2018-06-11', '1209', 12, 8, '1200.00', 24, 4, 2, 1, 32, ''),
(2179, '2016-07-19', '3605', 1, 2, '250.00', 17, 1, 1, 1, 31, ''),
(2180, '2018-12-31', '0743', 17, 18, '70.00', 10, 11, 2, 1, 28, ''),
(2181, '2018-12-31', '6420', 17, 18, '70.00', 6, 11, 2, 1, 28, ''),
(2182, '2017-11-27', '0157', 17, 18, '70.00', 7, 11, 2, 1, 28, ''),
(2183, '2017-11-27', '6812', 17, 18, '70.00', 7, 11, 2, 1, 28, ''),
(2184, '2018-02-08', '0313', 17, 18, '70.00', 23, 11, 2, 1, 28, ''),
(2185, '2018-01-30', '0310', 17, 18, '70.00', 5, 11, 2, 1, 28, ''),
(2186, '2018-01-30', '6738', 17, 18, '70.00', 25, 11, 2, 1, 28, ''),
(2187, '2018-01-30', '5971', 17, 18, '70.00', 7, 11, 2, 1, 28, ''),
(2188, '2018-01-30', '5970', 17, 18, '70.00', 7, 11, 2, 1, 28, ''),
(2189, '2018-01-30', '6587', 17, 18, '70.00', 10, 11, 2, 1, 28, ''),
(2190, '2018-01-30', '6456', 17, 18, '70.00', 17, 11, 2, 1, 28, ''),
(2191, '2018-06-23', '0371', 17, 18, '70.00', 25, 11, 2, 1, 28, ''),
(2192, '2018-06-23', '0396', 17, 17, '70.00', 6, 11, 2, 1, 28, ''),
(2193, '2018-06-23', '0375', 17, 17, '70.00', 28, 11, 2, 1, 28, ''),
(2194, '2017-11-24', '0125', 17, 17, '70.00', 6, 11, 2, 1, 28, ''),
(2195, '2017-11-24', '0126', 17, 17, '70.00', 27, 11, 2, 1, 28, ''),
(2196, '2018-06-23', '0363', 17, 17, '70.00', 6, 11, 2, 1, 28, ''),
(2197, '2018-06-23', '0395', 17, 17, '70.00', 6, 11, 2, 1, 28, ''),
(2198, '2018-07-31', '0659', 17, 17, '70.00', 4, 11, 2, 1, 28, ''),
(2199, '2017-11-28', '0239', 17, 17, '70.00', 25, 11, 2, 1, 28, ''),
(2200, '2018-06-23', '0369', 17, 17, '70.00', 25, 11, 2, 1, 28, ''),
(2201, '2018-06-23', '0372', 17, 17, '70.00', 1, 11, 2, 1, 28, ''),
(2202, '2018-07-31', '0664', 17, 17, '70.00', 6, 11, 2, 1, 28, ''),
(2203, '2017-11-28', '0246', 17, 17, '70.00', 27, 11, 2, 1, 28, ''),
(2204, '2017-11-28', '0241', 17, 17, '70.00', 10, 11, 2, 1, 28, ''),
(2205, '2018-07-31', '0661', 17, 17, '70.00', 28, 11, 2, 1, 28, ''),
(2206, '2017-11-28', '0238', 17, 17, '70.00', 12, 11, 2, 1, 28, ''),
(2207, '2017-11-28', '0240', 17, 17, '70.00', 25, 11, 2, 1, 28, ''),
(2208, '2019-04-04', '5587', 3, 1, '250.00', 1, 1, 4, 1, 30, ''),
(2209, '2019-02-28', '5550', 3, 1, '250.00', 1, 1, 4, 1, 30, ''),
(2210, '2018-10-29', '5179', 2, 1, '250.00', 2, 1, 4, 1, 30, ''),
(2211, '2018-10-29', '5178', 2, 1, '250.00', 2, 1, 4, 1, 30, ''),
(2212, '2018-10-29', '5099', 2, 1, '250.00', 1, 1, 4, 1, 30, ''),
(2213, '2018-10-29', '5101', 2, 1, '250.00', 1, 1, 4, 1, 30, ''),
(2214, '2017-07-22', '4272', 2, 2, '250.00', 14, 1, 4, 1, 30, ''),
(2215, '2017-07-22', '4277', 1, 2, '250.00', 14, 1, 4, 1, 30, ''),
(2216, '2017-07-22', '4366', 5, 2, '250.00', 14, 1, 4, 1, 30, ''),
(2217, '2017-07-22', '5305', 5, 2, '250.00', 3, 1, 4, 1, 30, ''),
(2218, '2018-11-27', '5262', 2, 2, '250.00', 3, 1, 4, 1, 30, ''),
(2219, '2018-11-27', '5267', 2, 2, '250.00', 3, 1, 4, 1, 30, ''),
(2220, '2018-11-27', '5261', 2, 2, '250.00', 3, 1, 4, 1, 30, ''),
(2221, '2018-11-27', '5320', 4, 2, '250.00', 3, 1, 4, 1, 30, ''),
(2222, '2019-04-04', '5588', 3, 2, '250.00', 3, 1, 4, 1, 30, ''),
(2223, '2019-04-04', '5589', 4, 2, '250.00', 3, 1, 4, 1, 30, ''),
(2224, '2019-04-04', '5586', 2, 2, '250.00', 3, 1, 4, 1, 30, ''),
(2225, '2017-11-30', '4615', 2, 2, '250.00', 7, 1, 4, 1, 30, ''),
(2226, '2017-11-30', '4616', 2, 2, '250.00', 7, 1, 4, 1, 30, ''),
(2227, '2018-11-27', '5322', 4, 2, '250.00', 3, 1, 4, 1, 30, ''),
(2228, '2018-11-27', '5323', 4, 2, '250.00', 3, 1, 4, 1, 30, ''),
(2229, '2018-11-27', '5324', 4, 2, '250.00', 3, 1, 4, 1, 30, ''),
(2230, '0008-02-01', '5314', 3, 2, '250.00', 3, 1, 4, 1, 30, ''),
(2231, '2018-11-27', '5282', 1, 2, '250.00', 3, 1, 4, 1, 30, ''),
(2232, '2018-11-27', '5260', 2, 2, '250.00', 3, 1, 4, 1, 30, ''),
(2233, '2018-11-27', '5264', 2, 2, '250.00', 3, 1, 4, 1, 30, ''),
(2234, '2018-11-27', '5313', 3, 2, '250.00', 3, 1, 4, 1, 30, ''),
(2235, '2018-11-27', '5310', 3, 2, '250.00', 3, 1, 4, 1, 30, ''),
(2236, '2018-11-27', '5309', 3, 2, '250.00', 3, 1, 4, 1, 30, ''),
(2237, '2018-11-27', '5308', 3, 2, '250.00', 3, 1, 4, 1, 30, ''),
(2238, '2018-11-27', '5265', 2, 2, '250.00', 3, 1, 4, 1, 30, ''),
(2239, '2018-11-27', '5270', 2, 2, '250.00', 3, 1, 4, 1, 30, ''),
(2240, '2018-11-27', '5266', 2, 2, '250.00', 3, 1, 4, 1, 30, ''),
(2241, '2018-11-27', '5269', 2, 2, '250.00', 3, 1, 4, 1, 30, ''),
(2242, '2018-11-27', '5268', 2, 2, '250.00', 3, 1, 4, 1, 30, ''),
(2243, '2018-07-04', '4971', 2, 2, '250.00', 8, 1, 4, 1, 31, ''),
(2244, '2018-07-04', '4969', 2, 2, '250.00', 8, 1, 4, 1, 31, ''),
(2245, '2018-07-04', '4989', 2, 2, '250.00', 8, 1, 4, 1, 31, ''),
(2246, '2018-07-04', '4991', 2, 2, '250.00', 8, 1, 4, 1, 31, ''),
(2247, '2018-07-04', '4998', 3, 2, '250.00', 8, 1, 4, 1, 31, ''),
(2248, '2018-07-04', '4980', 2, 2, '250.00', 8, 1, 4, 1, 31, ''),
(2249, '2018-07-04', '4997', 3, 2, '250.00', 8, 1, 4, 1, 31, ''),
(2250, '2018-07-04', '5068', 3, 2, '250.00', 8, 1, 4, 1, 31, ''),
(2251, '2018-07-04', '4981', 2, 2, '250.00', 8, 1, 4, 1, 31, ''),
(2252, '2018-07-04', '4990', 2, 2, '250.00', 8, 1, 4, 1, 31, ''),
(2253, '2018-07-04', '5063', 2, 2, '250.00', 8, 1, 4, 1, 31, ''),
(2254, '2018-07-04', '4993', 2, 2, '250.00', 8, 1, 4, 1, 31, ''),
(2255, '2018-07-04', '4966', 2, 2, '250.00', 8, 1, 4, 1, 31, ''),
(2256, '2018-07-04', '4967', 2, 2, '250.00', 8, 1, 4, 1, 31, ''),
(2257, '2018-07-04', '4968', 2, 2, '250.00', 8, 1, 4, 1, 31, ''),
(2258, '2018-07-04', '4965', 2, 2, '250.00', 8, 1, 4, 1, 31, ''),
(2259, '2018-07-04', '4970', 2, 2, '250.00', 8, 1, 4, 1, 31, ''),
(2260, '2018-07-04', '5025', 2, 2, '200.00', 17, 1, 4, 1, 31, ''),
(2261, '2018-07-04', '5026', 2, 2, '200.00', 17, 1, 4, 1, 31, ''),
(2262, '2018-07-04', '5053', 5, 2, '200.00', 17, 1, 4, 1, 31, ''),
(2263, '2018-07-04', '5049', 5, 2, '200.00', 17, 1, 4, 1, 31, ''),
(2264, '2018-07-04', '5052', 5, 2, '200.00', 17, 1, 4, 1, 31, ''),
(2265, '2017-09-15', '1399', 19, 13, '350.00', 6, 3, 4, 1, 29, ''),
(2266, '2017-08-15', '1371', 19, 13, '350.00', 6, 3, 4, 1, 29, ''),
(2267, '2018-04-13', '1434', 19, 20, '350.00', 27, 3, 4, 1, 29, ''),
(2268, '0000-00-00', '9036', 10, 15, '1600.00', 6, 2, 3, 0, 33, ''),
(2269, '2019-04-25', '1502', 11, 12, '1200.00', 27, 4, 2, 1, 32, ''),
(2270, '2019-04-25', '1503', 10, 12, '1200.00', 6, 4, 3, 1, 32, ''),
(2271, '2019-03-07', '1660', 19, 20, '350.00', 27, 3, 1, 1, 2, ''),
(2272, '2019-03-07', '1661', 20, 20, '350.00', 27, 3, 1, 1, 2, ''),
(2273, '2019-03-07', '1662', 15, 20, '350.00', 27, 3, 1, 1, 2, ''),
(2274, '2019-03-07', '1663', 10, 20, '350.00', 27, 3, 1, 1, 2, ''),
(2275, '2019-03-07', '1664', 19, 20, '350.00', 27, 3, 1, 1, 2, ''),
(2276, '2019-03-07', '1665', 20, 20, '350.00', 27, 3, 1, 1, 2, ''),
(2277, '2019-03-07', '1666', 15, 20, '350.00', 27, 3, 1, 1, 2, ''),
(2278, '2019-03-07', '1667', 10, 20, '350.00', 27, 3, 1, 1, 2, ''),
(2279, '2019-03-07', '1668', 19, 20, '350.00', 27, 3, 1, 1, 2, ''),
(2280, '2019-03-07', '1669', 20, 20, '350.00', 27, 3, 1, 1, 2, ''),
(2281, '2019-03-07', '1670', 10, 20, '350.00', 27, 3, 1, 1, 2, ''),
(2282, '2019-04-25', '9036', 11, 15, '1600.00', 6, 2, 2, 1, 17, ''),
(2283, '2019-03-11', '8943', 11, 13, '1600.00', 6, 2, 4, 1, 20, ''),
(2284, '2019-03-11', '8942', 11, 13, '1600.00', 6, 2, 4, 1, 20, ''),
(2285, '2019-03-11', '8941', 11, 13, '1600.00', 6, 2, 4, 1, 20, ''),
(2286, '2019-03-21', '8958', 11, 13, '1600.00', 26, 2, 4, 1, 20, ''),
(2287, '2019-03-21', '8961', 11, 13, '1600.00', 26, 2, 4, 1, 20, ''),
(2288, '2019-03-21', '8940', 11, 13, '1600.00', 26, 2, 4, 1, 20, ''),
(2289, '2019-03-21', '8939', 11, 13, '1600.00', 26, 2, 4, 1, 20, ''),
(2290, '2019-03-21', '8938', 11, 13, '1600.00', 26, 2, 4, 1, 20, ''),
(2291, '2019-03-21', '8937', 11, 13, '1600.00', 26, 2, 4, 1, 20, ''),
(2292, '2019-03-21', '8957', 11, 13, '1600.00', 27, 2, 4, 1, 20, ''),
(2293, '2019-03-21', '8976', 11, 13, '1600.00', 27, 2, 4, 1, 20, ''),
(2294, '2019-02-18', '8933', 11, 13, '1600.00', 6, 2, 4, 1, 20, ''),
(2295, '2019-02-18', '8932', 11, 13, '1600.00', 6, 2, 4, 1, 20, ''),
(2296, '2019-03-21', '8962', 10, 13, '1600.00', 26, 2, 4, 1, 20, ''),
(2297, '2019-03-21', '8965', 10, 13, '1600.00', 26, 2, 4, 1, 20, ''),
(2298, '2019-03-21', '8966', 10, 13, '1600.00', 26, 2, 4, 1, 20, ''),
(2299, '2018-12-13', '8878', 12, 13, '1600.00', 6, 2, 4, 1, 20, ''),
(2300, '2018-11-12', '8571', 11, 13, '1600.00', 7, 2, 4, 1, 20, ''),
(2301, '2018-11-12', '8572', 11, 13, '1600.00', 7, 2, 4, 1, 20, ''),
(2302, '2018-11-12', '8597', 11, 13, '1600.00', 7, 2, 4, 1, 20, ''),
(2303, '2019-03-21', '8970', 10, 13, '1600.00', 6, 2, 4, 1, 20, ''),
(2304, '2019-03-21', '8968', 10, 13, '1600.00', 27, 2, 4, 1, 20, ''),
(2305, '2019-02-18', '8921', 9, 13, '1600.00', 6, 2, 4, 1, 20, ''),
(2306, '2019-02-18', '8920', 9, 13, '1600.00', 6, 2, 4, 1, 20, ''),
(2307, '2019-02-18', '8924', 9, 13, '1600.00', 26, 2, 4, 1, 20, ''),
(2308, '2019-02-18', '8926', 9, 13, '1600.00', 26, 2, 4, 1, 20, ''),
(2309, '2019-02-18', '8565', 12, 13, '1600.00', 7, 2, 4, 1, 20, ''),
(2310, '2019-02-18', '8564', 12, 13, '1600.00', 7, 2, 4, 1, 20, ''),
(2311, '2019-02-18', '8567', 12, 13, '1600.00', 7, 2, 4, 1, 20, ''),
(2312, '2019-02-18', '8568', 12, 13, '1600.00', 7, 2, 4, 1, 20, ''),
(2313, '2017-11-28', '7924', 12, 12, '1600.00', 25, 2, 4, 1, 20, '');
INSERT INTO `productos` (`idproducto`, `fechaCod`, `codigo`, `idtalla`, `idtela`, `precio`, `idcolor`, `idcategoria`, `idsucursal`, `estado`, `lote`, `descripcion`) VALUES
(2314, '2017-11-28', '7928', 12, 12, '1600.00', 25, 2, 4, 1, 20, ''),
(2315, '2017-11-28', '7929', 12, 12, '1600.00', 25, 2, 4, 1, 20, ''),
(2316, '2017-11-28', '7930', 12, 12, '1600.00', 25, 2, 4, 1, 20, ''),
(2317, '2017-11-28', '7927', 12, 12, '1600.00', 25, 2, 4, 1, 20, ''),
(2318, '2019-02-18', '8971', 10, 13, '1600.00', 6, 2, 1, 1, 20, ''),
(2319, '2019-02-18', '8963', 10, 13, '1600.00', 26, 2, 1, 1, 20, ''),
(2320, '2019-02-18', '8877', 12, 13, '1600.00', 6, 2, 1, 1, 20, ''),
(2321, '2019-02-18', '8863', 12, 13, '1600.00', 26, 2, 1, 1, 20, ''),
(2322, '2017-12-28', '8046', 12, 13, '1600.00', 6, 2, 4, 1, 20, ''),
(2323, '2017-12-28', '8045', 12, 13, '1600.00', 6, 2, 4, 1, 20, ''),
(2324, '2018-02-26', '8086', 12, 13, '1600.00', 6, 2, 4, 1, 20, ''),
(2325, '2018-03-28', '8125', 11, 13, '1600.00', 25, 2, 4, 1, 20, ''),
(2326, '2018-03-28', '8126', 11, 13, '1600.00', 25, 2, 4, 1, 20, ''),
(2327, '2018-03-28', '8127', 11, 13, '1600.00', 25, 2, 4, 1, 20, ''),
(2328, '2018-03-28', '8129', 11, 13, '1600.00', 25, 2, 4, 1, 20, ''),
(2329, '2018-03-28', '8130', 11, 13, '1600.00', 25, 2, 4, 1, 20, ''),
(2330, '2018-03-28', '8131', 11, 13, '1600.00', 25, 2, 4, 1, 20, ''),
(2331, '2018-06-11', '8505', 9, 8, '1600.00', 6, 2, 4, 1, 20, ''),
(2332, '2018-06-11', '8506', 9, 8, '1600.00', 6, 2, 4, 1, 20, ''),
(2333, '2018-06-11', '8449', 15, 8, '1600.00', 25, 2, 4, 1, 20, ''),
(2334, '2018-06-11', '8448', 15, 8, '1600.00', 25, 2, 4, 1, 20, ''),
(2335, '2018-06-11', '8454', 9, 8, '1600.00', 25, 2, 4, 1, 20, ''),
(2336, '2018-06-11', '8455', 9, 8, '1600.00', 25, 2, 4, 1, 20, ''),
(2337, '2018-06-11', '8439', 11, 8, '1600.00', 25, 2, 4, 1, 20, ''),
(2338, '2018-06-11', '8440', 11, 8, '1600.00', 25, 2, 4, 1, 20, ''),
(2339, '2018-06-11', '8411', 12, 8, '1600.00', 6, 2, 4, 1, 20, ''),
(2340, '2018-06-11', '8385', 12, 8, '1600.00', 6, 2, 4, 1, 20, ''),
(2341, '2018-06-11', '8410', 12, 8, '1600.00', 6, 2, 4, 1, 20, ''),
(2342, '2018-06-11', '8412', 12, 8, '1600.00', 6, 2, 4, 1, 20, ''),
(2343, '2018-06-11', '8518', 12, 8, '1600.00', 6, 2, 4, 1, 20, ''),
(2344, '2018-06-11', '8525', 12, 8, '1600.00', 6, 2, 4, 1, 20, ''),
(2345, '2018-06-11', '8519', 12, 8, '1600.00', 6, 2, 4, 1, 20, ''),
(2346, '2018-06-11', '8524', 12, 8, '1600.00', 6, 2, 4, 1, 20, ''),
(2347, '2019-02-07', '8907', 12, 13, '1600.00', 6, 2, 4, 1, 17, ''),
(2348, '2019-02-07', '8909', 12, 13, '1600.00', 6, 2, 4, 1, 17, ''),
(2349, '2019-02-07', '8911', 12, 13, '1600.00', 6, 2, 4, 1, 17, ''),
(2350, '2019-02-07', '8912', 12, 13, '1600.00', 6, 2, 4, 1, 17, ''),
(2351, '2019-02-07', '8905', 12, 13, '1600.00', 6, 2, 4, 1, 17, ''),
(2352, '2018-08-21', '8142', 11, 13, '1600.00', 6, 2, 4, 1, 17, ''),
(2353, '2018-08-21', '8139', 11, 13, '1600.00', 6, 2, 4, 1, 17, ''),
(2354, '2018-08-21', '8137', 11, 13, '1600.00', 6, 2, 4, 1, 17, ''),
(2355, '2018-08-21', '8136', 11, 13, '1600.00', 6, 2, 4, 1, 17, ''),
(2356, '2017-04-12', '8006', 13, 12, '1600.00', 7, 2, 4, 1, 17, ''),
(2357, '2017-04-12', '8007', 13, 12, '1600.00', 7, 2, 4, 1, 17, ''),
(2358, '2018-02-23', '8070', 10, 13, '1600.00', 7, 2, 4, 1, 17, ''),
(2359, '2018-02-23', '8071', 10, 13, '1600.00', 7, 2, 1, 1, 17, ''),
(2360, '2018-02-23', '8073', 10, 13, '1600.00', 7, 2, 4, 1, 17, ''),
(2361, '2018-02-26', '8084', 12, 13, '1600.00', 6, 2, 4, 1, 17, ''),
(2362, '2018-02-26', '8041', 12, 13, '1600.00', 6, 2, 4, 1, 17, ''),
(2363, '2018-01-15', '8052', 12, 12, '1600.00', 7, 2, 4, 1, 17, ''),
(2364, '2017-12-28', '8036', 12, 12, '1600.00', 7, 2, 4, 1, 17, ''),
(2365, '2017-12-28', '8033', 12, 12, '1600.00', 7, 2, 4, 1, 17, ''),
(2366, '2017-12-28', '8034', 12, 12, '1600.00', 7, 2, 4, 1, 17, ''),
(2367, '2017-12-28', '8133', 11, 12, '1600.00', 7, 2, 4, 1, 17, ''),
(2368, '2017-12-28', '8134', 11, 12, '1600.00', 7, 2, 4, 1, 17, ''),
(2369, '2017-12-28', '7937', 11, 12, '1600.00', 7, 2, 4, 1, 17, ''),
(2370, '2017-12-28', '8039', 12, 12, '1600.00', 7, 2, 4, 1, 17, ''),
(2371, '2019-05-02', '12345', 9, 1, '2999.00', 1, 1, 4, 1, 34, ''),
(2372, '2019-05-02', '12346', 9, 1, '2999.00', 1, 1, 4, 1, 34, ''),
(2373, '2019-05-02', '12347', 9, 1, '2999.00', 1, 1, 4, 1, 34, ''),
(2374, '2019-05-02', '12348', 9, 1, '2999.00', 1, 1, 4, 1, 34, ''),
(2375, '2017-11-27', '380', 17, 19, '70.00', 6, 11, 1, 1, 28, ''),
(2376, '2017-11-27', '68', 17, 19, '70.00', 25, 11, 1, 1, 28, ''),
(2377, '2017-11-27', '124', 17, 19, '70.00', 27, 11, 1, 1, 28, ''),
(2378, '2017-11-27', '671', 17, 19, '70.00', 6, 11, 1, 1, 28, ''),
(2379, '2017-11-27', '382', 17, 19, '70.00', 6, 11, 1, 1, 28, ''),
(2380, '2017-11-27', '392', 17, 19, '70.00', 6, 11, 1, 1, 28, ''),
(2381, '2017-11-27', '666', 17, 19, '70.00', 6, 11, 1, 1, 28, ''),
(2382, '2017-11-27', '662', 17, 19, '70.00', 6, 11, 1, 1, 28, ''),
(2383, '2017-11-27', '368', 17, 19, '70.00', 25, 11, 1, 1, 28, ''),
(2384, '2017-11-27', '376', 17, 19, '70.00', 25, 11, 1, 1, 28, ''),
(2385, '2017-11-27', '364', 17, 19, '70.00', 6, 11, 1, 1, 28, ''),
(2386, '2017-11-27', '76', 17, 19, '70.00', 25, 11, 1, 1, 28, ''),
(2387, '2017-11-27', '379', 17, 19, '70.00', 28, 11, 1, 1, 28, ''),
(2388, '2017-11-27', '6457', 17, 19, '70.00', 17, 11, 1, 1, 28, ''),
(2389, '2017-11-27', '6588', 17, 19, '70.00', 17, 11, 1, 1, 28, ''),
(2390, '2017-11-27', '6464', 17, 19, '70.00', 5, 11, 1, 1, 28, ''),
(2391, '2017-11-27', '6425', 17, 19, '70.00', 5, 11, 1, 1, 28, ''),
(2392, '2017-11-27', '5974', 17, 19, '70.00', 23, 11, 1, 1, 28, ''),
(2393, '2017-11-27', '6482', 17, 19, '70.00', 7, 11, 1, 1, 28, ''),
(2394, '2017-11-27', '159', 17, 19, '70.00', 7, 11, 1, 1, 28, ''),
(2395, '2017-11-27', '160', 17, 19, '70.00', 7, 11, 1, 1, 28, ''),
(2396, '2017-11-27', '6467', 17, 19, '70.00', 25, 11, 1, 1, 28, ''),
(2397, '2017-11-27', '6706', 17, 19, '70.00', 25, 11, 1, 1, 28, ''),
(2398, '2017-11-27', '6455', 17, 19, '70.00', 14, 11, 1, 1, 28, ''),
(2399, '2017-11-27', '32', 17, 19, '70.00', 10, 11, 1, 1, 28, ''),
(2400, '2017-11-27', '32', 17, 19, '70.00', 10, 1, 1, 0, 28, '');

-- --------------------------------------------------------

--
-- Estructura de tabla para la tabla `sucursales`
--

CREATE TABLE `sucursales` (
  `idsucursales` int(11) NOT NULL,
  `nombre` varchar(50) CHARACTER SET latin1 NOT NULL,
  `direccion` varchar(150) CHARACTER SET latin1 NOT NULL,
  `condicion` int(11) NOT NULL
) ENGINE=InnoDB DEFAULT CHARSET=utf8 COLLATE=utf8_spanish_ci;

--
-- Volcado de datos para la tabla `sucursales`
--

INSERT INTO `sucursales` (`idsucursales`, `nombre`, `direccion`, `condicion`) VALUES
(1, 'Zona Sur', 'San miguel', 1),
(2, 'Central', 'Av Arce Edif. Villa Elena 2071', 1),
(3, 'Genaro Sanjinez', 'G Sanjinez entre Potosi y Comercio', 1),
(4, 'Deposito', 'Av Arce Edif. Villa Elena 2071', 1);

-- --------------------------------------------------------

--
-- Estructura de tabla para la tabla `tallas`
--

CREATE TABLE `tallas` (
  `idtalla` int(11) NOT NULL,
  `nombre` varchar(50) COLLATE utf8_spanish_ci NOT NULL,
  `estado` int(11) NOT NULL
) ENGINE=InnoDB DEFAULT CHARSET=utf8 COLLATE=utf8_spanish_ci;

--
-- Volcado de datos para la tabla `tallas`
--

INSERT INTO `tallas` (`idtalla`, `nombre`, `estado`) VALUES
(1, '15', 1),
(2, '15.5', 1),
(3, '16', 1),
(4, '16.5', 1),
(5, '17', 1),
(6, '17.5', 1),
(7, 'sin nombre recuperado', 0),
(8, 'talla prueba', 0),
(9, '50', 1),
(10, '52', 1),
(11, '54', 1),
(12, '56', 1),
(13, '58', 1),
(14, '60', 1),
(15, '48', 1),
(16, '36/38', 1),
(17, 'cero', 1),
(18, '64', 1),
(19, '44', 1),
(20, '46', 1),
(21, 'Sin talla', 1);

-- --------------------------------------------------------

--
-- Estructura de tabla para la tabla `telas`
--

CREATE TABLE `telas` (
  `idtela` int(11) NOT NULL,
  `nombre` varchar(50) CHARACTER SET latin1 NOT NULL,
  `descripcion` varchar(150) CHARACTER SET latin1 NOT NULL,
  `condicion` int(11) NOT NULL
) ENGINE=InnoDB DEFAULT CHARSET=utf8 COLLATE=utf8_spanish_ci;

--
-- Volcado de datos para la tabla `telas`
--

INSERT INTO `telas` (`idtela`, `nombre`, `descripcion`, `condicion`) VALUES
(1, 'Creditex', '', 1),
(2, 'TXC', '', 1),
(3, 'tela 100% real', '', 0),
(8, 'TXT 100%', '', 1),
(9, 'TXT PV', '', 1),
(10, 'TXT PVL', '', 1),
(11, 'Lana Algodon', '', 1),
(12, 'Lana 100% Sillerico', '', 1),
(13, 'Francelana', '', 1),
(14, 'PV CBBA', '', 1),
(15, 'Barrington', '', 1),
(16, 'Pano', '', 1),
(17, 'Corbata Colom', '', 1),
(18, 'Corbatas', '', 1),
(19, 'NA', '', 1),
(20, 'Cardif', '', 1),
(21, 'Sin tela', '', 1);

-- --------------------------------------------------------

--
-- Estructura de tabla para la tabla `ventas`
--

CREATE TABLE `ventas` (
  `id` int(11) NOT NULL,
  `fechaVenta` date NOT NULL,
  `tipoDoc` int(11) NOT NULL,
  `numDoc` int(11) NOT NULL,
  `docHistorial` varchar(100) COLLATE utf8_spanish_ci NOT NULL,
  `cliente` varchar(50) COLLATE utf8_spanish_ci NOT NULL,
  `idproducto` int(11) NOT NULL,
  `costoVenta` decimal(11,0) NOT NULL,
  `saldo` decimal(11,0) NOT NULL,
  `ingreso` decimal(11,0) NOT NULL,
  `estado` int(11) NOT NULL
) ENGINE=InnoDB DEFAULT CHARSET=utf8 COLLATE=utf8_spanish_ci;

--
-- Volcado de datos para la tabla `ventas`
--

INSERT INTO `ventas` (`id`, `fechaVenta`, `tipoDoc`, `numDoc`, `docHistorial`, `cliente`, `idproducto`, `costoVenta`, `saldo`, `ingreso`, `estado`) VALUES
(1, '2019-04-26', 1, 1306, '', 'Alvaro Soruco', 1663, '1080', '0', '1080', 1),
(2, '2019-04-06', 1, 1323, '', 'Miguel araujo', 2085, '1450', '0', '1450', 1),
(3, '2019-04-08', 1, 1330, '', 'pablo rusell arce', 2151, '600', '0', '600', 1),
(4, '2019-04-08', 1, 1330, '', 'pablo rusell arce', 1971, '150', '0', '150', 1);

-- --------------------------------------------------------

--
-- Estructura de tabla para la tabla `ventasaldo`
--

CREATE TABLE `ventasaldo` (
  `id` int(11) NOT NULL,
  `idventa` int(11) NOT NULL,
  `ingreso` decimal(11,0) NOT NULL,
  `fecha` date NOT NULL,
  `tipoDoc` int(11) NOT NULL,
  `numDoc` int(11) NOT NULL,
  `estado` int(11) NOT NULL
) ENGINE=InnoDB DEFAULT CHARSET=utf8 COLLATE=utf8_spanish_ci;

--
-- Volcado de datos para la tabla `ventasaldo`
--

INSERT INTO `ventasaldo` (`id`, `idventa`, `ingreso`, `fecha`, `tipoDoc`, `numDoc`, `estado`) VALUES
(1, 1, '170', '2019-04-26', 1, 1306, 2),
(2, 1, '910', '2019-05-02', 1, 1317, 2);

--
-- 칈ndices para tablas volcadas
--

--
-- Indices de la tabla `categorias`
--
ALTER TABLE `categorias`
  ADD PRIMARY KEY (`idcategoria`),
  ADD UNIQUE KEY `nombre` (`nombre`);

--
-- Indices de la tabla `color`
--
ALTER TABLE `color`
  ADD PRIMARY KEY (`idcolor`);

--
-- Indices de la tabla `descuentos_Sinuso_26.04.2019`
--
ALTER TABLE `descuentos_Sinuso_26.04.2019`
  ADD PRIMARY KEY (`id`),
  ADD UNIQUE KEY `lote` (`lote`);

--
-- Indices de la tabla `lote`
--
ALTER TABLE `lote`
  ADD PRIMARY KEY (`id`),
  ADD UNIQUE KEY `lote` (`lote`);

--
-- Indices de la tabla `movimientos`
--
ALTER TABLE `movimientos`
  ADD PRIMARY KEY (`idmovimiento`),
  ADD KEY `idproducto` (`idproducto`),
  ADD KEY `idSucOrigen` (`idSucOrigen`),
  ADD KEY `idSucDestino` (`idSucDestino`);

--
-- Indices de la tabla `productos`
--
ALTER TABLE `productos`
  ADD PRIMARY KEY (`idproducto`),
  ADD KEY `idcategoria` (`idcategoria`),
  ADD KEY `idtela` (`idtela`),
  ADD KEY `idsucursal` (`idsucursal`),
  ADD KEY `idcolor` (`idcolor`),
  ADD KEY `productos_ibfk_4` (`idtalla`),
  ADD KEY `lote` (`lote`);

--
-- Indices de la tabla `sucursales`
--
ALTER TABLE `sucursales`
  ADD PRIMARY KEY (`idsucursales`);

--
-- Indices de la tabla `tallas`
--
ALTER TABLE `tallas`
  ADD PRIMARY KEY (`idtalla`);

--
-- Indices de la tabla `telas`
--
ALTER TABLE `telas`
  ADD PRIMARY KEY (`idtela`),
  ADD UNIQUE KEY `nombre` (`nombre`);

--
-- Indices de la tabla `ventas`
--
ALTER TABLE `ventas`
  ADD PRIMARY KEY (`id`),
  ADD UNIQUE KEY `idproducto` (`idproducto`);

--
-- Indices de la tabla `ventasaldo`
--
ALTER TABLE `ventasaldo`
  ADD PRIMARY KEY (`id`),
  ADD KEY `idventa` (`idventa`);

--
-- AUTO_INCREMENT de las tablas volcadas
--

--
-- AUTO_INCREMENT de la tabla `categorias`
--
ALTER TABLE `categorias`
  MODIFY `idcategoria` int(11) NOT NULL AUTO_INCREMENT, AUTO_INCREMENT=16;

--
-- AUTO_INCREMENT de la tabla `color`
--
ALTER TABLE `color`
  MODIFY `idcolor` int(11) NOT NULL AUTO_INCREMENT, AUTO_INCREMENT=30;

--
-- AUTO_INCREMENT de la tabla `descuentos_Sinuso_26.04.2019`
--
ALTER TABLE `descuentos_Sinuso_26.04.2019`
  MODIFY `id` int(11) NOT NULL AUTO_INCREMENT, AUTO_INCREMENT=13;

--
-- AUTO_INCREMENT de la tabla `lote`
--
ALTER TABLE `lote`
  MODIFY `id` int(11) NOT NULL AUTO_INCREMENT, AUTO_INCREMENT=38;

--
-- AUTO_INCREMENT de la tabla `movimientos`
--
ALTER TABLE `movimientos`
  MODIFY `idmovimiento` int(11) NOT NULL AUTO_INCREMENT, AUTO_INCREMENT=12;

--
-- AUTO_INCREMENT de la tabla `productos`
--
ALTER TABLE `productos`
  MODIFY `idproducto` int(11) NOT NULL AUTO_INCREMENT, AUTO_INCREMENT=2401;

--
-- AUTO_INCREMENT de la tabla `sucursales`
--
ALTER TABLE `sucursales`
  MODIFY `idsucursales` int(11) NOT NULL AUTO_INCREMENT, AUTO_INCREMENT=5;

--
-- AUTO_INCREMENT de la tabla `tallas`
--
ALTER TABLE `tallas`
  MODIFY `idtalla` int(11) NOT NULL AUTO_INCREMENT, AUTO_INCREMENT=22;

--
-- AUTO_INCREMENT de la tabla `telas`
--
ALTER TABLE `telas`
  MODIFY `idtela` int(11) NOT NULL AUTO_INCREMENT, AUTO_INCREMENT=26;

--
-- AUTO_INCREMENT de la tabla `ventas`
--
ALTER TABLE `ventas`
  MODIFY `id` int(11) NOT NULL AUTO_INCREMENT, AUTO_INCREMENT=7;

--
-- AUTO_INCREMENT de la tabla `ventasaldo`
--
ALTER TABLE `ventasaldo`
  MODIFY `id` int(11) NOT NULL AUTO_INCREMENT, AUTO_INCREMENT=3;

--
-- Restricciones para tablas volcadas
--

--
-- Filtros para la tabla `movimientos`
--
ALTER TABLE `movimientos`
  ADD CONSTRAINT `movimientos_ibfk_1` FOREIGN KEY (`idproducto`) REFERENCES `productos` (`idproducto`),
  ADD CONSTRAINT `movimientos_ibfk_2` FOREIGN KEY (`idSucOrigen`) REFERENCES `sucursales` (`idsucursales`),
  ADD CONSTRAINT `movimientos_ibfk_3` FOREIGN KEY (`idSucDestino`) REFERENCES `sucursales` (`idsucursales`);

--
-- Filtros para la tabla `productos`
--
ALTER TABLE `productos`
  ADD CONSTRAINT `productos_ibfk_1` FOREIGN KEY (`idcategoria`) REFERENCES `categorias` (`idcategoria`),
  ADD CONSTRAINT `productos_ibfk_2` FOREIGN KEY (`idtela`) REFERENCES `telas` (`idtela`),
  ADD CONSTRAINT `productos_ibfk_3` FOREIGN KEY (`idsucursal`) REFERENCES `sucursales` (`idsucursales`),
  ADD CONSTRAINT `productos_ibfk_4` FOREIGN KEY (`idtalla`) REFERENCES `tallas` (`idtalla`),
  ADD CONSTRAINT `productos_ibfk_5` FOREIGN KEY (`idcolor`) REFERENCES `color` (`idcolor`),
  ADD CONSTRAINT `productos_ibfk_6` FOREIGN KEY (`lote`) REFERENCES `lote` (`id`);

--
-- Filtros para la tabla `ventas`
--
ALTER TABLE `ventas`
  ADD CONSTRAINT `ventas_ibfk_1` FOREIGN KEY (`idproducto`) REFERENCES `productos` (`idproducto`);

--
-- Filtros para la tabla `ventasaldo`
--
ALTER TABLE `ventasaldo`
  ADD CONSTRAINT `ventasaldo_ibfk_1` FOREIGN KEY (`idventa`) REFERENCES `ventas` (`id`);
COMMIT;

/*!40101 SET CHARACTER_SET_CLIENT=@OLD_CHARACTER_SET_CLIENT */;
/*!40101 SET CHARACTER_SET_RESULTS=@OLD_CHARACTER_SET_RESULTS */;
/*!40101 SET COLLATION_CONNECTION=@OLD_COLLATION_CONNECTION */;
